2025-12-15 14:01:31,834 INFO  Logger.cs: 70 - 
--------------------------------------------------------------------------------
2025-12-15 14:01:31,851 INFO  Logger.cs: 71 - Logging commencing for SW2URDF exporter
2025-12-15 14:01:31,852 INFO  Logger.cs: 73 - Commit version 1.6.0-4-g7f85cfe
2025-12-15 14:01:31,853 INFO  Logger.cs: 74 - Build version 1.6.7995.38578
2025-12-15 14:01:31,854 INFO  SwAddin.cs: 192 - Attempting to connect to SW
2025-12-15 14:01:31,855 INFO  SwAddin.cs: 197 - Setting up callbacks
2025-12-15 14:01:31,856 INFO  SwAddin.cs: 201 - Setting up command manager
2025-12-15 14:01:31,856 INFO  SwAddin.cs: 204 - Adding command manager
2025-12-15 14:01:31,859 INFO  SwAddin.cs: 263 - Adding Assembly export to file menu
2025-12-15 14:01:31,860 INFO  SwAddin.cs: 272 - Adding Part export to file menu
2025-12-15 14:01:31,861 INFO  SwAddin.cs: 210 - Adding event handlers
2025-12-15 14:01:31,863 INFO  SwAddin.cs: 217 - Connecting plugin to SolidWorks
2025-12-15 14:05:45,157 INFO  SwAddin.cs: 294 - Assembly export called for file robotic arm mine.STEP.SLDASM
2025-12-15 14:05:45,162 INFO  SwAddin.cs: 299 - Save is required
2025-12-15 14:05:45,163 INFO  SwAddin.cs: 313 - Saving assembly
2025-12-15 14:05:45,165 INFO  SwAddin.cs: 316 - Opening property manager
2025-12-15 14:05:45,186 INFO  ExportHelperExtension.cs: 1125 - Retrieving features of type [CoordSys] from robotic arm mine.STEP.SLDASM
2025-12-15 14:05:45,200 INFO  ExportHelperExtension.cs: 1136 - Found 71 in robotic arm mine.STEP.SLDASM
2025-12-15 14:05:45,202 INFO  ExportHelperExtension.cs: 1145 - Found 0 features of type [CoordSys] in robotic arm mine.STEP.SLDASM
2025-12-15 14:05:45,203 INFO  ExportHelperExtension.cs: 1148 - Proceeding through assembly components
2025-12-15 14:05:45,210 INFO  ExportHelperExtension.cs: 1160 - 48 components to check
2025-12-15 14:05:45,212 INFO  ExportHelperExtension.cs: 1125 - Retrieving features of type [CoordSys] from SHORT SIDE.STEP-2
2025-12-15 14:05:45,212 INFO  ExportHelperExtension.cs: 1136 - Found 40 in SHORT SIDE.STEP-2
2025-12-15 14:05:45,213 INFO  ExportHelperExtension.cs: 1145 - Found 0 features of type [CoordSys] in SHORT SIDE.STEP-2
2025-12-15 14:05:45,213 INFO  ExportHelperExtension.cs: 1125 - Retrieving features of type [CoordSys] from SHORT SIDE.STEP-1
2025-12-15 14:05:45,213 INFO  ExportHelperExtension.cs: 1136 - Found 40 in SHORT SIDE.STEP-1
2025-12-15 14:05:45,214 INFO  ExportHelperExtension.cs: 1145 - Found 0 features of type [CoordSys] in SHORT SIDE.STEP-1
2025-12-15 14:05:45,214 INFO  ExportHelperExtension.cs: 1125 - Retrieving features of type [CoordSys] from Carttt.STEP-1
2025-12-15 14:05:45,214 INFO  ExportHelperExtension.cs: 1136 - Found 40 in Carttt.STEP-1
2025-12-15 14:05:45,216 INFO  ExportHelperExtension.cs: 1145 - Found 0 features of type [CoordSys] in Carttt.STEP-1
2025-12-15 14:05:45,216 INFO  ExportHelperExtension.cs: 1125 - Retrieving features of type [CoordSys] from BIG SIDE.STEP-2
2025-12-15 14:05:45,243 INFO  ExportHelperExtension.cs: 1136 - Found 40 in BIG SIDE.STEP-2
2025-12-15 14:05:45,244 INFO  ExportHelperExtension.cs: 1145 - Found 0 features of type [CoordSys] in BIG SIDE.STEP-2
2025-12-15 14:05:45,244 INFO  ExportHelperExtension.cs: 1125 - Retrieving features of type [CoordSys] from BIG SIDE.STEP-1
2025-12-15 14:05:45,245 INFO  ExportHelperExtension.cs: 1136 - Found 40 in BIG SIDE.STEP-1
2025-12-15 14:05:45,245 INFO  ExportHelperExtension.cs: 1145 - Found 0 features of type [CoordSys] in BIG SIDE.STEP-1
2025-12-15 14:05:45,245 INFO  ExportHelperExtension.cs: 1125 - Retrieving features of type [CoordSys] from BIG SIDE.STEP-3
2025-12-15 14:05:45,246 INFO  ExportHelperExtension.cs: 1136 - Found 40 in BIG SIDE.STEP-3
2025-12-15 14:05:45,246 INFO  ExportHelperExtension.cs: 1145 - Found 0 features of type [CoordSys] in BIG SIDE.STEP-3
2025-12-15 14:05:45,247 INFO  ExportHelperExtension.cs: 1125 - Retrieving features of type [CoordSys] from servo.STEP-1
2025-12-15 14:05:45,247 INFO  ExportHelperExtension.cs: 1136 - Found 40 in servo.STEP-1
2025-12-15 14:05:45,247 INFO  ExportHelperExtension.cs: 1145 - Found 0 features of type [CoordSys] in servo.STEP-1
2025-12-15 14:05:45,248 INFO  ExportHelperExtension.cs: 1125 - Retrieving features of type [CoordSys] from qqqqqqqq.STEP-1
2025-12-15 14:05:45,249 INFO  ExportHelperExtension.cs: 1136 - Found 40 in qqqqqqqq.STEP-1
2025-12-15 14:05:45,249 INFO  ExportHelperExtension.cs: 1145 - Found 0 features of type [CoordSys] in qqqqqqqq.STEP-1
2025-12-15 14:05:45,250 INFO  ExportHelperExtension.cs: 1125 - Retrieving features of type [CoordSys] from 15.STEP-1
2025-12-15 14:05:45,250 INFO  ExportHelperExtension.cs: 1136 - Found 40 in 15.STEP-1
2025-12-15 14:05:45,251 INFO  ExportHelperExtension.cs: 1145 - Found 0 features of type [CoordSys] in 15.STEP-1
2025-12-15 14:05:45,251 INFO  ExportHelperExtension.cs: 1125 - Retrieving features of type [CoordSys] from 13.STEP-1
2025-12-15 14:05:45,253 INFO  ExportHelperExtension.cs: 1136 - Found 40 in 13.STEP-1
2025-12-15 14:05:45,253 INFO  ExportHelperExtension.cs: 1145 - Found 0 features of type [CoordSys] in 13.STEP-1
2025-12-15 14:05:45,254 INFO  ExportHelperExtension.cs: 1125 - Retrieving features of type [CoordSys] from wheel for servooo.STEP-1
2025-12-15 14:05:45,254 INFO  ExportHelperExtension.cs: 1136 - Found 40 in wheel for servooo.STEP-1
2025-12-15 14:05:45,255 INFO  ExportHelperExtension.cs: 1145 - Found 0 features of type [CoordSys] in wheel for servooo.STEP-1
2025-12-15 14:05:45,255 INFO  ExportHelperExtension.cs: 1125 - Retrieving features of type [CoordSys] from 6.2.STEP-1
2025-12-15 14:05:45,256 INFO  ExportHelperExtension.cs: 1136 - Found 40 in 6.2.STEP-1
2025-12-15 14:05:45,256 INFO  ExportHelperExtension.cs: 1145 - Found 0 features of type [CoordSys] in 6.2.STEP-1
2025-12-15 14:05:45,257 INFO  ExportHelperExtension.cs: 1125 - Retrieving features of type [CoordSys] from servo motor.STEP-1
2025-12-15 14:05:45,257 INFO  ExportHelperExtension.cs: 1136 - Found 40 in servo motor.STEP-1
2025-12-15 14:05:45,257 INFO  ExportHelperExtension.cs: 1145 - Found 0 features of type [CoordSys] in servo motor.STEP-1
2025-12-15 14:05:45,257 INFO  ExportHelperExtension.cs: 1125 - Retrieving features of type [CoordSys] from G.STEP-1
2025-12-15 14:05:45,258 INFO  ExportHelperExtension.cs: 1136 - Found 40 in G.STEP-1
2025-12-15 14:05:45,258 INFO  ExportHelperExtension.cs: 1145 - Found 0 features of type [CoordSys] in G.STEP-1
2025-12-15 14:05:45,258 INFO  ExportHelperExtension.cs: 1125 - Retrieving features of type [CoordSys] from wheel for servooo 2.STEP-1
2025-12-15 14:05:45,259 INFO  ExportHelperExtension.cs: 1136 - Found 40 in wheel for servooo 2.STEP-1
2025-12-15 14:05:45,259 INFO  ExportHelperExtension.cs: 1145 - Found 0 features of type [CoordSys] in wheel for servooo 2.STEP-1
2025-12-15 14:05:45,260 INFO  ExportHelperExtension.cs: 1125 - Retrieving features of type [CoordSys] from SHORT SIDE.STEP-3
2025-12-15 14:05:45,260 INFO  ExportHelperExtension.cs: 1136 - Found 40 in SHORT SIDE.STEP-3
2025-12-15 14:05:45,261 INFO  ExportHelperExtension.cs: 1145 - Found 0 features of type [CoordSys] in SHORT SIDE.STEP-3
2025-12-15 14:05:45,261 INFO  ExportHelperExtension.cs: 1125 - Retrieving features of type [CoordSys] from servo motor.STEP-2
2025-12-15 14:05:45,261 INFO  ExportHelperExtension.cs: 1136 - Found 40 in servo motor.STEP-2
2025-12-15 14:05:45,262 INFO  ExportHelperExtension.cs: 1145 - Found 0 features of type [CoordSys] in servo motor.STEP-2
2025-12-15 14:05:45,262 INFO  ExportHelperExtension.cs: 1125 - Retrieving features of type [CoordSys] from g 3.STEP-1
2025-12-15 14:05:45,263 INFO  ExportHelperExtension.cs: 1136 - Found 40 in g 3.STEP-1
2025-12-15 14:05:45,263 INFO  ExportHelperExtension.cs: 1145 - Found 0 features of type [CoordSys] in g 3.STEP-1
2025-12-15 14:05:45,263 INFO  ExportHelperExtension.cs: 1125 - Retrieving features of type [CoordSys] from g 2.STEP-2
2025-12-15 14:05:45,264 INFO  ExportHelperExtension.cs: 1136 - Found 40 in g 2.STEP-2
2025-12-15 14:05:45,264 INFO  ExportHelperExtension.cs: 1145 - Found 0 features of type [CoordSys] in g 2.STEP-2
2025-12-15 14:05:45,265 INFO  ExportHelperExtension.cs: 1125 - Retrieving features of type [CoordSys] from g6.STEP-1
2025-12-15 14:05:45,265 INFO  ExportHelperExtension.cs: 1136 - Found 40 in g6.STEP-1
2025-12-15 14:05:45,266 INFO  ExportHelperExtension.cs: 1145 - Found 0 features of type [CoordSys] in g6.STEP-1
2025-12-15 14:05:45,266 INFO  ExportHelperExtension.cs: 1125 - Retrieving features of type [CoordSys] from G.STEP-2
2025-12-15 14:05:45,266 INFO  ExportHelperExtension.cs: 1136 - Found 40 in G.STEP-2
2025-12-15 14:05:45,267 INFO  ExportHelperExtension.cs: 1145 - Found 0 features of type [CoordSys] in G.STEP-2
2025-12-15 14:05:45,267 INFO  ExportHelperExtension.cs: 1125 - Retrieving features of type [CoordSys] from wheel for servooo.STEP-3
2025-12-15 14:05:45,267 INFO  ExportHelperExtension.cs: 1136 - Found 40 in wheel for servooo.STEP-3
2025-12-15 14:05:45,268 INFO  ExportHelperExtension.cs: 1145 - Found 0 features of type [CoordSys] in wheel for servooo.STEP-3
2025-12-15 14:05:45,268 INFO  ExportHelperExtension.cs: 1125 - Retrieving features of type [CoordSys] from wheel for servooo 2.STEP-2
2025-12-15 14:05:45,269 INFO  ExportHelperExtension.cs: 1136 - Found 40 in wheel for servooo 2.STEP-2
2025-12-15 14:05:45,269 INFO  ExportHelperExtension.cs: 1145 - Found 0 features of type [CoordSys] in wheel for servooo 2.STEP-2
2025-12-15 14:05:45,269 INFO  ExportHelperExtension.cs: 1125 - Retrieving features of type [CoordSys] from wheel for servooo.STEP-2
2025-12-15 14:05:45,270 INFO  ExportHelperExtension.cs: 1136 - Found 40 in wheel for servooo.STEP-2
2025-12-15 14:05:45,270 INFO  ExportHelperExtension.cs: 1145 - Found 0 features of type [CoordSys] in wheel for servooo.STEP-2
2025-12-15 14:05:45,270 INFO  ExportHelperExtension.cs: 1125 - Retrieving features of type [CoordSys] from G.STEP-3
2025-12-15 14:05:45,271 INFO  ExportHelperExtension.cs: 1136 - Found 40 in G.STEP-3
2025-12-15 14:05:45,271 INFO  ExportHelperExtension.cs: 1145 - Found 0 features of type [CoordSys] in G.STEP-3
2025-12-15 14:05:45,271 INFO  ExportHelperExtension.cs: 1125 - Retrieving features of type [CoordSys] from wheel for servooo 2.STEP-3
2025-12-15 14:05:45,271 INFO  ExportHelperExtension.cs: 1136 - Found 40 in wheel for servooo 2.STEP-3
2025-12-15 14:05:45,272 INFO  ExportHelperExtension.cs: 1145 - Found 0 features of type [CoordSys] in wheel for servooo 2.STEP-3
2025-12-15 14:05:45,272 INFO  ExportHelperExtension.cs: 1125 - Retrieving features of type [CoordSys] from servo motor.STEP-3
2025-12-15 14:05:45,272 INFO  ExportHelperExtension.cs: 1136 - Found 40 in servo motor.STEP-3
2025-12-15 14:05:45,273 INFO  ExportHelperExtension.cs: 1145 - Found 0 features of type [CoordSys] in servo motor.STEP-3
2025-12-15 14:05:45,273 INFO  ExportHelperExtension.cs: 1125 - Retrieving features of type [CoordSys] from g 2.STEP-1
2025-12-15 14:05:45,273 INFO  ExportHelperExtension.cs: 1136 - Found 40 in g 2.STEP-1
2025-12-15 14:05:45,274 INFO  ExportHelperExtension.cs: 1145 - Found 0 features of type [CoordSys] in g 2.STEP-1
2025-12-15 14:05:45,274 INFO  ExportHelperExtension.cs: 1125 - Retrieving features of type [CoordSys] from g 1.STEP-1
2025-12-15 14:05:45,274 INFO  ExportHelperExtension.cs: 1136 - Found 40 in g 1.STEP-1
2025-12-15 14:05:45,275 INFO  ExportHelperExtension.cs: 1145 - Found 0 features of type [CoordSys] in g 1.STEP-1
2025-12-15 14:05:45,276 INFO  ExportHelperExtension.cs: 1125 - Retrieving features of type [CoordSys] from g5.STEP-1
2025-12-15 14:05:45,276 INFO  ExportHelperExtension.cs: 1136 - Found 40 in g5.STEP-1
2025-12-15 14:05:45,277 INFO  ExportHelperExtension.cs: 1145 - Found 0 features of type [CoordSys] in g5.STEP-1
2025-12-15 14:05:45,277 INFO  ExportHelperExtension.cs: 1125 - Retrieving features of type [CoordSys] from nail.STEP-2
2025-12-15 14:05:45,278 INFO  ExportHelperExtension.cs: 1136 - Found 40 in nail.STEP-2
2025-12-15 14:05:45,278 INFO  ExportHelperExtension.cs: 1145 - Found 0 features of type [CoordSys] in nail.STEP-2
2025-12-15 14:05:45,278 INFO  ExportHelperExtension.cs: 1125 - Retrieving features of type [CoordSys] from g 3.STEP-2
2025-12-15 14:05:45,278 INFO  ExportHelperExtension.cs: 1136 - Found 40 in g 3.STEP-2
2025-12-15 14:05:45,279 INFO  ExportHelperExtension.cs: 1145 - Found 0 features of type [CoordSys] in g 3.STEP-2
2025-12-15 14:05:45,279 INFO  ExportHelperExtension.cs: 1125 - Retrieving features of type [CoordSys] from g5.STEP-2
2025-12-15 14:05:45,279 INFO  ExportHelperExtension.cs: 1136 - Found 40 in g5.STEP-2
2025-12-15 14:05:45,279 INFO  ExportHelperExtension.cs: 1145 - Found 0 features of type [CoordSys] in g5.STEP-2
2025-12-15 14:05:45,279 INFO  ExportHelperExtension.cs: 1125 - Retrieving features of type [CoordSys] from g 3.STEP-3
2025-12-15 14:05:45,280 INFO  ExportHelperExtension.cs: 1136 - Found 40 in g 3.STEP-3
2025-12-15 14:05:45,280 INFO  ExportHelperExtension.cs: 1145 - Found 0 features of type [CoordSys] in g 3.STEP-3
2025-12-15 14:05:45,280 INFO  ExportHelperExtension.cs: 1125 - Retrieving features of type [CoordSys] from g 3.STEP-4
2025-12-15 14:05:45,281 INFO  ExportHelperExtension.cs: 1136 - Found 40 in g 3.STEP-4
2025-12-15 14:05:45,281 INFO  ExportHelperExtension.cs: 1145 - Found 0 features of type [CoordSys] in g 3.STEP-4
2025-12-15 14:05:45,281 INFO  ExportHelperExtension.cs: 1125 - Retrieving features of type [CoordSys] from g 3.STEP-5
2025-12-15 14:05:45,281 INFO  ExportHelperExtension.cs: 1136 - Found 40 in g 3.STEP-5
2025-12-15 14:05:45,282 INFO  ExportHelperExtension.cs: 1145 - Found 0 features of type [CoordSys] in g 3.STEP-5
2025-12-15 14:05:45,282 INFO  ExportHelperExtension.cs: 1125 - Retrieving features of type [CoordSys] from g5.STEP-3
2025-12-15 14:05:45,282 INFO  ExportHelperExtension.cs: 1136 - Found 40 in g5.STEP-3
2025-12-15 14:05:45,283 INFO  ExportHelperExtension.cs: 1145 - Found 0 features of type [CoordSys] in g5.STEP-3
2025-12-15 14:05:45,283 INFO  ExportHelperExtension.cs: 1125 - Retrieving features of type [CoordSys] from g 3.STEP-6
2025-12-15 14:05:45,283 INFO  ExportHelperExtension.cs: 1136 - Found 40 in g 3.STEP-6
2025-12-15 14:05:45,283 INFO  ExportHelperExtension.cs: 1145 - Found 0 features of type [CoordSys] in g 3.STEP-6
2025-12-15 14:05:45,284 INFO  ExportHelperExtension.cs: 1125 - Retrieving features of type [CoordSys] from roll.STEP-1
2025-12-15 14:05:45,284 INFO  ExportHelperExtension.cs: 1136 - Found 40 in roll.STEP-1
2025-12-15 14:05:45,285 INFO  ExportHelperExtension.cs: 1145 - Found 0 features of type [CoordSys] in roll.STEP-1
2025-12-15 14:05:45,285 INFO  ExportHelperExtension.cs: 1125 - Retrieving features of type [CoordSys] from g5.STEP-4
2025-12-15 14:05:45,285 INFO  ExportHelperExtension.cs: 1136 - Found 40 in g5.STEP-4
2025-12-15 14:05:45,285 INFO  ExportHelperExtension.cs: 1145 - Found 0 features of type [CoordSys] in g5.STEP-4
2025-12-15 14:05:45,286 INFO  ExportHelperExtension.cs: 1125 - Retrieving features of type [CoordSys] from roll 2.STEP-1
2025-12-15 14:05:45,286 INFO  ExportHelperExtension.cs: 1136 - Found 40 in roll 2.STEP-1
2025-12-15 14:05:45,287 INFO  ExportHelperExtension.cs: 1145 - Found 0 features of type [CoordSys] in roll 2.STEP-1
2025-12-15 14:05:45,287 INFO  ExportHelperExtension.cs: 1125 - Retrieving features of type [CoordSys] from nail.STEP-1
2025-12-15 14:05:45,288 INFO  ExportHelperExtension.cs: 1136 - Found 40 in nail.STEP-1
2025-12-15 14:05:45,288 INFO  ExportHelperExtension.cs: 1145 - Found 0 features of type [CoordSys] in nail.STEP-1
2025-12-15 14:05:45,289 INFO  ExportHelperExtension.cs: 1125 - Retrieving features of type [CoordSys] from RS550 12V DC Motor_Valor predeterminado.STEP-3
2025-12-15 14:05:45,289 INFO  ExportHelperExtension.cs: 1136 - Found 40 in RS550 12V DC Motor_Valor predeterminado.STEP-3
2025-12-15 14:05:45,289 INFO  ExportHelperExtension.cs: 1145 - Found 0 features of type [CoordSys] in RS550 12V DC Motor_Valor predeterminado.STEP-3
2025-12-15 14:05:45,290 INFO  ExportHelperExtension.cs: 1125 - Retrieving features of type [CoordSys] from RS550 12V DC Motor_Valor predeterminado.STEP-1
2025-12-15 14:05:45,290 INFO  ExportHelperExtension.cs: 1136 - Found 40 in RS550 12V DC Motor_Valor predeterminado.STEP-1
2025-12-15 14:05:45,290 INFO  ExportHelperExtension.cs: 1145 - Found 0 features of type [CoordSys] in RS550 12V DC Motor_Valor predeterminado.STEP-1
2025-12-15 14:05:45,291 INFO  ExportHelperExtension.cs: 1125 - Retrieving features of type [CoordSys] from RS550 12V DC Motor_Valor predeterminado.STEP-4
2025-12-15 14:05:45,291 INFO  ExportHelperExtension.cs: 1136 - Found 40 in RS550 12V DC Motor_Valor predeterminado.STEP-4
2025-12-15 14:05:45,291 INFO  ExportHelperExtension.cs: 1145 - Found 0 features of type [CoordSys] in RS550 12V DC Motor_Valor predeterminado.STEP-4
2025-12-15 14:05:45,292 INFO  ExportHelperExtension.cs: 1125 - Retrieving features of type [CoordSys] from nail.STEP-3
2025-12-15 14:05:45,292 INFO  ExportHelperExtension.cs: 1136 - Found 40 in nail.STEP-3
2025-12-15 14:05:45,292 INFO  ExportHelperExtension.cs: 1145 - Found 0 features of type [CoordSys] in nail.STEP-3
2025-12-15 14:05:45,293 INFO  ExportHelperExtension.cs: 1125 - Retrieving features of type [CoordSys] from RS550 12V DC Motor_Valor predeterminado.STEP-2
2025-12-15 14:05:45,293 INFO  ExportHelperExtension.cs: 1136 - Found 40 in RS550 12V DC Motor_Valor predeterminado.STEP-2
2025-12-15 14:05:45,293 INFO  ExportHelperExtension.cs: 1145 - Found 0 features of type [CoordSys] in RS550 12V DC Motor_Valor predeterminado.STEP-2
2025-12-15 14:05:45,294 INFO  ExportHelperExtension.cs: 1125 - Retrieving features of type [CoordSys] from nail.STEP-4
2025-12-15 14:05:45,294 INFO  ExportHelperExtension.cs: 1136 - Found 40 in nail.STEP-4
2025-12-15 14:05:45,294 INFO  ExportHelperExtension.cs: 1145 - Found 0 features of type [CoordSys] in nail.STEP-4
2025-12-15 14:05:45,295 INFO  ExportHelperExtension.cs: 1125 - Retrieving features of type [RefAxis] from robotic arm mine.STEP.SLDASM
2025-12-15 14:05:45,295 INFO  ExportHelperExtension.cs: 1136 - Found 71 in robotic arm mine.STEP.SLDASM
2025-12-15 14:05:45,295 INFO  ExportHelperExtension.cs: 1145 - Found 0 features of type [RefAxis] in robotic arm mine.STEP.SLDASM
2025-12-15 14:05:45,296 INFO  ExportHelperExtension.cs: 1148 - Proceeding through assembly components
2025-12-15 14:05:45,296 INFO  ExportHelperExtension.cs: 1160 - 48 components to check
2025-12-15 14:05:45,296 INFO  ExportHelperExtension.cs: 1125 - Retrieving features of type [RefAxis] from SHORT SIDE.STEP-2
2025-12-15 14:05:45,296 INFO  ExportHelperExtension.cs: 1136 - Found 40 in SHORT SIDE.STEP-2
2025-12-15 14:05:45,297 INFO  ExportHelperExtension.cs: 1145 - Found 0 features of type [RefAxis] in SHORT SIDE.STEP-2
2025-12-15 14:05:45,297 INFO  ExportHelperExtension.cs: 1125 - Retrieving features of type [RefAxis] from SHORT SIDE.STEP-1
2025-12-15 14:05:45,297 INFO  ExportHelperExtension.cs: 1136 - Found 40 in SHORT SIDE.STEP-1
2025-12-15 14:05:45,298 INFO  ExportHelperExtension.cs: 1145 - Found 0 features of type [RefAxis] in SHORT SIDE.STEP-1
2025-12-15 14:05:45,298 INFO  ExportHelperExtension.cs: 1125 - Retrieving features of type [RefAxis] from Carttt.STEP-1
2025-12-15 14:05:45,299 INFO  ExportHelperExtension.cs: 1136 - Found 40 in Carttt.STEP-1
2025-12-15 14:05:45,299 INFO  ExportHelperExtension.cs: 1145 - Found 0 features of type [RefAxis] in Carttt.STEP-1
2025-12-15 14:05:45,299 INFO  ExportHelperExtension.cs: 1125 - Retrieving features of type [RefAxis] from BIG SIDE.STEP-2
2025-12-15 14:05:45,299 INFO  ExportHelperExtension.cs: 1136 - Found 40 in BIG SIDE.STEP-2
2025-12-15 14:05:45,300 INFO  ExportHelperExtension.cs: 1145 - Found 0 features of type [RefAxis] in BIG SIDE.STEP-2
2025-12-15 14:05:45,300 INFO  ExportHelperExtension.cs: 1125 - Retrieving features of type [RefAxis] from BIG SIDE.STEP-1
2025-12-15 14:05:45,300 INFO  ExportHelperExtension.cs: 1136 - Found 40 in BIG SIDE.STEP-1
2025-12-15 14:05:45,300 INFO  ExportHelperExtension.cs: 1145 - Found 0 features of type [RefAxis] in BIG SIDE.STEP-1
2025-12-15 14:05:45,301 INFO  ExportHelperExtension.cs: 1125 - Retrieving features of type [RefAxis] from BIG SIDE.STEP-3
2025-12-15 14:05:45,301 INFO  ExportHelperExtension.cs: 1136 - Found 40 in BIG SIDE.STEP-3
2025-12-15 14:05:45,301 INFO  ExportHelperExtension.cs: 1145 - Found 0 features of type [RefAxis] in BIG SIDE.STEP-3
2025-12-15 14:05:45,302 INFO  ExportHelperExtension.cs: 1125 - Retrieving features of type [RefAxis] from servo.STEP-1
2025-12-15 14:05:45,302 INFO  ExportHelperExtension.cs: 1136 - Found 40 in servo.STEP-1
2025-12-15 14:05:45,315 INFO  ExportHelperExtension.cs: 1145 - Found 0 features of type [RefAxis] in servo.STEP-1
2025-12-15 14:05:45,337 INFO  ExportHelperExtension.cs: 1125 - Retrieving features of type [RefAxis] from qqqqqqqq.STEP-1
2025-12-15 14:05:45,338 INFO  ExportHelperExtension.cs: 1136 - Found 40 in qqqqqqqq.STEP-1
2025-12-15 14:05:45,339 INFO  ExportHelperExtension.cs: 1145 - Found 0 features of type [RefAxis] in qqqqqqqq.STEP-1
2025-12-15 14:05:45,339 INFO  ExportHelperExtension.cs: 1125 - Retrieving features of type [RefAxis] from 15.STEP-1
2025-12-15 14:05:45,340 INFO  ExportHelperExtension.cs: 1136 - Found 40 in 15.STEP-1
2025-12-15 14:05:45,340 INFO  ExportHelperExtension.cs: 1145 - Found 0 features of type [RefAxis] in 15.STEP-1
2025-12-15 14:05:45,340 INFO  ExportHelperExtension.cs: 1125 - Retrieving features of type [RefAxis] from 13.STEP-1
2025-12-15 14:05:45,341 INFO  ExportHelperExtension.cs: 1136 - Found 40 in 13.STEP-1
2025-12-15 14:05:45,341 INFO  ExportHelperExtension.cs: 1145 - Found 0 features of type [RefAxis] in 13.STEP-1
2025-12-15 14:05:45,342 INFO  ExportHelperExtension.cs: 1125 - Retrieving features of type [RefAxis] from wheel for servooo.STEP-1
2025-12-15 14:05:45,342 INFO  ExportHelperExtension.cs: 1136 - Found 40 in wheel for servooo.STEP-1
2025-12-15 14:05:45,343 INFO  ExportHelperExtension.cs: 1145 - Found 0 features of type [RefAxis] in wheel for servooo.STEP-1
2025-12-15 14:05:45,343 INFO  ExportHelperExtension.cs: 1125 - Retrieving features of type [RefAxis] from 6.2.STEP-1
2025-12-15 14:05:45,343 INFO  ExportHelperExtension.cs: 1136 - Found 40 in 6.2.STEP-1
2025-12-15 14:05:45,344 INFO  ExportHelperExtension.cs: 1145 - Found 0 features of type [RefAxis] in 6.2.STEP-1
2025-12-15 14:05:45,344 INFO  ExportHelperExtension.cs: 1125 - Retrieving features of type [RefAxis] from servo motor.STEP-1
2025-12-15 14:05:45,344 INFO  ExportHelperExtension.cs: 1136 - Found 40 in servo motor.STEP-1
2025-12-15 14:05:45,345 INFO  ExportHelperExtension.cs: 1145 - Found 0 features of type [RefAxis] in servo motor.STEP-1
2025-12-15 14:05:45,345 INFO  ExportHelperExtension.cs: 1125 - Retrieving features of type [RefAxis] from G.STEP-1
2025-12-15 14:05:45,346 INFO  ExportHelperExtension.cs: 1136 - Found 40 in G.STEP-1
2025-12-15 14:05:45,346 INFO  ExportHelperExtension.cs: 1145 - Found 0 features of type [RefAxis] in G.STEP-1
2025-12-15 14:05:45,346 INFO  ExportHelperExtension.cs: 1125 - Retrieving features of type [RefAxis] from wheel for servooo 2.STEP-1
2025-12-15 14:05:45,347 INFO  ExportHelperExtension.cs: 1136 - Found 40 in wheel for servooo 2.STEP-1
2025-12-15 14:05:45,347 INFO  ExportHelperExtension.cs: 1145 - Found 0 features of type [RefAxis] in wheel for servooo 2.STEP-1
2025-12-15 14:05:45,347 INFO  ExportHelperExtension.cs: 1125 - Retrieving features of type [RefAxis] from SHORT SIDE.STEP-3
2025-12-15 14:05:45,348 INFO  ExportHelperExtension.cs: 1136 - Found 40 in SHORT SIDE.STEP-3
2025-12-15 14:05:45,348 INFO  ExportHelperExtension.cs: 1145 - Found 0 features of type [RefAxis] in SHORT SIDE.STEP-3
2025-12-15 14:05:45,348 INFO  ExportHelperExtension.cs: 1125 - Retrieving features of type [RefAxis] from servo motor.STEP-2
2025-12-15 14:05:45,349 INFO  ExportHelperExtension.cs: 1136 - Found 40 in servo motor.STEP-2
2025-12-15 14:05:45,349 INFO  ExportHelperExtension.cs: 1145 - Found 0 features of type [RefAxis] in servo motor.STEP-2
2025-12-15 14:05:45,349 INFO  ExportHelperExtension.cs: 1125 - Retrieving features of type [RefAxis] from g 3.STEP-1
2025-12-15 14:05:45,350 INFO  ExportHelperExtension.cs: 1136 - Found 40 in g 3.STEP-1
2025-12-15 14:05:45,350 INFO  ExportHelperExtension.cs: 1145 - Found 0 features of type [RefAxis] in g 3.STEP-1
2025-12-15 14:05:45,351 INFO  ExportHelperExtension.cs: 1125 - Retrieving features of type [RefAxis] from g 2.STEP-2
2025-12-15 14:05:45,351 INFO  ExportHelperExtension.cs: 1136 - Found 40 in g 2.STEP-2
2025-12-15 14:05:45,351 INFO  ExportHelperExtension.cs: 1145 - Found 0 features of type [RefAxis] in g 2.STEP-2
2025-12-15 14:05:45,352 INFO  ExportHelperExtension.cs: 1125 - Retrieving features of type [RefAxis] from g6.STEP-1
2025-12-15 14:05:45,352 INFO  ExportHelperExtension.cs: 1136 - Found 40 in g6.STEP-1
2025-12-15 14:05:45,353 INFO  ExportHelperExtension.cs: 1145 - Found 0 features of type [RefAxis] in g6.STEP-1
2025-12-15 14:05:45,353 INFO  ExportHelperExtension.cs: 1125 - Retrieving features of type [RefAxis] from G.STEP-2
2025-12-15 14:05:45,354 INFO  ExportHelperExtension.cs: 1136 - Found 40 in G.STEP-2
2025-12-15 14:05:45,354 INFO  ExportHelperExtension.cs: 1145 - Found 0 features of type [RefAxis] in G.STEP-2
2025-12-15 14:05:45,354 INFO  ExportHelperExtension.cs: 1125 - Retrieving features of type [RefAxis] from wheel for servooo.STEP-3
2025-12-15 14:05:45,355 INFO  ExportHelperExtension.cs: 1136 - Found 40 in wheel for servooo.STEP-3
2025-12-15 14:05:45,355 INFO  ExportHelperExtension.cs: 1145 - Found 0 features of type [RefAxis] in wheel for servooo.STEP-3
2025-12-15 14:05:45,355 INFO  ExportHelperExtension.cs: 1125 - Retrieving features of type [RefAxis] from wheel for servooo 2.STEP-2
2025-12-15 14:05:45,355 INFO  ExportHelperExtension.cs: 1136 - Found 40 in wheel for servooo 2.STEP-2
2025-12-15 14:05:45,355 INFO  ExportHelperExtension.cs: 1145 - Found 0 features of type [RefAxis] in wheel for servooo 2.STEP-2
2025-12-15 14:05:45,357 INFO  ExportHelperExtension.cs: 1125 - Retrieving features of type [RefAxis] from wheel for servooo.STEP-2
2025-12-15 14:05:45,357 INFO  ExportHelperExtension.cs: 1136 - Found 40 in wheel for servooo.STEP-2
2025-12-15 14:05:45,357 INFO  ExportHelperExtension.cs: 1145 - Found 0 features of type [RefAxis] in wheel for servooo.STEP-2
2025-12-15 14:05:45,357 INFO  ExportHelperExtension.cs: 1125 - Retrieving features of type [RefAxis] from G.STEP-3
2025-12-15 14:05:45,357 INFO  ExportHelperExtension.cs: 1136 - Found 40 in G.STEP-3
2025-12-15 14:05:45,358 INFO  ExportHelperExtension.cs: 1145 - Found 0 features of type [RefAxis] in G.STEP-3
2025-12-15 14:05:45,358 INFO  ExportHelperExtension.cs: 1125 - Retrieving features of type [RefAxis] from wheel for servooo 2.STEP-3
2025-12-15 14:05:45,358 INFO  ExportHelperExtension.cs: 1136 - Found 40 in wheel for servooo 2.STEP-3
2025-12-15 14:05:45,359 INFO  ExportHelperExtension.cs: 1145 - Found 0 features of type [RefAxis] in wheel for servooo 2.STEP-3
2025-12-15 14:05:45,359 INFO  ExportHelperExtension.cs: 1125 - Retrieving features of type [RefAxis] from servo motor.STEP-3
2025-12-15 14:05:45,359 INFO  ExportHelperExtension.cs: 1136 - Found 40 in servo motor.STEP-3
2025-12-15 14:05:45,360 INFO  ExportHelperExtension.cs: 1145 - Found 0 features of type [RefAxis] in servo motor.STEP-3
2025-12-15 14:05:45,360 INFO  ExportHelperExtension.cs: 1125 - Retrieving features of type [RefAxis] from g 2.STEP-1
2025-12-15 14:05:45,360 INFO  ExportHelperExtension.cs: 1136 - Found 40 in g 2.STEP-1
2025-12-15 14:05:45,360 INFO  ExportHelperExtension.cs: 1145 - Found 0 features of type [RefAxis] in g 2.STEP-1
2025-12-15 14:05:45,361 INFO  ExportHelperExtension.cs: 1125 - Retrieving features of type [RefAxis] from g 1.STEP-1
2025-12-15 14:05:45,361 INFO  ExportHelperExtension.cs: 1136 - Found 40 in g 1.STEP-1
2025-12-15 14:05:45,362 INFO  ExportHelperExtension.cs: 1145 - Found 0 features of type [RefAxis] in g 1.STEP-1
2025-12-15 14:05:45,362 INFO  ExportHelperExtension.cs: 1125 - Retrieving features of type [RefAxis] from g5.STEP-1
2025-12-15 14:05:45,363 INFO  ExportHelperExtension.cs: 1136 - Found 40 in g5.STEP-1
2025-12-15 14:05:45,363 INFO  ExportHelperExtension.cs: 1145 - Found 0 features of type [RefAxis] in g5.STEP-1
2025-12-15 14:05:45,364 INFO  ExportHelperExtension.cs: 1125 - Retrieving features of type [RefAxis] from nail.STEP-2
2025-12-15 14:05:45,364 INFO  ExportHelperExtension.cs: 1136 - Found 40 in nail.STEP-2
2025-12-15 14:05:45,364 INFO  ExportHelperExtension.cs: 1145 - Found 0 features of type [RefAxis] in nail.STEP-2
2025-12-15 14:05:45,365 INFO  ExportHelperExtension.cs: 1125 - Retrieving features of type [RefAxis] from g 3.STEP-2
2025-12-15 14:05:45,365 INFO  ExportHelperExtension.cs: 1136 - Found 40 in g 3.STEP-2
2025-12-15 14:05:45,365 INFO  ExportHelperExtension.cs: 1145 - Found 0 features of type [RefAxis] in g 3.STEP-2
2025-12-15 14:05:45,366 INFO  ExportHelperExtension.cs: 1125 - Retrieving features of type [RefAxis] from g5.STEP-2
2025-12-15 14:05:45,366 INFO  ExportHelperExtension.cs: 1136 - Found 40 in g5.STEP-2
2025-12-15 14:05:45,366 INFO  ExportHelperExtension.cs: 1145 - Found 0 features of type [RefAxis] in g5.STEP-2
2025-12-15 14:05:45,366 INFO  ExportHelperExtension.cs: 1125 - Retrieving features of type [RefAxis] from g 3.STEP-3
2025-12-15 14:05:45,367 INFO  ExportHelperExtension.cs: 1136 - Found 40 in g 3.STEP-3
2025-12-15 14:05:45,367 INFO  ExportHelperExtension.cs: 1145 - Found 0 features of type [RefAxis] in g 3.STEP-3
2025-12-15 14:05:45,367 INFO  ExportHelperExtension.cs: 1125 - Retrieving features of type [RefAxis] from g 3.STEP-4
2025-12-15 14:05:45,368 INFO  ExportHelperExtension.cs: 1136 - Found 40 in g 3.STEP-4
2025-12-15 14:05:45,369 INFO  ExportHelperExtension.cs: 1145 - Found 0 features of type [RefAxis] in g 3.STEP-4
2025-12-15 14:05:45,369 INFO  ExportHelperExtension.cs: 1125 - Retrieving features of type [RefAxis] from g 3.STEP-5
2025-12-15 14:05:45,370 INFO  ExportHelperExtension.cs: 1136 - Found 40 in g 3.STEP-5
2025-12-15 14:05:45,370 INFO  ExportHelperExtension.cs: 1145 - Found 0 features of type [RefAxis] in g 3.STEP-5
2025-12-15 14:05:45,371 INFO  ExportHelperExtension.cs: 1125 - Retrieving features of type [RefAxis] from g5.STEP-3
2025-12-15 14:05:45,371 INFO  ExportHelperExtension.cs: 1136 - Found 40 in g5.STEP-3
2025-12-15 14:05:45,372 INFO  ExportHelperExtension.cs: 1145 - Found 0 features of type [RefAxis] in g5.STEP-3
2025-12-15 14:05:45,372 INFO  ExportHelperExtension.cs: 1125 - Retrieving features of type [RefAxis] from g 3.STEP-6
2025-12-15 14:05:45,372 INFO  ExportHelperExtension.cs: 1136 - Found 40 in g 3.STEP-6
2025-12-15 14:05:45,373 INFO  ExportHelperExtension.cs: 1145 - Found 0 features of type [RefAxis] in g 3.STEP-6
2025-12-15 14:05:45,373 INFO  ExportHelperExtension.cs: 1125 - Retrieving features of type [RefAxis] from roll.STEP-1
2025-12-15 14:05:45,373 INFO  ExportHelperExtension.cs: 1136 - Found 40 in roll.STEP-1
2025-12-15 14:05:45,374 INFO  ExportHelperExtension.cs: 1145 - Found 0 features of type [RefAxis] in roll.STEP-1
2025-12-15 14:05:45,374 INFO  ExportHelperExtension.cs: 1125 - Retrieving features of type [RefAxis] from g5.STEP-4
2025-12-15 14:05:45,374 INFO  ExportHelperExtension.cs: 1136 - Found 40 in g5.STEP-4
2025-12-15 14:05:45,375 INFO  ExportHelperExtension.cs: 1145 - Found 0 features of type [RefAxis] in g5.STEP-4
2025-12-15 14:05:45,375 INFO  ExportHelperExtension.cs: 1125 - Retrieving features of type [RefAxis] from roll 2.STEP-1
2025-12-15 14:05:45,376 INFO  ExportHelperExtension.cs: 1136 - Found 40 in roll 2.STEP-1
2025-12-15 14:05:45,376 INFO  ExportHelperExtension.cs: 1145 - Found 0 features of type [RefAxis] in roll 2.STEP-1
2025-12-15 14:05:45,376 INFO  ExportHelperExtension.cs: 1125 - Retrieving features of type [RefAxis] from nail.STEP-1
2025-12-15 14:05:45,377 INFO  ExportHelperExtension.cs: 1136 - Found 40 in nail.STEP-1
2025-12-15 14:05:45,377 INFO  ExportHelperExtension.cs: 1145 - Found 0 features of type [RefAxis] in nail.STEP-1
2025-12-15 14:05:45,377 INFO  ExportHelperExtension.cs: 1125 - Retrieving features of type [RefAxis] from RS550 12V DC Motor_Valor predeterminado.STEP-3
2025-12-15 14:05:45,377 INFO  ExportHelperExtension.cs: 1136 - Found 40 in RS550 12V DC Motor_Valor predeterminado.STEP-3
2025-12-15 14:05:45,378 INFO  ExportHelperExtension.cs: 1145 - Found 0 features of type [RefAxis] in RS550 12V DC Motor_Valor predeterminado.STEP-3
2025-12-15 14:05:45,378 INFO  ExportHelperExtension.cs: 1125 - Retrieving features of type [RefAxis] from RS550 12V DC Motor_Valor predeterminado.STEP-1
2025-12-15 14:05:45,379 INFO  ExportHelperExtension.cs: 1136 - Found 40 in RS550 12V DC Motor_Valor predeterminado.STEP-1
2025-12-15 14:05:45,379 INFO  ExportHelperExtension.cs: 1145 - Found 0 features of type [RefAxis] in RS550 12V DC Motor_Valor predeterminado.STEP-1
2025-12-15 14:05:45,379 INFO  ExportHelperExtension.cs: 1125 - Retrieving features of type [RefAxis] from RS550 12V DC Motor_Valor predeterminado.STEP-4
2025-12-15 14:05:45,379 INFO  ExportHelperExtension.cs: 1136 - Found 40 in RS550 12V DC Motor_Valor predeterminado.STEP-4
2025-12-15 14:05:45,379 INFO  ExportHelperExtension.cs: 1145 - Found 0 features of type [RefAxis] in RS550 12V DC Motor_Valor predeterminado.STEP-4
2025-12-15 14:05:45,381 INFO  ExportHelperExtension.cs: 1125 - Retrieving features of type [RefAxis] from nail.STEP-3
2025-12-15 14:05:45,381 INFO  ExportHelperExtension.cs: 1136 - Found 40 in nail.STEP-3
2025-12-15 14:05:45,381 INFO  ExportHelperExtension.cs: 1145 - Found 0 features of type [RefAxis] in nail.STEP-3
2025-12-15 14:05:45,382 INFO  ExportHelperExtension.cs: 1125 - Retrieving features of type [RefAxis] from RS550 12V DC Motor_Valor predeterminado.STEP-2
2025-12-15 14:05:45,382 INFO  ExportHelperExtension.cs: 1136 - Found 40 in RS550 12V DC Motor_Valor predeterminado.STEP-2
2025-12-15 14:05:45,382 INFO  ExportHelperExtension.cs: 1145 - Found 0 features of type [RefAxis] in RS550 12V DC Motor_Valor predeterminado.STEP-2
2025-12-15 14:05:45,383 INFO  ExportHelperExtension.cs: 1125 - Retrieving features of type [RefAxis] from nail.STEP-4
2025-12-15 14:05:45,383 INFO  ExportHelperExtension.cs: 1136 - Found 40 in nail.STEP-4
2025-12-15 14:05:45,383 INFO  ExportHelperExtension.cs: 1145 - Found 0 features of type [RefAxis] in nail.STEP-4
2025-12-15 14:05:45,754 INFO  SwAddin.cs: 339 - Loading config tree
2025-12-15 14:05:45,758 INFO  ExportPropertyManagerExtension.cs: 520 - Starting new configuration
2025-12-15 14:05:45,761 INFO  SwAddin.cs: 344 - Showing property manager
2025-12-15 14:06:51,226 INFO  ExportPropertyManager.cs: 1142 - AfterClose called. This method no longer throws an Exception. It just silently does nothing. Ok, except for this logging message
2025-12-15 14:07:03,064 INFO  SwAddin.cs: 294 - Assembly export called for file robotic arm mine.STEP.SLDASM
2025-12-15 14:07:03,064 INFO  SwAddin.cs: 299 - Save is required
2025-12-15 14:07:03,064 INFO  SwAddin.cs: 313 - Saving assembly
2025-12-15 14:07:03,065 INFO  SwAddin.cs: 316 - Opening property manager
2025-12-15 14:07:03,065 INFO  ExportHelperExtension.cs: 1125 - Retrieving features of type [CoordSys] from robotic arm mine.STEP.SLDASM
2025-12-15 14:07:03,065 INFO  ExportHelperExtension.cs: 1136 - Found 71 in robotic arm mine.STEP.SLDASM
2025-12-15 14:07:03,065 INFO  ExportHelperExtension.cs: 1145 - Found 0 features of type [CoordSys] in robotic arm mine.STEP.SLDASM
2025-12-15 14:07:03,067 INFO  ExportHelperExtension.cs: 1148 - Proceeding through assembly components
2025-12-15 14:07:03,067 INFO  ExportHelperExtension.cs: 1160 - 48 components to check
2025-12-15 14:07:03,067 INFO  ExportHelperExtension.cs: 1125 - Retrieving features of type [CoordSys] from SHORT SIDE.STEP-2
2025-12-15 14:07:03,068 INFO  ExportHelperExtension.cs: 1136 - Found 40 in SHORT SIDE.STEP-2
2025-12-15 14:07:03,068 INFO  ExportHelperExtension.cs: 1145 - Found 0 features of type [CoordSys] in SHORT SIDE.STEP-2
2025-12-15 14:07:03,068 INFO  ExportHelperExtension.cs: 1125 - Retrieving features of type [CoordSys] from SHORT SIDE.STEP-1
2025-12-15 14:07:03,069 INFO  ExportHelperExtension.cs: 1136 - Found 40 in SHORT SIDE.STEP-1
2025-12-15 14:07:03,069 INFO  ExportHelperExtension.cs: 1145 - Found 0 features of type [CoordSys] in SHORT SIDE.STEP-1
2025-12-15 14:07:03,069 INFO  ExportHelperExtension.cs: 1125 - Retrieving features of type [CoordSys] from Carttt.STEP-1
2025-12-15 14:07:03,070 INFO  ExportHelperExtension.cs: 1136 - Found 40 in Carttt.STEP-1
2025-12-15 14:07:03,070 INFO  ExportHelperExtension.cs: 1145 - Found 0 features of type [CoordSys] in Carttt.STEP-1
2025-12-15 14:07:03,071 INFO  ExportHelperExtension.cs: 1125 - Retrieving features of type [CoordSys] from BIG SIDE.STEP-2
2025-12-15 14:07:03,071 INFO  ExportHelperExtension.cs: 1136 - Found 40 in BIG SIDE.STEP-2
2025-12-15 14:07:03,071 INFO  ExportHelperExtension.cs: 1145 - Found 0 features of type [CoordSys] in BIG SIDE.STEP-2
2025-12-15 14:07:03,071 INFO  ExportHelperExtension.cs: 1125 - Retrieving features of type [CoordSys] from BIG SIDE.STEP-1
2025-12-15 14:07:03,072 INFO  ExportHelperExtension.cs: 1136 - Found 40 in BIG SIDE.STEP-1
2025-12-15 14:07:03,072 INFO  ExportHelperExtension.cs: 1145 - Found 0 features of type [CoordSys] in BIG SIDE.STEP-1
2025-12-15 14:07:03,072 INFO  ExportHelperExtension.cs: 1125 - Retrieving features of type [CoordSys] from BIG SIDE.STEP-3
2025-12-15 14:07:03,073 INFO  ExportHelperExtension.cs: 1136 - Found 40 in BIG SIDE.STEP-3
2025-12-15 14:07:03,073 INFO  ExportHelperExtension.cs: 1145 - Found 0 features of type [CoordSys] in BIG SIDE.STEP-3
2025-12-15 14:07:03,073 INFO  ExportHelperExtension.cs: 1125 - Retrieving features of type [CoordSys] from servo.STEP-1
2025-12-15 14:07:03,073 INFO  ExportHelperExtension.cs: 1136 - Found 40 in servo.STEP-1
2025-12-15 14:07:03,074 INFO  ExportHelperExtension.cs: 1145 - Found 0 features of type [CoordSys] in servo.STEP-1
2025-12-15 14:07:03,074 INFO  ExportHelperExtension.cs: 1125 - Retrieving features of type [CoordSys] from qqqqqqqq.STEP-1
2025-12-15 14:07:03,075 INFO  ExportHelperExtension.cs: 1136 - Found 40 in qqqqqqqq.STEP-1
2025-12-15 14:07:03,075 INFO  ExportHelperExtension.cs: 1145 - Found 0 features of type [CoordSys] in qqqqqqqq.STEP-1
2025-12-15 14:07:03,090 INFO  ExportHelperExtension.cs: 1125 - Retrieving features of type [CoordSys] from 15.STEP-1
2025-12-15 14:07:03,090 INFO  ExportHelperExtension.cs: 1136 - Found 40 in 15.STEP-1
2025-12-15 14:07:03,091 INFO  ExportHelperExtension.cs: 1145 - Found 0 features of type [CoordSys] in 15.STEP-1
2025-12-15 14:07:03,091 INFO  ExportHelperExtension.cs: 1125 - Retrieving features of type [CoordSys] from 13.STEP-1
2025-12-15 14:07:03,092 INFO  ExportHelperExtension.cs: 1136 - Found 40 in 13.STEP-1
2025-12-15 14:07:03,092 INFO  ExportHelperExtension.cs: 1145 - Found 0 features of type [CoordSys] in 13.STEP-1
2025-12-15 14:07:03,093 INFO  ExportHelperExtension.cs: 1125 - Retrieving features of type [CoordSys] from wheel for servooo.STEP-1
2025-12-15 14:07:03,093 INFO  ExportHelperExtension.cs: 1136 - Found 40 in wheel for servooo.STEP-1
2025-12-15 14:07:03,093 INFO  ExportHelperExtension.cs: 1145 - Found 0 features of type [CoordSys] in wheel for servooo.STEP-1
2025-12-15 14:07:03,094 INFO  ExportHelperExtension.cs: 1125 - Retrieving features of type [CoordSys] from 6.2.STEP-1
2025-12-15 14:07:03,094 INFO  ExportHelperExtension.cs: 1136 - Found 40 in 6.2.STEP-1
2025-12-15 14:07:03,095 INFO  ExportHelperExtension.cs: 1145 - Found 0 features of type [CoordSys] in 6.2.STEP-1
2025-12-15 14:07:03,095 INFO  ExportHelperExtension.cs: 1125 - Retrieving features of type [CoordSys] from servo motor.STEP-1
2025-12-15 14:07:03,095 INFO  ExportHelperExtension.cs: 1136 - Found 40 in servo motor.STEP-1
2025-12-15 14:07:03,096 INFO  ExportHelperExtension.cs: 1145 - Found 0 features of type [CoordSys] in servo motor.STEP-1
2025-12-15 14:07:03,096 INFO  ExportHelperExtension.cs: 1125 - Retrieving features of type [CoordSys] from G.STEP-1
2025-12-15 14:07:03,096 INFO  ExportHelperExtension.cs: 1136 - Found 40 in G.STEP-1
2025-12-15 14:07:03,097 INFO  ExportHelperExtension.cs: 1145 - Found 0 features of type [CoordSys] in G.STEP-1
2025-12-15 14:07:03,097 INFO  ExportHelperExtension.cs: 1125 - Retrieving features of type [CoordSys] from wheel for servooo 2.STEP-1
2025-12-15 14:07:03,097 INFO  ExportHelperExtension.cs: 1136 - Found 40 in wheel for servooo 2.STEP-1
2025-12-15 14:07:03,097 INFO  ExportHelperExtension.cs: 1145 - Found 0 features of type [CoordSys] in wheel for servooo 2.STEP-1
2025-12-15 14:07:03,098 INFO  ExportHelperExtension.cs: 1125 - Retrieving features of type [CoordSys] from SHORT SIDE.STEP-3
2025-12-15 14:07:03,098 INFO  ExportHelperExtension.cs: 1136 - Found 40 in SHORT SIDE.STEP-3
2025-12-15 14:07:03,099 INFO  ExportHelperExtension.cs: 1145 - Found 0 features of type [CoordSys] in SHORT SIDE.STEP-3
2025-12-15 14:07:03,099 INFO  ExportHelperExtension.cs: 1125 - Retrieving features of type [CoordSys] from servo motor.STEP-2
2025-12-15 14:07:03,099 INFO  ExportHelperExtension.cs: 1136 - Found 40 in servo motor.STEP-2
2025-12-15 14:07:03,099 INFO  ExportHelperExtension.cs: 1145 - Found 0 features of type [CoordSys] in servo motor.STEP-2
2025-12-15 14:07:03,100 INFO  ExportHelperExtension.cs: 1125 - Retrieving features of type [CoordSys] from g 3.STEP-1
2025-12-15 14:07:03,100 INFO  ExportHelperExtension.cs: 1136 - Found 40 in g 3.STEP-1
2025-12-15 14:07:03,100 INFO  ExportHelperExtension.cs: 1145 - Found 0 features of type [CoordSys] in g 3.STEP-1
2025-12-15 14:07:03,101 INFO  ExportHelperExtension.cs: 1125 - Retrieving features of type [CoordSys] from g 2.STEP-2
2025-12-15 14:07:03,101 INFO  ExportHelperExtension.cs: 1136 - Found 40 in g 2.STEP-2
2025-12-15 14:07:03,101 INFO  ExportHelperExtension.cs: 1145 - Found 0 features of type [CoordSys] in g 2.STEP-2
2025-12-15 14:07:03,102 INFO  ExportHelperExtension.cs: 1125 - Retrieving features of type [CoordSys] from g6.STEP-1
2025-12-15 14:07:03,102 INFO  ExportHelperExtension.cs: 1136 - Found 40 in g6.STEP-1
2025-12-15 14:07:03,103 INFO  ExportHelperExtension.cs: 1145 - Found 0 features of type [CoordSys] in g6.STEP-1
2025-12-15 14:07:03,103 INFO  ExportHelperExtension.cs: 1125 - Retrieving features of type [CoordSys] from G.STEP-2
2025-12-15 14:07:03,103 INFO  ExportHelperExtension.cs: 1136 - Found 40 in G.STEP-2
2025-12-15 14:07:03,103 INFO  ExportHelperExtension.cs: 1145 - Found 0 features of type [CoordSys] in G.STEP-2
2025-12-15 14:07:03,104 INFO  ExportHelperExtension.cs: 1125 - Retrieving features of type [CoordSys] from wheel for servooo.STEP-3
2025-12-15 14:07:03,104 INFO  ExportHelperExtension.cs: 1136 - Found 40 in wheel for servooo.STEP-3
2025-12-15 14:07:03,104 INFO  ExportHelperExtension.cs: 1145 - Found 0 features of type [CoordSys] in wheel for servooo.STEP-3
2025-12-15 14:07:03,105 INFO  ExportHelperExtension.cs: 1125 - Retrieving features of type [CoordSys] from wheel for servooo 2.STEP-2
2025-12-15 14:07:03,105 INFO  ExportHelperExtension.cs: 1136 - Found 40 in wheel for servooo 2.STEP-2
2025-12-15 14:07:03,105 INFO  ExportHelperExtension.cs: 1145 - Found 0 features of type [CoordSys] in wheel for servooo 2.STEP-2
2025-12-15 14:07:03,105 INFO  ExportHelperExtension.cs: 1125 - Retrieving features of type [CoordSys] from wheel for servooo.STEP-2
2025-12-15 14:07:03,106 INFO  ExportHelperExtension.cs: 1136 - Found 40 in wheel for servooo.STEP-2
2025-12-15 14:07:03,106 INFO  ExportHelperExtension.cs: 1145 - Found 0 features of type [CoordSys] in wheel for servooo.STEP-2
2025-12-15 14:07:03,106 INFO  ExportHelperExtension.cs: 1125 - Retrieving features of type [CoordSys] from G.STEP-3
2025-12-15 14:07:03,107 INFO  ExportHelperExtension.cs: 1136 - Found 40 in G.STEP-3
2025-12-15 14:07:03,107 INFO  ExportHelperExtension.cs: 1145 - Found 0 features of type [CoordSys] in G.STEP-3
2025-12-15 14:07:03,107 INFO  ExportHelperExtension.cs: 1125 - Retrieving features of type [CoordSys] from wheel for servooo 2.STEP-3
2025-12-15 14:07:03,107 INFO  ExportHelperExtension.cs: 1136 - Found 40 in wheel for servooo 2.STEP-3
2025-12-15 14:07:03,108 INFO  ExportHelperExtension.cs: 1145 - Found 0 features of type [CoordSys] in wheel for servooo 2.STEP-3
2025-12-15 14:07:03,108 INFO  ExportHelperExtension.cs: 1125 - Retrieving features of type [CoordSys] from servo motor.STEP-3
2025-12-15 14:07:03,108 INFO  ExportHelperExtension.cs: 1136 - Found 40 in servo motor.STEP-3
2025-12-15 14:07:03,110 INFO  ExportHelperExtension.cs: 1145 - Found 0 features of type [CoordSys] in servo motor.STEP-3
2025-12-15 14:07:03,110 INFO  ExportHelperExtension.cs: 1125 - Retrieving features of type [CoordSys] from g 2.STEP-1
2025-12-15 14:07:03,110 INFO  ExportHelperExtension.cs: 1136 - Found 40 in g 2.STEP-1
2025-12-15 14:07:03,111 INFO  ExportHelperExtension.cs: 1145 - Found 0 features of type [CoordSys] in g 2.STEP-1
2025-12-15 14:07:03,111 INFO  ExportHelperExtension.cs: 1125 - Retrieving features of type [CoordSys] from g 1.STEP-1
2025-12-15 14:07:03,111 INFO  ExportHelperExtension.cs: 1136 - Found 40 in g 1.STEP-1
2025-12-15 14:07:03,112 INFO  ExportHelperExtension.cs: 1145 - Found 0 features of type [CoordSys] in g 1.STEP-1
2025-12-15 14:07:03,112 INFO  ExportHelperExtension.cs: 1125 - Retrieving features of type [CoordSys] from g5.STEP-1
2025-12-15 14:07:03,113 INFO  ExportHelperExtension.cs: 1136 - Found 40 in g5.STEP-1
2025-12-15 14:07:03,113 INFO  ExportHelperExtension.cs: 1145 - Found 0 features of type [CoordSys] in g5.STEP-1
2025-12-15 14:07:03,113 INFO  ExportHelperExtension.cs: 1125 - Retrieving features of type [CoordSys] from nail.STEP-2
2025-12-15 14:07:03,114 INFO  ExportHelperExtension.cs: 1136 - Found 40 in nail.STEP-2
2025-12-15 14:07:03,114 INFO  ExportHelperExtension.cs: 1145 - Found 0 features of type [CoordSys] in nail.STEP-2
2025-12-15 14:07:03,114 INFO  ExportHelperExtension.cs: 1125 - Retrieving features of type [CoordSys] from g 3.STEP-2
2025-12-15 14:07:03,115 INFO  ExportHelperExtension.cs: 1136 - Found 40 in g 3.STEP-2
2025-12-15 14:07:03,115 INFO  ExportHelperExtension.cs: 1145 - Found 0 features of type [CoordSys] in g 3.STEP-2
2025-12-15 14:07:03,115 INFO  ExportHelperExtension.cs: 1125 - Retrieving features of type [CoordSys] from g5.STEP-2
2025-12-15 14:07:03,115 INFO  ExportHelperExtension.cs: 1136 - Found 40 in g5.STEP-2
2025-12-15 14:07:03,116 INFO  ExportHelperExtension.cs: 1145 - Found 0 features of type [CoordSys] in g5.STEP-2
2025-12-15 14:07:03,116 INFO  ExportHelperExtension.cs: 1125 - Retrieving features of type [CoordSys] from g 3.STEP-3
2025-12-15 14:07:03,116 INFO  ExportHelperExtension.cs: 1136 - Found 40 in g 3.STEP-3
2025-12-15 14:07:03,117 INFO  ExportHelperExtension.cs: 1145 - Found 0 features of type [CoordSys] in g 3.STEP-3
2025-12-15 14:07:03,117 INFO  ExportHelperExtension.cs: 1125 - Retrieving features of type [CoordSys] from g 3.STEP-4
2025-12-15 14:07:03,117 INFO  ExportHelperExtension.cs: 1136 - Found 40 in g 3.STEP-4
2025-12-15 14:07:03,117 INFO  ExportHelperExtension.cs: 1145 - Found 0 features of type [CoordSys] in g 3.STEP-4
2025-12-15 14:07:03,118 INFO  ExportHelperExtension.cs: 1125 - Retrieving features of type [CoordSys] from g 3.STEP-5
2025-12-15 14:07:03,118 INFO  ExportHelperExtension.cs: 1136 - Found 40 in g 3.STEP-5
2025-12-15 14:07:03,118 INFO  ExportHelperExtension.cs: 1145 - Found 0 features of type [CoordSys] in g 3.STEP-5
2025-12-15 14:07:03,119 INFO  ExportHelperExtension.cs: 1125 - Retrieving features of type [CoordSys] from g5.STEP-3
2025-12-15 14:07:03,119 INFO  ExportHelperExtension.cs: 1136 - Found 40 in g5.STEP-3
2025-12-15 14:07:03,119 INFO  ExportHelperExtension.cs: 1145 - Found 0 features of type [CoordSys] in g5.STEP-3
2025-12-15 14:07:03,119 INFO  ExportHelperExtension.cs: 1125 - Retrieving features of type [CoordSys] from g 3.STEP-6
2025-12-15 14:07:03,120 INFO  ExportHelperExtension.cs: 1136 - Found 40 in g 3.STEP-6
2025-12-15 14:07:03,120 INFO  ExportHelperExtension.cs: 1145 - Found 0 features of type [CoordSys] in g 3.STEP-6
2025-12-15 14:07:03,120 INFO  ExportHelperExtension.cs: 1125 - Retrieving features of type [CoordSys] from roll.STEP-1
2025-12-15 14:07:03,121 INFO  ExportHelperExtension.cs: 1136 - Found 40 in roll.STEP-1
2025-12-15 14:07:03,121 INFO  ExportHelperExtension.cs: 1145 - Found 0 features of type [CoordSys] in roll.STEP-1
2025-12-15 14:07:03,121 INFO  ExportHelperExtension.cs: 1125 - Retrieving features of type [CoordSys] from g5.STEP-4
2025-12-15 14:07:03,122 INFO  ExportHelperExtension.cs: 1136 - Found 40 in g5.STEP-4
2025-12-15 14:07:03,122 INFO  ExportHelperExtension.cs: 1145 - Found 0 features of type [CoordSys] in g5.STEP-4
2025-12-15 14:07:03,122 INFO  ExportHelperExtension.cs: 1125 - Retrieving features of type [CoordSys] from roll 2.STEP-1
2025-12-15 14:07:03,123 INFO  ExportHelperExtension.cs: 1136 - Found 40 in roll 2.STEP-1
2025-12-15 14:07:03,123 INFO  ExportHelperExtension.cs: 1145 - Found 0 features of type [CoordSys] in roll 2.STEP-1
2025-12-15 14:07:03,123 INFO  ExportHelperExtension.cs: 1125 - Retrieving features of type [CoordSys] from nail.STEP-1
2025-12-15 14:07:03,124 INFO  ExportHelperExtension.cs: 1136 - Found 40 in nail.STEP-1
2025-12-15 14:07:03,124 INFO  ExportHelperExtension.cs: 1145 - Found 0 features of type [CoordSys] in nail.STEP-1
2025-12-15 14:07:03,124 INFO  ExportHelperExtension.cs: 1125 - Retrieving features of type [CoordSys] from RS550 12V DC Motor_Valor predeterminado.STEP-3
2025-12-15 14:07:03,125 INFO  ExportHelperExtension.cs: 1136 - Found 40 in RS550 12V DC Motor_Valor predeterminado.STEP-3
2025-12-15 14:07:03,125 INFO  ExportHelperExtension.cs: 1145 - Found 0 features of type [CoordSys] in RS550 12V DC Motor_Valor predeterminado.STEP-3
2025-12-15 14:07:03,125 INFO  ExportHelperExtension.cs: 1125 - Retrieving features of type [CoordSys] from RS550 12V DC Motor_Valor predeterminado.STEP-1
2025-12-15 14:07:03,126 INFO  ExportHelperExtension.cs: 1136 - Found 40 in RS550 12V DC Motor_Valor predeterminado.STEP-1
2025-12-15 14:07:03,126 INFO  ExportHelperExtension.cs: 1145 - Found 0 features of type [CoordSys] in RS550 12V DC Motor_Valor predeterminado.STEP-1
2025-12-15 14:07:03,126 INFO  ExportHelperExtension.cs: 1125 - Retrieving features of type [CoordSys] from RS550 12V DC Motor_Valor predeterminado.STEP-4
2025-12-15 14:07:03,127 INFO  ExportHelperExtension.cs: 1136 - Found 40 in RS550 12V DC Motor_Valor predeterminado.STEP-4
2025-12-15 14:07:03,127 INFO  ExportHelperExtension.cs: 1145 - Found 0 features of type [CoordSys] in RS550 12V DC Motor_Valor predeterminado.STEP-4
2025-12-15 14:07:03,127 INFO  ExportHelperExtension.cs: 1125 - Retrieving features of type [CoordSys] from nail.STEP-3
2025-12-15 14:07:03,127 INFO  ExportHelperExtension.cs: 1136 - Found 40 in nail.STEP-3
2025-12-15 14:07:03,127 INFO  ExportHelperExtension.cs: 1145 - Found 0 features of type [CoordSys] in nail.STEP-3
2025-12-15 14:07:03,127 INFO  ExportHelperExtension.cs: 1125 - Retrieving features of type [CoordSys] from RS550 12V DC Motor_Valor predeterminado.STEP-2
2025-12-15 14:07:03,128 INFO  ExportHelperExtension.cs: 1136 - Found 40 in RS550 12V DC Motor_Valor predeterminado.STEP-2
2025-12-15 14:07:03,128 INFO  ExportHelperExtension.cs: 1145 - Found 0 features of type [CoordSys] in RS550 12V DC Motor_Valor predeterminado.STEP-2
2025-12-15 14:07:03,128 INFO  ExportHelperExtension.cs: 1125 - Retrieving features of type [CoordSys] from nail.STEP-4
2025-12-15 14:07:03,128 INFO  ExportHelperExtension.cs: 1136 - Found 40 in nail.STEP-4
2025-12-15 14:07:03,129 INFO  ExportHelperExtension.cs: 1145 - Found 0 features of type [CoordSys] in nail.STEP-4
2025-12-15 14:07:03,129 INFO  ExportHelperExtension.cs: 1125 - Retrieving features of type [RefAxis] from robotic arm mine.STEP.SLDASM
2025-12-15 14:07:03,129 INFO  ExportHelperExtension.cs: 1136 - Found 71 in robotic arm mine.STEP.SLDASM
2025-12-15 14:07:03,130 INFO  ExportHelperExtension.cs: 1145 - Found 0 features of type [RefAxis] in robotic arm mine.STEP.SLDASM
2025-12-15 14:07:03,130 INFO  ExportHelperExtension.cs: 1148 - Proceeding through assembly components
2025-12-15 14:07:03,130 INFO  ExportHelperExtension.cs: 1160 - 48 components to check
2025-12-15 14:07:03,130 INFO  ExportHelperExtension.cs: 1125 - Retrieving features of type [RefAxis] from SHORT SIDE.STEP-2
2025-12-15 14:07:03,131 INFO  ExportHelperExtension.cs: 1136 - Found 40 in SHORT SIDE.STEP-2
2025-12-15 14:07:03,131 INFO  ExportHelperExtension.cs: 1145 - Found 0 features of type [RefAxis] in SHORT SIDE.STEP-2
2025-12-15 14:07:03,132 INFO  ExportHelperExtension.cs: 1125 - Retrieving features of type [RefAxis] from SHORT SIDE.STEP-1
2025-12-15 14:07:03,132 INFO  ExportHelperExtension.cs: 1136 - Found 40 in SHORT SIDE.STEP-1
2025-12-15 14:07:03,132 INFO  ExportHelperExtension.cs: 1145 - Found 0 features of type [RefAxis] in SHORT SIDE.STEP-1
2025-12-15 14:07:03,133 INFO  ExportHelperExtension.cs: 1125 - Retrieving features of type [RefAxis] from Carttt.STEP-1
2025-12-15 14:07:03,133 INFO  ExportHelperExtension.cs: 1136 - Found 40 in Carttt.STEP-1
2025-12-15 14:07:03,133 INFO  ExportHelperExtension.cs: 1145 - Found 0 features of type [RefAxis] in Carttt.STEP-1
2025-12-15 14:07:03,134 INFO  ExportHelperExtension.cs: 1125 - Retrieving features of type [RefAxis] from BIG SIDE.STEP-2
2025-12-15 14:07:03,134 INFO  ExportHelperExtension.cs: 1136 - Found 40 in BIG SIDE.STEP-2
2025-12-15 14:07:03,134 INFO  ExportHelperExtension.cs: 1145 - Found 0 features of type [RefAxis] in BIG SIDE.STEP-2
2025-12-15 14:07:03,135 INFO  ExportHelperExtension.cs: 1125 - Retrieving features of type [RefAxis] from BIG SIDE.STEP-1
2025-12-15 14:07:03,135 INFO  ExportHelperExtension.cs: 1136 - Found 40 in BIG SIDE.STEP-1
2025-12-15 14:07:03,135 INFO  ExportHelperExtension.cs: 1145 - Found 0 features of type [RefAxis] in BIG SIDE.STEP-1
2025-12-15 14:07:03,136 INFO  ExportHelperExtension.cs: 1125 - Retrieving features of type [RefAxis] from BIG SIDE.STEP-3
2025-12-15 14:07:03,136 INFO  ExportHelperExtension.cs: 1136 - Found 40 in BIG SIDE.STEP-3
2025-12-15 14:07:03,136 INFO  ExportHelperExtension.cs: 1145 - Found 0 features of type [RefAxis] in BIG SIDE.STEP-3
2025-12-15 14:07:03,136 INFO  ExportHelperExtension.cs: 1125 - Retrieving features of type [RefAxis] from servo.STEP-1
2025-12-15 14:07:03,137 INFO  ExportHelperExtension.cs: 1136 - Found 40 in servo.STEP-1
2025-12-15 14:07:03,137 INFO  ExportHelperExtension.cs: 1145 - Found 0 features of type [RefAxis] in servo.STEP-1
2025-12-15 14:07:03,137 INFO  ExportHelperExtension.cs: 1125 - Retrieving features of type [RefAxis] from qqqqqqqq.STEP-1
2025-12-15 14:07:03,137 INFO  ExportHelperExtension.cs: 1136 - Found 40 in qqqqqqqq.STEP-1
2025-12-15 14:07:03,138 INFO  ExportHelperExtension.cs: 1145 - Found 0 features of type [RefAxis] in qqqqqqqq.STEP-1
2025-12-15 14:07:03,138 INFO  ExportHelperExtension.cs: 1125 - Retrieving features of type [RefAxis] from 15.STEP-1
2025-12-15 14:07:03,138 INFO  ExportHelperExtension.cs: 1136 - Found 40 in 15.STEP-1
2025-12-15 14:07:03,139 INFO  ExportHelperExtension.cs: 1145 - Found 0 features of type [RefAxis] in 15.STEP-1
2025-12-15 14:07:03,139 INFO  ExportHelperExtension.cs: 1125 - Retrieving features of type [RefAxis] from 13.STEP-1
2025-12-15 14:07:03,139 INFO  ExportHelperExtension.cs: 1136 - Found 40 in 13.STEP-1
2025-12-15 14:07:03,139 INFO  ExportHelperExtension.cs: 1145 - Found 0 features of type [RefAxis] in 13.STEP-1
2025-12-15 14:07:03,140 INFO  ExportHelperExtension.cs: 1125 - Retrieving features of type [RefAxis] from wheel for servooo.STEP-1
2025-12-15 14:07:03,140 INFO  ExportHelperExtension.cs: 1136 - Found 40 in wheel for servooo.STEP-1
2025-12-15 14:07:03,140 INFO  ExportHelperExtension.cs: 1145 - Found 0 features of type [RefAxis] in wheel for servooo.STEP-1
2025-12-15 14:07:03,141 INFO  ExportHelperExtension.cs: 1125 - Retrieving features of type [RefAxis] from 6.2.STEP-1
2025-12-15 14:07:03,157 INFO  ExportHelperExtension.cs: 1136 - Found 40 in 6.2.STEP-1
2025-12-15 14:07:03,157 INFO  ExportHelperExtension.cs: 1145 - Found 0 features of type [RefAxis] in 6.2.STEP-1
2025-12-15 14:07:03,158 INFO  ExportHelperExtension.cs: 1125 - Retrieving features of type [RefAxis] from servo motor.STEP-1
2025-12-15 14:07:03,158 INFO  ExportHelperExtension.cs: 1136 - Found 40 in servo motor.STEP-1
2025-12-15 14:07:03,159 INFO  ExportHelperExtension.cs: 1145 - Found 0 features of type [RefAxis] in servo motor.STEP-1
2025-12-15 14:07:03,159 INFO  ExportHelperExtension.cs: 1125 - Retrieving features of type [RefAxis] from G.STEP-1
2025-12-15 14:07:03,159 INFO  ExportHelperExtension.cs: 1136 - Found 40 in G.STEP-1
2025-12-15 14:07:03,160 INFO  ExportHelperExtension.cs: 1145 - Found 0 features of type [RefAxis] in G.STEP-1
2025-12-15 14:07:03,160 INFO  ExportHelperExtension.cs: 1125 - Retrieving features of type [RefAxis] from wheel for servooo 2.STEP-1
2025-12-15 14:07:03,160 INFO  ExportHelperExtension.cs: 1136 - Found 40 in wheel for servooo 2.STEP-1
2025-12-15 14:07:03,161 INFO  ExportHelperExtension.cs: 1145 - Found 0 features of type [RefAxis] in wheel for servooo 2.STEP-1
2025-12-15 14:07:03,161 INFO  ExportHelperExtension.cs: 1125 - Retrieving features of type [RefAxis] from SHORT SIDE.STEP-3
2025-12-15 14:07:03,162 INFO  ExportHelperExtension.cs: 1136 - Found 40 in SHORT SIDE.STEP-3
2025-12-15 14:07:03,162 INFO  ExportHelperExtension.cs: 1145 - Found 0 features of type [RefAxis] in SHORT SIDE.STEP-3
2025-12-15 14:07:03,162 INFO  ExportHelperExtension.cs: 1125 - Retrieving features of type [RefAxis] from servo motor.STEP-2
2025-12-15 14:07:03,162 INFO  ExportHelperExtension.cs: 1136 - Found 40 in servo motor.STEP-2
2025-12-15 14:07:03,163 INFO  ExportHelperExtension.cs: 1145 - Found 0 features of type [RefAxis] in servo motor.STEP-2
2025-12-15 14:07:03,163 INFO  ExportHelperExtension.cs: 1125 - Retrieving features of type [RefAxis] from g 3.STEP-1
2025-12-15 14:07:03,163 INFO  ExportHelperExtension.cs: 1136 - Found 40 in g 3.STEP-1
2025-12-15 14:07:03,164 INFO  ExportHelperExtension.cs: 1145 - Found 0 features of type [RefAxis] in g 3.STEP-1
2025-12-15 14:07:03,164 INFO  ExportHelperExtension.cs: 1125 - Retrieving features of type [RefAxis] from g 2.STEP-2
2025-12-15 14:07:03,165 INFO  ExportHelperExtension.cs: 1136 - Found 40 in g 2.STEP-2
2025-12-15 14:07:03,165 INFO  ExportHelperExtension.cs: 1145 - Found 0 features of type [RefAxis] in g 2.STEP-2
2025-12-15 14:07:03,165 INFO  ExportHelperExtension.cs: 1125 - Retrieving features of type [RefAxis] from g6.STEP-1
2025-12-15 14:07:03,167 INFO  ExportHelperExtension.cs: 1136 - Found 40 in g6.STEP-1
2025-12-15 14:07:03,167 INFO  ExportHelperExtension.cs: 1145 - Found 0 features of type [RefAxis] in g6.STEP-1
2025-12-15 14:07:03,169 INFO  ExportHelperExtension.cs: 1125 - Retrieving features of type [RefAxis] from G.STEP-2
2025-12-15 14:07:03,169 INFO  ExportHelperExtension.cs: 1136 - Found 40 in G.STEP-2
2025-12-15 14:07:03,169 INFO  ExportHelperExtension.cs: 1145 - Found 0 features of type [RefAxis] in G.STEP-2
2025-12-15 14:07:03,170 INFO  ExportHelperExtension.cs: 1125 - Retrieving features of type [RefAxis] from wheel for servooo.STEP-3
2025-12-15 14:07:03,170 INFO  ExportHelperExtension.cs: 1136 - Found 40 in wheel for servooo.STEP-3
2025-12-15 14:07:03,170 INFO  ExportHelperExtension.cs: 1145 - Found 0 features of type [RefAxis] in wheel for servooo.STEP-3
2025-12-15 14:07:03,171 INFO  ExportHelperExtension.cs: 1125 - Retrieving features of type [RefAxis] from wheel for servooo 2.STEP-2
2025-12-15 14:07:03,171 INFO  ExportHelperExtension.cs: 1136 - Found 40 in wheel for servooo 2.STEP-2
2025-12-15 14:07:03,171 INFO  ExportHelperExtension.cs: 1145 - Found 0 features of type [RefAxis] in wheel for servooo 2.STEP-2
2025-12-15 14:07:03,172 INFO  ExportHelperExtension.cs: 1125 - Retrieving features of type [RefAxis] from wheel for servooo.STEP-2
2025-12-15 14:07:03,172 INFO  ExportHelperExtension.cs: 1136 - Found 40 in wheel for servooo.STEP-2
2025-12-15 14:07:03,172 INFO  ExportHelperExtension.cs: 1145 - Found 0 features of type [RefAxis] in wheel for servooo.STEP-2
2025-12-15 14:07:03,172 INFO  ExportHelperExtension.cs: 1125 - Retrieving features of type [RefAxis] from G.STEP-3
2025-12-15 14:07:03,173 INFO  ExportHelperExtension.cs: 1136 - Found 40 in G.STEP-3
2025-12-15 14:07:03,173 INFO  ExportHelperExtension.cs: 1145 - Found 0 features of type [RefAxis] in G.STEP-3
2025-12-15 14:07:03,173 INFO  ExportHelperExtension.cs: 1125 - Retrieving features of type [RefAxis] from wheel for servooo 2.STEP-3
2025-12-15 14:07:03,174 INFO  ExportHelperExtension.cs: 1136 - Found 40 in wheel for servooo 2.STEP-3
2025-12-15 14:07:03,174 INFO  ExportHelperExtension.cs: 1145 - Found 0 features of type [RefAxis] in wheel for servooo 2.STEP-3
2025-12-15 14:07:03,174 INFO  ExportHelperExtension.cs: 1125 - Retrieving features of type [RefAxis] from servo motor.STEP-3
2025-12-15 14:07:03,174 INFO  ExportHelperExtension.cs: 1136 - Found 40 in servo motor.STEP-3
2025-12-15 14:07:03,175 INFO  ExportHelperExtension.cs: 1145 - Found 0 features of type [RefAxis] in servo motor.STEP-3
2025-12-15 14:07:03,175 INFO  ExportHelperExtension.cs: 1125 - Retrieving features of type [RefAxis] from g 2.STEP-1
2025-12-15 14:07:03,175 INFO  ExportHelperExtension.cs: 1136 - Found 40 in g 2.STEP-1
2025-12-15 14:07:03,176 INFO  ExportHelperExtension.cs: 1145 - Found 0 features of type [RefAxis] in g 2.STEP-1
2025-12-15 14:07:03,176 INFO  ExportHelperExtension.cs: 1125 - Retrieving features of type [RefAxis] from g 1.STEP-1
2025-12-15 14:07:03,176 INFO  ExportHelperExtension.cs: 1136 - Found 40 in g 1.STEP-1
2025-12-15 14:07:03,177 INFO  ExportHelperExtension.cs: 1145 - Found 0 features of type [RefAxis] in g 1.STEP-1
2025-12-15 14:07:03,177 INFO  ExportHelperExtension.cs: 1125 - Retrieving features of type [RefAxis] from g5.STEP-1
2025-12-15 14:07:03,177 INFO  ExportHelperExtension.cs: 1136 - Found 40 in g5.STEP-1
2025-12-15 14:07:03,178 INFO  ExportHelperExtension.cs: 1145 - Found 0 features of type [RefAxis] in g5.STEP-1
2025-12-15 14:07:03,178 INFO  ExportHelperExtension.cs: 1125 - Retrieving features of type [RefAxis] from nail.STEP-2
2025-12-15 14:07:03,179 INFO  ExportHelperExtension.cs: 1136 - Found 40 in nail.STEP-2
2025-12-15 14:07:03,179 INFO  ExportHelperExtension.cs: 1145 - Found 0 features of type [RefAxis] in nail.STEP-2
2025-12-15 14:07:03,179 INFO  ExportHelperExtension.cs: 1125 - Retrieving features of type [RefAxis] from g 3.STEP-2
2025-12-15 14:07:03,179 INFO  ExportHelperExtension.cs: 1136 - Found 40 in g 3.STEP-2
2025-12-15 14:07:03,179 INFO  ExportHelperExtension.cs: 1145 - Found 0 features of type [RefAxis] in g 3.STEP-2
2025-12-15 14:07:03,180 INFO  ExportHelperExtension.cs: 1125 - Retrieving features of type [RefAxis] from g5.STEP-2
2025-12-15 14:07:03,180 INFO  ExportHelperExtension.cs: 1136 - Found 40 in g5.STEP-2
2025-12-15 14:07:03,180 INFO  ExportHelperExtension.cs: 1145 - Found 0 features of type [RefAxis] in g5.STEP-2
2025-12-15 14:07:03,180 INFO  ExportHelperExtension.cs: 1125 - Retrieving features of type [RefAxis] from g 3.STEP-3
2025-12-15 14:07:03,181 INFO  ExportHelperExtension.cs: 1136 - Found 40 in g 3.STEP-3
2025-12-15 14:07:03,181 INFO  ExportHelperExtension.cs: 1145 - Found 0 features of type [RefAxis] in g 3.STEP-3
2025-12-15 14:07:03,181 INFO  ExportHelperExtension.cs: 1125 - Retrieving features of type [RefAxis] from g 3.STEP-4
2025-12-15 14:07:03,181 INFO  ExportHelperExtension.cs: 1136 - Found 40 in g 3.STEP-4
2025-12-15 14:07:03,182 INFO  ExportHelperExtension.cs: 1145 - Found 0 features of type [RefAxis] in g 3.STEP-4
2025-12-15 14:07:03,182 INFO  ExportHelperExtension.cs: 1125 - Retrieving features of type [RefAxis] from g 3.STEP-5
2025-12-15 14:07:03,182 INFO  ExportHelperExtension.cs: 1136 - Found 40 in g 3.STEP-5
2025-12-15 14:07:03,183 INFO  ExportHelperExtension.cs: 1145 - Found 0 features of type [RefAxis] in g 3.STEP-5
2025-12-15 14:07:03,183 INFO  ExportHelperExtension.cs: 1125 - Retrieving features of type [RefAxis] from g5.STEP-3
2025-12-15 14:07:03,183 INFO  ExportHelperExtension.cs: 1136 - Found 40 in g5.STEP-3
2025-12-15 14:07:03,183 INFO  ExportHelperExtension.cs: 1145 - Found 0 features of type [RefAxis] in g5.STEP-3
2025-12-15 14:07:03,184 INFO  ExportHelperExtension.cs: 1125 - Retrieving features of type [RefAxis] from g 3.STEP-6
2025-12-15 14:07:03,184 INFO  ExportHelperExtension.cs: 1136 - Found 40 in g 3.STEP-6
2025-12-15 14:07:03,184 INFO  ExportHelperExtension.cs: 1145 - Found 0 features of type [RefAxis] in g 3.STEP-6
2025-12-15 14:07:03,185 INFO  ExportHelperExtension.cs: 1125 - Retrieving features of type [RefAxis] from roll.STEP-1
2025-12-15 14:07:03,185 INFO  ExportHelperExtension.cs: 1136 - Found 40 in roll.STEP-1
2025-12-15 14:07:03,186 INFO  ExportHelperExtension.cs: 1145 - Found 0 features of type [RefAxis] in roll.STEP-1
2025-12-15 14:07:03,186 INFO  ExportHelperExtension.cs: 1125 - Retrieving features of type [RefAxis] from g5.STEP-4
2025-12-15 14:07:03,186 INFO  ExportHelperExtension.cs: 1136 - Found 40 in g5.STEP-4
2025-12-15 14:07:03,186 INFO  ExportHelperExtension.cs: 1145 - Found 0 features of type [RefAxis] in g5.STEP-4
2025-12-15 14:07:03,187 INFO  ExportHelperExtension.cs: 1125 - Retrieving features of type [RefAxis] from roll 2.STEP-1
2025-12-15 14:07:03,187 INFO  ExportHelperExtension.cs: 1136 - Found 40 in roll 2.STEP-1
2025-12-15 14:07:03,187 INFO  ExportHelperExtension.cs: 1145 - Found 0 features of type [RefAxis] in roll 2.STEP-1
2025-12-15 14:07:03,187 INFO  ExportHelperExtension.cs: 1125 - Retrieving features of type [RefAxis] from nail.STEP-1
2025-12-15 14:07:03,189 INFO  ExportHelperExtension.cs: 1136 - Found 40 in nail.STEP-1
2025-12-15 14:07:03,189 INFO  ExportHelperExtension.cs: 1145 - Found 0 features of type [RefAxis] in nail.STEP-1
2025-12-15 14:07:03,189 INFO  ExportHelperExtension.cs: 1125 - Retrieving features of type [RefAxis] from RS550 12V DC Motor_Valor predeterminado.STEP-3
2025-12-15 14:07:03,190 INFO  ExportHelperExtension.cs: 1136 - Found 40 in RS550 12V DC Motor_Valor predeterminado.STEP-3
2025-12-15 14:07:03,190 INFO  ExportHelperExtension.cs: 1145 - Found 0 features of type [RefAxis] in RS550 12V DC Motor_Valor predeterminado.STEP-3
2025-12-15 14:07:03,190 INFO  ExportHelperExtension.cs: 1125 - Retrieving features of type [RefAxis] from RS550 12V DC Motor_Valor predeterminado.STEP-1
2025-12-15 14:07:03,191 INFO  ExportHelperExtension.cs: 1136 - Found 40 in RS550 12V DC Motor_Valor predeterminado.STEP-1
2025-12-15 14:07:03,191 INFO  ExportHelperExtension.cs: 1145 - Found 0 features of type [RefAxis] in RS550 12V DC Motor_Valor predeterminado.STEP-1
2025-12-15 14:07:03,192 INFO  ExportHelperExtension.cs: 1125 - Retrieving features of type [RefAxis] from RS550 12V DC Motor_Valor predeterminado.STEP-4
2025-12-15 14:07:03,192 INFO  ExportHelperExtension.cs: 1136 - Found 40 in RS550 12V DC Motor_Valor predeterminado.STEP-4
2025-12-15 14:07:03,193 INFO  ExportHelperExtension.cs: 1145 - Found 0 features of type [RefAxis] in RS550 12V DC Motor_Valor predeterminado.STEP-4
2025-12-15 14:07:03,193 INFO  ExportHelperExtension.cs: 1125 - Retrieving features of type [RefAxis] from nail.STEP-3
2025-12-15 14:07:03,193 INFO  ExportHelperExtension.cs: 1136 - Found 40 in nail.STEP-3
2025-12-15 14:07:03,193 INFO  ExportHelperExtension.cs: 1145 - Found 0 features of type [RefAxis] in nail.STEP-3
2025-12-15 14:07:03,194 INFO  ExportHelperExtension.cs: 1125 - Retrieving features of type [RefAxis] from RS550 12V DC Motor_Valor predeterminado.STEP-2
2025-12-15 14:07:03,194 INFO  ExportHelperExtension.cs: 1136 - Found 40 in RS550 12V DC Motor_Valor predeterminado.STEP-2
2025-12-15 14:07:03,194 INFO  ExportHelperExtension.cs: 1145 - Found 0 features of type [RefAxis] in RS550 12V DC Motor_Valor predeterminado.STEP-2
2025-12-15 14:07:03,195 INFO  ExportHelperExtension.cs: 1125 - Retrieving features of type [RefAxis] from nail.STEP-4
2025-12-15 14:07:03,195 INFO  ExportHelperExtension.cs: 1136 - Found 40 in nail.STEP-4
2025-12-15 14:07:03,195 INFO  ExportHelperExtension.cs: 1145 - Found 0 features of type [RefAxis] in nail.STEP-4
2025-12-15 14:07:03,219 INFO  SwAddin.cs: 339 - Loading config tree
2025-12-15 14:07:03,220 INFO  ExportPropertyManagerExtension.cs: 520 - Starting new configuration
2025-12-15 14:07:03,221 INFO  SwAddin.cs: 344 - Showing property manager
2025-12-15 14:09:30,675 INFO  ExportPropertyManager.cs: 1036 - OnListboxSelectionChanged called. This method no longer throws an Exception. It just silently does nothing. Ok, except for this logging message
2025-12-15 14:09:30,972 INFO  ExportPropertyManager.cs: 1036 - OnListboxSelectionChanged called. This method no longer throws an Exception. It just silently does nothing. Ok, except for this logging message
2025-12-15 14:09:31,745 INFO  ExportPropertyManager.cs: 1036 - OnListboxSelectionChanged called. This method no longer throws an Exception. It just silently does nothing. Ok, except for this logging message
2025-12-15 14:14:52,147 INFO  ExportPropertyManager.cs: 1036 - OnListboxSelectionChanged called. This method no longer throws an Exception. It just silently does nothing. Ok, except for this logging message
2025-12-15 14:14:58,385 INFO  ExportPropertyManager.cs: 1036 - OnListboxSelectionChanged called. This method no longer throws an Exception. It just silently does nothing. Ok, except for this logging message
2025-12-15 14:14:59,917 INFO  ExportPropertyManager.cs: 1036 - OnListboxSelectionChanged called. This method no longer throws an Exception. It just silently does nothing. Ok, except for this logging message
2025-12-15 14:15:01,173 INFO  ExportPropertyManager.cs: 1036 - OnListboxSelectionChanged called. This method no longer throws an Exception. It just silently does nothing. Ok, except for this logging message
2025-12-15 14:19:42,118 INFO  ExportPropertyManager.cs: 422 - Configuration saved
2025-12-15 14:19:46,020 INFO  ExportHelperExtension.cs: 347 - Creating joint link_1
2025-12-15 14:19:46,028 INFO  ExportHelperExtension.cs: 1397 - Fixing components for base_link
2025-12-15 14:19:46,028 INFO  ExportHelperExtension.cs: 1402 - Fixing 64
2025-12-15 14:19:46,030 INFO  ExportHelperExtension.cs: 1409 - Component 64 is already fixed
2025-12-15 14:19:46,030 INFO  ExportHelperExtension.cs: 1402 - Fixing 67
2025-12-15 14:19:46,030 INFO  ExportHelperExtension.cs: 1409 - Component 67 is already fixed
2025-12-15 14:19:46,031 INFO  ExportHelperExtension.cs: 1402 - Fixing 66
2025-12-15 14:19:46,031 INFO  ExportHelperExtension.cs: 1409 - Component 66 is already fixed
2025-12-15 14:19:46,031 INFO  ExportHelperExtension.cs: 1402 - Fixing 65
2025-12-15 14:19:46,031 INFO  ExportHelperExtension.cs: 1409 - Component 65 is already fixed
2025-12-15 14:19:46,032 INFO  ExportHelperExtension.cs: 1402 - Fixing 68
2025-12-15 14:19:46,032 INFO  ExportHelperExtension.cs: 1409 - Component 68 is already fixed
2025-12-15 14:19:46,033 INFO  ExportHelperExtension.cs: 1402 - Fixing 69
2025-12-15 14:19:46,033 INFO  ExportHelperExtension.cs: 1409 - Component 69 is already fixed
2025-12-15 14:19:46,033 INFO  ExportHelperExtension.cs: 1402 - Fixing 30
2025-12-15 14:19:46,033 INFO  ExportHelperExtension.cs: 1409 - Component 30 is already fixed
2025-12-15 14:19:46,361 INFO  ExportHelperExtension.cs: 832 - R1: 0, 0
2025-12-15 14:19:46,362 INFO  ExportHelperExtension.cs: 841 - R2: 0, 0
2025-12-15 14:19:46,362 INFO  ExportHelperExtension.cs: 849 - L1: 0
2025-12-15 14:19:46,362 INFO  ExportHelperExtension.cs: 857 - L2: 0
2025-12-15 14:19:47,756 WARN  ExportHelperExtension.cs: 351 - Creating joint from parent base_link to child link_1 failed
2025-12-15 14:19:47,821 INFO  ExportHelperExtension.cs: 347 - Creating joint link_2
2025-12-15 14:19:47,822 INFO  ExportHelperExtension.cs: 1397 - Fixing components for link_1
2025-12-15 14:19:47,822 INFO  ExportHelperExtension.cs: 1402 - Fixing 26
2025-12-15 14:19:47,823 INFO  ExportHelperExtension.cs: 1409 - Component 26 is already fixed
2025-12-15 14:19:47,823 INFO  ExportHelperExtension.cs: 1402 - Fixing 48
2025-12-15 14:19:47,823 INFO  ExportHelperExtension.cs: 1409 - Component 48 is already fixed
2025-12-15 14:19:47,824 INFO  ExportHelperExtension.cs: 1402 - Fixing 64
2025-12-15 14:19:47,824 INFO  ExportHelperExtension.cs: 1409 - Component 64 is already fixed
2025-12-15 14:19:47,824 INFO  ExportHelperExtension.cs: 1402 - Fixing 67
2025-12-15 14:19:47,824 INFO  ExportHelperExtension.cs: 1409 - Component 67 is already fixed
2025-12-15 14:19:47,825 INFO  ExportHelperExtension.cs: 1402 - Fixing 66
2025-12-15 14:19:47,825 INFO  ExportHelperExtension.cs: 1409 - Component 66 is already fixed
2025-12-15 14:19:47,825 INFO  ExportHelperExtension.cs: 1402 - Fixing 65
2025-12-15 14:19:47,825 INFO  ExportHelperExtension.cs: 1409 - Component 65 is already fixed
2025-12-15 14:19:47,826 INFO  ExportHelperExtension.cs: 1402 - Fixing 68
2025-12-15 14:19:47,826 INFO  ExportHelperExtension.cs: 1409 - Component 68 is already fixed
2025-12-15 14:19:47,826 INFO  ExportHelperExtension.cs: 1402 - Fixing 69
2025-12-15 14:19:47,826 INFO  ExportHelperExtension.cs: 1409 - Component 69 is already fixed
2025-12-15 14:19:47,827 INFO  ExportHelperExtension.cs: 1402 - Fixing 30
2025-12-15 14:19:47,827 INFO  ExportHelperExtension.cs: 1409 - Component 30 is already fixed
2025-12-15 14:19:48,185 INFO  ExportHelperExtension.cs: 832 - R1: 0, 0
2025-12-15 14:19:48,186 INFO  ExportHelperExtension.cs: 841 - R2: 0, 0
2025-12-15 14:19:48,186 INFO  ExportHelperExtension.cs: 849 - L1: 0
2025-12-15 14:19:48,186 INFO  ExportHelperExtension.cs: 857 - L2: 0
2025-12-15 14:19:49,527 WARN  ExportHelperExtension.cs: 351 - Creating joint from parent link_1 to child link_2 failed
2025-12-15 14:19:49,556 INFO  ExportHelperExtension.cs: 347 - Creating joint link_3
2025-12-15 14:19:49,556 INFO  ExportHelperExtension.cs: 1397 - Fixing components for link_2
2025-12-15 14:19:49,558 INFO  ExportHelperExtension.cs: 1402 - Fixing 25
2025-12-15 14:19:49,558 INFO  ExportHelperExtension.cs: 1409 - Component 25 is already fixed
2025-12-15 14:19:49,558 INFO  ExportHelperExtension.cs: 1402 - Fixing 33
2025-12-15 14:19:49,558 INFO  ExportHelperExtension.cs: 1409 - Component 33 is already fixed
2025-12-15 14:19:49,559 INFO  ExportHelperExtension.cs: 1402 - Fixing 27
2025-12-15 14:19:49,559 INFO  ExportHelperExtension.cs: 1409 - Component 27 is already fixed
2025-12-15 14:19:49,559 INFO  ExportHelperExtension.cs: 1402 - Fixing 26
2025-12-15 14:19:49,559 INFO  ExportHelperExtension.cs: 1409 - Component 26 is already fixed
2025-12-15 14:19:49,560 INFO  ExportHelperExtension.cs: 1402 - Fixing 48
2025-12-15 14:19:49,560 INFO  ExportHelperExtension.cs: 1409 - Component 48 is already fixed
2025-12-15 14:19:49,560 INFO  ExportHelperExtension.cs: 1402 - Fixing 64
2025-12-15 14:19:49,560 INFO  ExportHelperExtension.cs: 1409 - Component 64 is already fixed
2025-12-15 14:19:49,561 INFO  ExportHelperExtension.cs: 1402 - Fixing 67
2025-12-15 14:19:49,561 INFO  ExportHelperExtension.cs: 1409 - Component 67 is already fixed
2025-12-15 14:19:49,561 INFO  ExportHelperExtension.cs: 1402 - Fixing 66
2025-12-15 14:19:49,561 INFO  ExportHelperExtension.cs: 1409 - Component 66 is already fixed
2025-12-15 14:19:49,562 INFO  ExportHelperExtension.cs: 1402 - Fixing 65
2025-12-15 14:19:49,562 INFO  ExportHelperExtension.cs: 1409 - Component 65 is already fixed
2025-12-15 14:19:49,562 INFO  ExportHelperExtension.cs: 1402 - Fixing 68
2025-12-15 14:19:49,562 INFO  ExportHelperExtension.cs: 1409 - Component 68 is already fixed
2025-12-15 14:19:49,563 INFO  ExportHelperExtension.cs: 1402 - Fixing 69
2025-12-15 14:19:49,563 INFO  ExportHelperExtension.cs: 1409 - Component 69 is already fixed
2025-12-15 14:19:49,563 INFO  ExportHelperExtension.cs: 1402 - Fixing 30
2025-12-15 14:19:49,563 INFO  ExportHelperExtension.cs: 1409 - Component 30 is already fixed
2025-12-15 14:19:49,983 INFO  ExportHelperExtension.cs: 832 - R1: 0, 0
2025-12-15 14:19:49,983 INFO  ExportHelperExtension.cs: 841 - R2: 0, 0
2025-12-15 14:19:49,984 INFO  ExportHelperExtension.cs: 849 - L1: 0
2025-12-15 14:19:49,984 INFO  ExportHelperExtension.cs: 857 - L2: 0
2025-12-15 14:19:51,628 WARN  ExportHelperExtension.cs: 351 - Creating joint from parent link_2 to child link_3 failed
2025-12-15 14:19:51,699 INFO  ExportHelperExtension.cs: 347 - Creating joint Link_4
2025-12-15 14:19:51,700 INFO  ExportHelperExtension.cs: 1397 - Fixing components for link_3
2025-12-15 14:19:51,701 INFO  ExportHelperExtension.cs: 1402 - Fixing 34
2025-12-15 14:19:51,701 INFO  ExportHelperExtension.cs: 1409 - Component 34 is already fixed
2025-12-15 14:19:51,701 INFO  ExportHelperExtension.cs: 1402 - Fixing 42
2025-12-15 14:19:51,702 INFO  ExportHelperExtension.cs: 1409 - Component 42 is already fixed
2025-12-15 14:19:51,702 INFO  ExportHelperExtension.cs: 1402 - Fixing 28
2025-12-15 14:19:51,703 INFO  ExportHelperExtension.cs: 1409 - Component 28 is already fixed
2025-12-15 14:19:51,703 INFO  ExportHelperExtension.cs: 1402 - Fixing 25
2025-12-15 14:19:51,703 INFO  ExportHelperExtension.cs: 1409 - Component 25 is already fixed
2025-12-15 14:19:51,703 INFO  ExportHelperExtension.cs: 1402 - Fixing 33
2025-12-15 14:19:51,704 INFO  ExportHelperExtension.cs: 1409 - Component 33 is already fixed
2025-12-15 14:19:51,704 INFO  ExportHelperExtension.cs: 1402 - Fixing 27
2025-12-15 14:19:51,704 INFO  ExportHelperExtension.cs: 1409 - Component 27 is already fixed
2025-12-15 14:19:51,705 INFO  ExportHelperExtension.cs: 1402 - Fixing 26
2025-12-15 14:19:51,705 INFO  ExportHelperExtension.cs: 1409 - Component 26 is already fixed
2025-12-15 14:19:51,705 INFO  ExportHelperExtension.cs: 1402 - Fixing 48
2025-12-15 14:19:51,705 INFO  ExportHelperExtension.cs: 1409 - Component 48 is already fixed
2025-12-15 14:19:51,706 INFO  ExportHelperExtension.cs: 1402 - Fixing 64
2025-12-15 14:19:51,706 INFO  ExportHelperExtension.cs: 1409 - Component 64 is already fixed
2025-12-15 14:19:51,706 INFO  ExportHelperExtension.cs: 1402 - Fixing 67
2025-12-15 14:19:51,707 INFO  ExportHelperExtension.cs: 1409 - Component 67 is already fixed
2025-12-15 14:19:51,707 INFO  ExportHelperExtension.cs: 1402 - Fixing 66
2025-12-15 14:19:51,707 INFO  ExportHelperExtension.cs: 1409 - Component 66 is already fixed
2025-12-15 14:19:51,707 INFO  ExportHelperExtension.cs: 1402 - Fixing 65
2025-12-15 14:19:51,708 INFO  ExportHelperExtension.cs: 1409 - Component 65 is already fixed
2025-12-15 14:19:51,708 INFO  ExportHelperExtension.cs: 1402 - Fixing 68
2025-12-15 14:19:51,708 INFO  ExportHelperExtension.cs: 1409 - Component 68 is already fixed
2025-12-15 14:19:51,708 INFO  ExportHelperExtension.cs: 1402 - Fixing 69
2025-12-15 14:19:51,708 INFO  ExportHelperExtension.cs: 1409 - Component 69 is already fixed
2025-12-15 14:19:51,712 INFO  ExportHelperExtension.cs: 1402 - Fixing 30
2025-12-15 14:19:51,712 INFO  ExportHelperExtension.cs: 1409 - Component 30 is already fixed
2025-12-15 14:19:52,274 INFO  ExportHelperExtension.cs: 832 - R1: 0, 0
2025-12-15 14:19:52,274 INFO  ExportHelperExtension.cs: 841 - R2: 0, 0
2025-12-15 14:19:52,275 INFO  ExportHelperExtension.cs: 849 - L1: 0
2025-12-15 14:19:52,275 INFO  ExportHelperExtension.cs: 857 - L2: 0
2025-12-15 14:19:53,714 WARN  ExportHelperExtension.cs: 351 - Creating joint from parent link_3 to child Link_4 failed
2025-12-15 14:19:53,785 INFO  ExportHelperExtension.cs: 347 - Creating joint grab
2025-12-15 14:19:53,786 INFO  ExportHelperExtension.cs: 1397 - Fixing components for Link_4
2025-12-15 14:19:53,786 INFO  ExportHelperExtension.cs: 1402 - Fixing 29
2025-12-15 14:19:53,787 INFO  ExportHelperExtension.cs: 1409 - Component 29 is already fixed
2025-12-15 14:19:53,787 INFO  ExportHelperExtension.cs: 1402 - Fixing 36
2025-12-15 14:19:53,787 INFO  ExportHelperExtension.cs: 1409 - Component 36 is already fixed
2025-12-15 14:19:53,788 INFO  ExportHelperExtension.cs: 1402 - Fixing 35
2025-12-15 14:19:53,788 INFO  ExportHelperExtension.cs: 1409 - Component 35 is already fixed
2025-12-15 14:19:53,788 INFO  ExportHelperExtension.cs: 1402 - Fixing 54
2025-12-15 14:19:53,788 INFO  ExportHelperExtension.cs: 1409 - Component 54 is already fixed
2025-12-15 14:19:53,788 INFO  ExportHelperExtension.cs: 1402 - Fixing 34
2025-12-15 14:19:53,789 INFO  ExportHelperExtension.cs: 1409 - Component 34 is already fixed
2025-12-15 14:19:53,789 INFO  ExportHelperExtension.cs: 1402 - Fixing 42
2025-12-15 14:19:53,790 INFO  ExportHelperExtension.cs: 1409 - Component 42 is already fixed
2025-12-15 14:19:53,790 INFO  ExportHelperExtension.cs: 1402 - Fixing 28
2025-12-15 14:19:53,790 INFO  ExportHelperExtension.cs: 1409 - Component 28 is already fixed
2025-12-15 14:19:53,790 INFO  ExportHelperExtension.cs: 1402 - Fixing 25
2025-12-15 14:19:53,791 INFO  ExportHelperExtension.cs: 1409 - Component 25 is already fixed
2025-12-15 14:19:53,791 INFO  ExportHelperExtension.cs: 1402 - Fixing 33
2025-12-15 14:19:53,791 INFO  ExportHelperExtension.cs: 1409 - Component 33 is already fixed
2025-12-15 14:19:53,791 INFO  ExportHelperExtension.cs: 1402 - Fixing 27
2025-12-15 14:19:53,792 INFO  ExportHelperExtension.cs: 1409 - Component 27 is already fixed
2025-12-15 14:19:53,792 INFO  ExportHelperExtension.cs: 1402 - Fixing 26
2025-12-15 14:19:53,792 INFO  ExportHelperExtension.cs: 1409 - Component 26 is already fixed
2025-12-15 14:19:53,792 INFO  ExportHelperExtension.cs: 1402 - Fixing 48
2025-12-15 14:19:53,793 INFO  ExportHelperExtension.cs: 1409 - Component 48 is already fixed
2025-12-15 14:19:53,793 INFO  ExportHelperExtension.cs: 1402 - Fixing 64
2025-12-15 14:19:53,793 INFO  ExportHelperExtension.cs: 1409 - Component 64 is already fixed
2025-12-15 14:19:53,793 INFO  ExportHelperExtension.cs: 1402 - Fixing 67
2025-12-15 14:19:53,794 INFO  ExportHelperExtension.cs: 1409 - Component 67 is already fixed
2025-12-15 14:19:53,794 INFO  ExportHelperExtension.cs: 1402 - Fixing 66
2025-12-15 14:19:53,795 INFO  ExportHelperExtension.cs: 1409 - Component 66 is already fixed
2025-12-15 14:19:53,795 INFO  ExportHelperExtension.cs: 1402 - Fixing 65
2025-12-15 14:19:53,796 INFO  ExportHelperExtension.cs: 1409 - Component 65 is already fixed
2025-12-15 14:19:53,796 INFO  ExportHelperExtension.cs: 1402 - Fixing 68
2025-12-15 14:19:53,796 INFO  ExportHelperExtension.cs: 1409 - Component 68 is already fixed
2025-12-15 14:19:53,796 INFO  ExportHelperExtension.cs: 1402 - Fixing 69
2025-12-15 14:19:53,796 INFO  ExportHelperExtension.cs: 1409 - Component 69 is already fixed
2025-12-15 14:19:53,798 INFO  ExportHelperExtension.cs: 1402 - Fixing 30
2025-12-15 14:19:53,798 INFO  ExportHelperExtension.cs: 1409 - Component 30 is already fixed
2025-12-15 14:19:54,420 INFO  ExportHelperExtension.cs: 832 - R1: 0, 0
2025-12-15 14:19:54,420 INFO  ExportHelperExtension.cs: 841 - R2: 0, 0
2025-12-15 14:19:54,420 INFO  ExportHelperExtension.cs: 849 - L1: 0
2025-12-15 14:19:54,421 INFO  ExportHelperExtension.cs: 857 - L2: 0
2025-12-15 14:19:55,963 WARN  ExportHelperExtension.cs: 351 - Creating joint from parent Link_4 to child grab failed
2025-12-15 14:19:56,181 INFO  ExportHelperExtension.cs: 1125 - Retrieving features of type [CoordSys] from robotic arm mine.STEP.SLDASM
2025-12-15 14:19:56,190 INFO  ExportHelperExtension.cs: 1136 - Found 79 in robotic arm mine.STEP.SLDASM
2025-12-15 14:19:56,191 INFO  ExportHelperExtension.cs: 1145 - Found 6 features of type [CoordSys] in robotic arm mine.STEP.SLDASM
2025-12-15 14:19:56,191 INFO  ExportHelperExtension.cs: 1148 - Proceeding through assembly components
2025-12-15 14:19:56,191 INFO  ExportHelperExtension.cs: 1160 - 48 components to check
2025-12-15 14:19:56,192 INFO  ExportHelperExtension.cs: 1125 - Retrieving features of type [CoordSys] from SHORT SIDE.STEP-2
2025-12-15 14:19:56,192 INFO  ExportHelperExtension.cs: 1136 - Found 40 in SHORT SIDE.STEP-2
2025-12-15 14:19:56,192 INFO  ExportHelperExtension.cs: 1145 - Found 0 features of type [CoordSys] in SHORT SIDE.STEP-2
2025-12-15 14:19:56,192 INFO  ExportHelperExtension.cs: 1125 - Retrieving features of type [CoordSys] from SHORT SIDE.STEP-1
2025-12-15 14:19:56,193 INFO  ExportHelperExtension.cs: 1136 - Found 40 in SHORT SIDE.STEP-1
2025-12-15 14:19:56,193 INFO  ExportHelperExtension.cs: 1145 - Found 0 features of type [CoordSys] in SHORT SIDE.STEP-1
2025-12-15 14:19:56,194 INFO  ExportHelperExtension.cs: 1125 - Retrieving features of type [CoordSys] from Carttt.STEP-1
2025-12-15 14:19:56,194 INFO  ExportHelperExtension.cs: 1136 - Found 40 in Carttt.STEP-1
2025-12-15 14:19:56,195 INFO  ExportHelperExtension.cs: 1145 - Found 0 features of type [CoordSys] in Carttt.STEP-1
2025-12-15 14:19:56,195 INFO  ExportHelperExtension.cs: 1125 - Retrieving features of type [CoordSys] from BIG SIDE.STEP-2
2025-12-15 14:19:56,196 INFO  ExportHelperExtension.cs: 1136 - Found 40 in BIG SIDE.STEP-2
2025-12-15 14:19:56,196 INFO  ExportHelperExtension.cs: 1145 - Found 0 features of type [CoordSys] in BIG SIDE.STEP-2
2025-12-15 14:19:56,196 INFO  ExportHelperExtension.cs: 1125 - Retrieving features of type [CoordSys] from BIG SIDE.STEP-1
2025-12-15 14:19:56,196 INFO  ExportHelperExtension.cs: 1136 - Found 40 in BIG SIDE.STEP-1
2025-12-15 14:19:56,196 INFO  ExportHelperExtension.cs: 1145 - Found 0 features of type [CoordSys] in BIG SIDE.STEP-1
2025-12-15 14:19:56,198 INFO  ExportHelperExtension.cs: 1125 - Retrieving features of type [CoordSys] from BIG SIDE.STEP-3
2025-12-15 14:19:56,198 INFO  ExportHelperExtension.cs: 1136 - Found 40 in BIG SIDE.STEP-3
2025-12-15 14:19:56,198 INFO  ExportHelperExtension.cs: 1145 - Found 0 features of type [CoordSys] in BIG SIDE.STEP-3
2025-12-15 14:19:56,199 INFO  ExportHelperExtension.cs: 1125 - Retrieving features of type [CoordSys] from servo.STEP-1
2025-12-15 14:19:56,199 INFO  ExportHelperExtension.cs: 1136 - Found 40 in servo.STEP-1
2025-12-15 14:19:56,199 INFO  ExportHelperExtension.cs: 1145 - Found 0 features of type [CoordSys] in servo.STEP-1
2025-12-15 14:19:56,200 INFO  ExportHelperExtension.cs: 1125 - Retrieving features of type [CoordSys] from qqqqqqqq.STEP-1
2025-12-15 14:19:56,200 INFO  ExportHelperExtension.cs: 1136 - Found 40 in qqqqqqqq.STEP-1
2025-12-15 14:19:56,201 INFO  ExportHelperExtension.cs: 1145 - Found 0 features of type [CoordSys] in qqqqqqqq.STEP-1
2025-12-15 14:19:56,201 INFO  ExportHelperExtension.cs: 1125 - Retrieving features of type [CoordSys] from 15.STEP-1
2025-12-15 14:19:56,202 INFO  ExportHelperExtension.cs: 1136 - Found 40 in 15.STEP-1
2025-12-15 14:19:56,202 INFO  ExportHelperExtension.cs: 1145 - Found 0 features of type [CoordSys] in 15.STEP-1
2025-12-15 14:19:56,203 INFO  ExportHelperExtension.cs: 1125 - Retrieving features of type [CoordSys] from 13.STEP-1
2025-12-15 14:19:56,203 INFO  ExportHelperExtension.cs: 1136 - Found 40 in 13.STEP-1
2025-12-15 14:19:56,204 INFO  ExportHelperExtension.cs: 1145 - Found 0 features of type [CoordSys] in 13.STEP-1
2025-12-15 14:19:56,204 INFO  ExportHelperExtension.cs: 1125 - Retrieving features of type [CoordSys] from wheel for servooo.STEP-1
2025-12-15 14:19:56,205 INFO  ExportHelperExtension.cs: 1136 - Found 40 in wheel for servooo.STEP-1
2025-12-15 14:19:56,205 INFO  ExportHelperExtension.cs: 1145 - Found 0 features of type [CoordSys] in wheel for servooo.STEP-1
2025-12-15 14:19:56,205 INFO  ExportHelperExtension.cs: 1125 - Retrieving features of type [CoordSys] from 6.2.STEP-1
2025-12-15 14:19:56,206 INFO  ExportHelperExtension.cs: 1136 - Found 40 in 6.2.STEP-1
2025-12-15 14:19:56,206 INFO  ExportHelperExtension.cs: 1145 - Found 0 features of type [CoordSys] in 6.2.STEP-1
2025-12-15 14:19:56,207 INFO  ExportHelperExtension.cs: 1125 - Retrieving features of type [CoordSys] from servo motor.STEP-1
2025-12-15 14:19:56,207 INFO  ExportHelperExtension.cs: 1136 - Found 40 in servo motor.STEP-1
2025-12-15 14:19:56,208 INFO  ExportHelperExtension.cs: 1145 - Found 0 features of type [CoordSys] in servo motor.STEP-1
2025-12-15 14:19:56,208 INFO  ExportHelperExtension.cs: 1125 - Retrieving features of type [CoordSys] from G.STEP-1
2025-12-15 14:19:56,208 INFO  ExportHelperExtension.cs: 1136 - Found 40 in G.STEP-1
2025-12-15 14:19:56,208 INFO  ExportHelperExtension.cs: 1145 - Found 0 features of type [CoordSys] in G.STEP-1
2025-12-15 14:19:56,209 INFO  ExportHelperExtension.cs: 1125 - Retrieving features of type [CoordSys] from wheel for servooo 2.STEP-1
2025-12-15 14:19:56,209 INFO  ExportHelperExtension.cs: 1136 - Found 40 in wheel for servooo 2.STEP-1
2025-12-15 14:19:56,210 INFO  ExportHelperExtension.cs: 1145 - Found 0 features of type [CoordSys] in wheel for servooo 2.STEP-1
2025-12-15 14:19:56,210 INFO  ExportHelperExtension.cs: 1125 - Retrieving features of type [CoordSys] from SHORT SIDE.STEP-3
2025-12-15 14:19:56,211 INFO  ExportHelperExtension.cs: 1136 - Found 40 in SHORT SIDE.STEP-3
2025-12-15 14:19:56,211 INFO  ExportHelperExtension.cs: 1145 - Found 0 features of type [CoordSys] in SHORT SIDE.STEP-3
2025-12-15 14:19:56,211 INFO  ExportHelperExtension.cs: 1125 - Retrieving features of type [CoordSys] from servo motor.STEP-2
2025-12-15 14:19:56,212 INFO  ExportHelperExtension.cs: 1136 - Found 40 in servo motor.STEP-2
2025-12-15 14:19:56,212 INFO  ExportHelperExtension.cs: 1145 - Found 0 features of type [CoordSys] in servo motor.STEP-2
2025-12-15 14:19:56,213 INFO  ExportHelperExtension.cs: 1125 - Retrieving features of type [CoordSys] from g 3.STEP-1
2025-12-15 14:19:56,213 INFO  ExportHelperExtension.cs: 1136 - Found 40 in g 3.STEP-1
2025-12-15 14:19:56,213 INFO  ExportHelperExtension.cs: 1145 - Found 0 features of type [CoordSys] in g 3.STEP-1
2025-12-15 14:19:56,214 INFO  ExportHelperExtension.cs: 1125 - Retrieving features of type [CoordSys] from g 2.STEP-2
2025-12-15 14:19:56,214 INFO  ExportHelperExtension.cs: 1136 - Found 40 in g 2.STEP-2
2025-12-15 14:19:56,223 INFO  ExportHelperExtension.cs: 1145 - Found 0 features of type [CoordSys] in g 2.STEP-2
2025-12-15 14:19:56,259 INFO  ExportHelperExtension.cs: 1125 - Retrieving features of type [CoordSys] from g6.STEP-1
2025-12-15 14:19:56,260 INFO  ExportHelperExtension.cs: 1136 - Found 40 in g6.STEP-1
2025-12-15 14:19:56,261 INFO  ExportHelperExtension.cs: 1145 - Found 0 features of type [CoordSys] in g6.STEP-1
2025-12-15 14:19:56,261 INFO  ExportHelperExtension.cs: 1125 - Retrieving features of type [CoordSys] from G.STEP-2
2025-12-15 14:19:56,261 INFO  ExportHelperExtension.cs: 1136 - Found 40 in G.STEP-2
2025-12-15 14:19:56,261 INFO  ExportHelperExtension.cs: 1145 - Found 0 features of type [CoordSys] in G.STEP-2
2025-12-15 14:19:56,262 INFO  ExportHelperExtension.cs: 1125 - Retrieving features of type [CoordSys] from wheel for servooo.STEP-3
2025-12-15 14:19:56,262 INFO  ExportHelperExtension.cs: 1136 - Found 40 in wheel for servooo.STEP-3
2025-12-15 14:19:56,263 INFO  ExportHelperExtension.cs: 1145 - Found 0 features of type [CoordSys] in wheel for servooo.STEP-3
2025-12-15 14:19:56,263 INFO  ExportHelperExtension.cs: 1125 - Retrieving features of type [CoordSys] from wheel for servooo 2.STEP-2
2025-12-15 14:19:56,263 INFO  ExportHelperExtension.cs: 1136 - Found 40 in wheel for servooo 2.STEP-2
2025-12-15 14:19:56,264 INFO  ExportHelperExtension.cs: 1145 - Found 0 features of type [CoordSys] in wheel for servooo 2.STEP-2
2025-12-15 14:19:56,264 INFO  ExportHelperExtension.cs: 1125 - Retrieving features of type [CoordSys] from wheel for servooo.STEP-2
2025-12-15 14:19:56,264 INFO  ExportHelperExtension.cs: 1136 - Found 40 in wheel for servooo.STEP-2
2025-12-15 14:19:56,265 INFO  ExportHelperExtension.cs: 1145 - Found 0 features of type [CoordSys] in wheel for servooo.STEP-2
2025-12-15 14:19:56,265 INFO  ExportHelperExtension.cs: 1125 - Retrieving features of type [CoordSys] from G.STEP-3
2025-12-15 14:19:56,266 INFO  ExportHelperExtension.cs: 1136 - Found 40 in G.STEP-3
2025-12-15 14:19:56,266 INFO  ExportHelperExtension.cs: 1145 - Found 0 features of type [CoordSys] in G.STEP-3
2025-12-15 14:19:56,266 INFO  ExportHelperExtension.cs: 1125 - Retrieving features of type [CoordSys] from wheel for servooo 2.STEP-3
2025-12-15 14:19:56,266 INFO  ExportHelperExtension.cs: 1136 - Found 40 in wheel for servooo 2.STEP-3
2025-12-15 14:19:56,266 INFO  ExportHelperExtension.cs: 1145 - Found 0 features of type [CoordSys] in wheel for servooo 2.STEP-3
2025-12-15 14:19:56,268 INFO  ExportHelperExtension.cs: 1125 - Retrieving features of type [CoordSys] from servo motor.STEP-3
2025-12-15 14:19:56,268 INFO  ExportHelperExtension.cs: 1136 - Found 40 in servo motor.STEP-3
2025-12-15 14:19:56,269 INFO  ExportHelperExtension.cs: 1145 - Found 0 features of type [CoordSys] in servo motor.STEP-3
2025-12-15 14:19:56,269 INFO  ExportHelperExtension.cs: 1125 - Retrieving features of type [CoordSys] from g 2.STEP-1
2025-12-15 14:19:56,269 INFO  ExportHelperExtension.cs: 1136 - Found 40 in g 2.STEP-1
2025-12-15 14:19:56,270 INFO  ExportHelperExtension.cs: 1145 - Found 0 features of type [CoordSys] in g 2.STEP-1
2025-12-15 14:19:56,270 INFO  ExportHelperExtension.cs: 1125 - Retrieving features of type [CoordSys] from g 1.STEP-1
2025-12-15 14:19:56,270 INFO  ExportHelperExtension.cs: 1136 - Found 40 in g 1.STEP-1
2025-12-15 14:19:56,271 INFO  ExportHelperExtension.cs: 1145 - Found 0 features of type [CoordSys] in g 1.STEP-1
2025-12-15 14:19:56,271 INFO  ExportHelperExtension.cs: 1125 - Retrieving features of type [CoordSys] from g5.STEP-1
2025-12-15 14:19:56,272 INFO  ExportHelperExtension.cs: 1136 - Found 40 in g5.STEP-1
2025-12-15 14:19:56,272 INFO  ExportHelperExtension.cs: 1145 - Found 0 features of type [CoordSys] in g5.STEP-1
2025-12-15 14:19:56,272 INFO  ExportHelperExtension.cs: 1125 - Retrieving features of type [CoordSys] from nail.STEP-2
2025-12-15 14:19:56,273 INFO  ExportHelperExtension.cs: 1136 - Found 40 in nail.STEP-2
2025-12-15 14:19:56,273 INFO  ExportHelperExtension.cs: 1145 - Found 0 features of type [CoordSys] in nail.STEP-2
2025-12-15 14:19:56,274 INFO  ExportHelperExtension.cs: 1125 - Retrieving features of type [CoordSys] from g 3.STEP-2
2025-12-15 14:19:56,274 INFO  ExportHelperExtension.cs: 1136 - Found 40 in g 3.STEP-2
2025-12-15 14:19:56,275 INFO  ExportHelperExtension.cs: 1145 - Found 0 features of type [CoordSys] in g 3.STEP-2
2025-12-15 14:19:56,275 INFO  ExportHelperExtension.cs: 1125 - Retrieving features of type [CoordSys] from g5.STEP-2
2025-12-15 14:19:56,275 INFO  ExportHelperExtension.cs: 1136 - Found 40 in g5.STEP-2
2025-12-15 14:19:56,276 INFO  ExportHelperExtension.cs: 1145 - Found 0 features of type [CoordSys] in g5.STEP-2
2025-12-15 14:19:56,276 INFO  ExportHelperExtension.cs: 1125 - Retrieving features of type [CoordSys] from g 3.STEP-3
2025-12-15 14:19:56,276 INFO  ExportHelperExtension.cs: 1136 - Found 40 in g 3.STEP-3
2025-12-15 14:19:56,276 INFO  ExportHelperExtension.cs: 1145 - Found 0 features of type [CoordSys] in g 3.STEP-3
2025-12-15 14:19:56,276 INFO  ExportHelperExtension.cs: 1125 - Retrieving features of type [CoordSys] from g 3.STEP-4
2025-12-15 14:19:56,276 INFO  ExportHelperExtension.cs: 1136 - Found 40 in g 3.STEP-4
2025-12-15 14:19:56,278 INFO  ExportHelperExtension.cs: 1145 - Found 0 features of type [CoordSys] in g 3.STEP-4
2025-12-15 14:19:56,278 INFO  ExportHelperExtension.cs: 1125 - Retrieving features of type [CoordSys] from g 3.STEP-5
2025-12-15 14:19:56,278 INFO  ExportHelperExtension.cs: 1136 - Found 40 in g 3.STEP-5
2025-12-15 14:19:56,279 INFO  ExportHelperExtension.cs: 1145 - Found 0 features of type [CoordSys] in g 3.STEP-5
2025-12-15 14:19:56,279 INFO  ExportHelperExtension.cs: 1125 - Retrieving features of type [CoordSys] from g5.STEP-3
2025-12-15 14:19:56,279 INFO  ExportHelperExtension.cs: 1136 - Found 40 in g5.STEP-3
2025-12-15 14:19:56,279 INFO  ExportHelperExtension.cs: 1145 - Found 0 features of type [CoordSys] in g5.STEP-3
2025-12-15 14:19:56,280 INFO  ExportHelperExtension.cs: 1125 - Retrieving features of type [CoordSys] from g 3.STEP-6
2025-12-15 14:19:56,280 INFO  ExportHelperExtension.cs: 1136 - Found 40 in g 3.STEP-6
2025-12-15 14:19:56,280 INFO  ExportHelperExtension.cs: 1145 - Found 0 features of type [CoordSys] in g 3.STEP-6
2025-12-15 14:19:56,281 INFO  ExportHelperExtension.cs: 1125 - Retrieving features of type [CoordSys] from roll.STEP-1
2025-12-15 14:19:56,282 INFO  ExportHelperExtension.cs: 1136 - Found 40 in roll.STEP-1
2025-12-15 14:19:56,282 INFO  ExportHelperExtension.cs: 1145 - Found 0 features of type [CoordSys] in roll.STEP-1
2025-12-15 14:19:56,283 INFO  ExportHelperExtension.cs: 1125 - Retrieving features of type [CoordSys] from g5.STEP-4
2025-12-15 14:19:56,283 INFO  ExportHelperExtension.cs: 1136 - Found 40 in g5.STEP-4
2025-12-15 14:19:56,283 INFO  ExportHelperExtension.cs: 1145 - Found 0 features of type [CoordSys] in g5.STEP-4
2025-12-15 14:19:56,284 INFO  ExportHelperExtension.cs: 1125 - Retrieving features of type [CoordSys] from roll 2.STEP-1
2025-12-15 14:19:56,284 INFO  ExportHelperExtension.cs: 1136 - Found 40 in roll 2.STEP-1
2025-12-15 14:19:56,284 INFO  ExportHelperExtension.cs: 1145 - Found 0 features of type [CoordSys] in roll 2.STEP-1
2025-12-15 14:19:56,285 INFO  ExportHelperExtension.cs: 1125 - Retrieving features of type [CoordSys] from nail.STEP-1
2025-12-15 14:19:56,285 INFO  ExportHelperExtension.cs: 1136 - Found 40 in nail.STEP-1
2025-12-15 14:19:56,285 INFO  ExportHelperExtension.cs: 1145 - Found 0 features of type [CoordSys] in nail.STEP-1
2025-12-15 14:19:56,286 INFO  ExportHelperExtension.cs: 1125 - Retrieving features of type [CoordSys] from RS550 12V DC Motor_Valor predeterminado.STEP-3
2025-12-15 14:19:56,286 INFO  ExportHelperExtension.cs: 1136 - Found 40 in RS550 12V DC Motor_Valor predeterminado.STEP-3
2025-12-15 14:19:56,287 INFO  ExportHelperExtension.cs: 1145 - Found 0 features of type [CoordSys] in RS550 12V DC Motor_Valor predeterminado.STEP-3
2025-12-15 14:19:56,287 INFO  ExportHelperExtension.cs: 1125 - Retrieving features of type [CoordSys] from RS550 12V DC Motor_Valor predeterminado.STEP-1
2025-12-15 14:19:56,287 INFO  ExportHelperExtension.cs: 1136 - Found 40 in RS550 12V DC Motor_Valor predeterminado.STEP-1
2025-12-15 14:19:56,288 INFO  ExportHelperExtension.cs: 1145 - Found 0 features of type [CoordSys] in RS550 12V DC Motor_Valor predeterminado.STEP-1
2025-12-15 14:19:56,288 INFO  ExportHelperExtension.cs: 1125 - Retrieving features of type [CoordSys] from RS550 12V DC Motor_Valor predeterminado.STEP-4
2025-12-15 14:19:56,288 INFO  ExportHelperExtension.cs: 1136 - Found 40 in RS550 12V DC Motor_Valor predeterminado.STEP-4
2025-12-15 14:19:56,288 INFO  ExportHelperExtension.cs: 1145 - Found 0 features of type [CoordSys] in RS550 12V DC Motor_Valor predeterminado.STEP-4
2025-12-15 14:19:56,288 INFO  ExportHelperExtension.cs: 1125 - Retrieving features of type [CoordSys] from nail.STEP-3
2025-12-15 14:19:56,288 INFO  ExportHelperExtension.cs: 1136 - Found 40 in nail.STEP-3
2025-12-15 14:19:56,289 INFO  ExportHelperExtension.cs: 1145 - Found 0 features of type [CoordSys] in nail.STEP-3
2025-12-15 14:19:56,289 INFO  ExportHelperExtension.cs: 1125 - Retrieving features of type [CoordSys] from RS550 12V DC Motor_Valor predeterminado.STEP-2
2025-12-15 14:19:56,289 INFO  ExportHelperExtension.cs: 1136 - Found 40 in RS550 12V DC Motor_Valor predeterminado.STEP-2
2025-12-15 14:19:56,290 INFO  ExportHelperExtension.cs: 1145 - Found 0 features of type [CoordSys] in RS550 12V DC Motor_Valor predeterminado.STEP-2
2025-12-15 14:19:56,290 INFO  ExportHelperExtension.cs: 1125 - Retrieving features of type [CoordSys] from nail.STEP-4
2025-12-15 14:19:56,290 INFO  ExportHelperExtension.cs: 1136 - Found 40 in nail.STEP-4
2025-12-15 14:19:56,291 INFO  ExportHelperExtension.cs: 1145 - Found 0 features of type [CoordSys] in nail.STEP-4
2025-12-15 14:19:56,291 INFO  ExportHelperExtension.cs: 1125 - Retrieving features of type [RefAxis] from robotic arm mine.STEP.SLDASM
2025-12-15 14:19:56,292 INFO  ExportHelperExtension.cs: 1136 - Found 79 in robotic arm mine.STEP.SLDASM
2025-12-15 14:19:56,292 INFO  ExportHelperExtension.cs: 1145 - Found 0 features of type [RefAxis] in robotic arm mine.STEP.SLDASM
2025-12-15 14:19:56,292 INFO  ExportHelperExtension.cs: 1148 - Proceeding through assembly components
2025-12-15 14:19:56,293 INFO  ExportHelperExtension.cs: 1160 - 48 components to check
2025-12-15 14:19:56,293 INFO  ExportHelperExtension.cs: 1125 - Retrieving features of type [RefAxis] from SHORT SIDE.STEP-2
2025-12-15 14:19:56,294 INFO  ExportHelperExtension.cs: 1136 - Found 40 in SHORT SIDE.STEP-2
2025-12-15 14:19:56,294 INFO  ExportHelperExtension.cs: 1145 - Found 0 features of type [RefAxis] in SHORT SIDE.STEP-2
2025-12-15 14:19:56,294 INFO  ExportHelperExtension.cs: 1125 - Retrieving features of type [RefAxis] from SHORT SIDE.STEP-1
2025-12-15 14:19:56,295 INFO  ExportHelperExtension.cs: 1136 - Found 40 in SHORT SIDE.STEP-1
2025-12-15 14:19:56,295 INFO  ExportHelperExtension.cs: 1145 - Found 0 features of type [RefAxis] in SHORT SIDE.STEP-1
2025-12-15 14:19:56,296 INFO  ExportHelperExtension.cs: 1125 - Retrieving features of type [RefAxis] from Carttt.STEP-1
2025-12-15 14:19:56,296 INFO  ExportHelperExtension.cs: 1136 - Found 40 in Carttt.STEP-1
2025-12-15 14:19:56,296 INFO  ExportHelperExtension.cs: 1145 - Found 0 features of type [RefAxis] in Carttt.STEP-1
2025-12-15 14:19:56,298 INFO  ExportHelperExtension.cs: 1125 - Retrieving features of type [RefAxis] from BIG SIDE.STEP-2
2025-12-15 14:19:56,298 INFO  ExportHelperExtension.cs: 1136 - Found 40 in BIG SIDE.STEP-2
2025-12-15 14:19:56,299 INFO  ExportHelperExtension.cs: 1145 - Found 0 features of type [RefAxis] in BIG SIDE.STEP-2
2025-12-15 14:19:56,300 INFO  ExportHelperExtension.cs: 1125 - Retrieving features of type [RefAxis] from BIG SIDE.STEP-1
2025-12-15 14:19:56,300 INFO  ExportHelperExtension.cs: 1136 - Found 40 in BIG SIDE.STEP-1
2025-12-15 14:19:56,300 INFO  ExportHelperExtension.cs: 1145 - Found 0 features of type [RefAxis] in BIG SIDE.STEP-1
2025-12-15 14:19:56,301 INFO  ExportHelperExtension.cs: 1125 - Retrieving features of type [RefAxis] from BIG SIDE.STEP-3
2025-12-15 14:19:56,301 INFO  ExportHelperExtension.cs: 1136 - Found 40 in BIG SIDE.STEP-3
2025-12-15 14:19:56,302 INFO  ExportHelperExtension.cs: 1145 - Found 0 features of type [RefAxis] in BIG SIDE.STEP-3
2025-12-15 14:19:56,302 INFO  ExportHelperExtension.cs: 1125 - Retrieving features of type [RefAxis] from servo.STEP-1
2025-12-15 14:19:56,302 INFO  ExportHelperExtension.cs: 1136 - Found 40 in servo.STEP-1
2025-12-15 14:19:56,303 INFO  ExportHelperExtension.cs: 1145 - Found 0 features of type [RefAxis] in servo.STEP-1
2025-12-15 14:19:56,313 INFO  ExportHelperExtension.cs: 1125 - Retrieving features of type [RefAxis] from qqqqqqqq.STEP-1
2025-12-15 14:19:56,314 INFO  ExportHelperExtension.cs: 1136 - Found 40 in qqqqqqqq.STEP-1
2025-12-15 14:19:56,314 INFO  ExportHelperExtension.cs: 1145 - Found 0 features of type [RefAxis] in qqqqqqqq.STEP-1
2025-12-15 14:19:56,315 INFO  ExportHelperExtension.cs: 1125 - Retrieving features of type [RefAxis] from 15.STEP-1
2025-12-15 14:19:56,315 INFO  ExportHelperExtension.cs: 1136 - Found 40 in 15.STEP-1
2025-12-15 14:19:56,316 INFO  ExportHelperExtension.cs: 1145 - Found 0 features of type [RefAxis] in 15.STEP-1
2025-12-15 14:19:56,316 INFO  ExportHelperExtension.cs: 1125 - Retrieving features of type [RefAxis] from 13.STEP-1
2025-12-15 14:19:56,316 INFO  ExportHelperExtension.cs: 1136 - Found 40 in 13.STEP-1
2025-12-15 14:19:56,316 INFO  ExportHelperExtension.cs: 1145 - Found 0 features of type [RefAxis] in 13.STEP-1
2025-12-15 14:19:56,318 INFO  ExportHelperExtension.cs: 1125 - Retrieving features of type [RefAxis] from wheel for servooo.STEP-1
2025-12-15 14:19:56,318 INFO  ExportHelperExtension.cs: 1136 - Found 40 in wheel for servooo.STEP-1
2025-12-15 14:19:56,319 INFO  ExportHelperExtension.cs: 1145 - Found 0 features of type [RefAxis] in wheel for servooo.STEP-1
2025-12-15 14:19:56,319 INFO  ExportHelperExtension.cs: 1125 - Retrieving features of type [RefAxis] from 6.2.STEP-1
2025-12-15 14:19:56,320 INFO  ExportHelperExtension.cs: 1136 - Found 40 in 6.2.STEP-1
2025-12-15 14:19:56,320 INFO  ExportHelperExtension.cs: 1145 - Found 0 features of type [RefAxis] in 6.2.STEP-1
2025-12-15 14:19:56,321 INFO  ExportHelperExtension.cs: 1125 - Retrieving features of type [RefAxis] from servo motor.STEP-1
2025-12-15 14:19:56,321 INFO  ExportHelperExtension.cs: 1136 - Found 40 in servo motor.STEP-1
2025-12-15 14:19:56,321 INFO  ExportHelperExtension.cs: 1145 - Found 0 features of type [RefAxis] in servo motor.STEP-1
2025-12-15 14:19:56,322 INFO  ExportHelperExtension.cs: 1125 - Retrieving features of type [RefAxis] from G.STEP-1
2025-12-15 14:19:56,323 INFO  ExportHelperExtension.cs: 1136 - Found 40 in G.STEP-1
2025-12-15 14:19:56,323 INFO  ExportHelperExtension.cs: 1145 - Found 0 features of type [RefAxis] in G.STEP-1
2025-12-15 14:19:56,323 INFO  ExportHelperExtension.cs: 1125 - Retrieving features of type [RefAxis] from wheel for servooo 2.STEP-1
2025-12-15 14:19:56,324 INFO  ExportHelperExtension.cs: 1136 - Found 40 in wheel for servooo 2.STEP-1
2025-12-15 14:19:56,324 INFO  ExportHelperExtension.cs: 1145 - Found 0 features of type [RefAxis] in wheel for servooo 2.STEP-1
2025-12-15 14:19:56,325 INFO  ExportHelperExtension.cs: 1125 - Retrieving features of type [RefAxis] from SHORT SIDE.STEP-3
2025-12-15 14:19:56,325 INFO  ExportHelperExtension.cs: 1136 - Found 40 in SHORT SIDE.STEP-3
2025-12-15 14:19:56,325 INFO  ExportHelperExtension.cs: 1145 - Found 0 features of type [RefAxis] in SHORT SIDE.STEP-3
2025-12-15 14:19:56,326 INFO  ExportHelperExtension.cs: 1125 - Retrieving features of type [RefAxis] from servo motor.STEP-2
2025-12-15 14:19:56,326 INFO  ExportHelperExtension.cs: 1136 - Found 40 in servo motor.STEP-2
2025-12-15 14:19:56,326 INFO  ExportHelperExtension.cs: 1145 - Found 0 features of type [RefAxis] in servo motor.STEP-2
2025-12-15 14:19:56,327 INFO  ExportHelperExtension.cs: 1125 - Retrieving features of type [RefAxis] from g 3.STEP-1
2025-12-15 14:19:56,327 INFO  ExportHelperExtension.cs: 1136 - Found 40 in g 3.STEP-1
2025-12-15 14:19:56,328 INFO  ExportHelperExtension.cs: 1145 - Found 0 features of type [RefAxis] in g 3.STEP-1
2025-12-15 14:19:56,328 INFO  ExportHelperExtension.cs: 1125 - Retrieving features of type [RefAxis] from g 2.STEP-2
2025-12-15 14:19:56,328 INFO  ExportHelperExtension.cs: 1136 - Found 40 in g 2.STEP-2
2025-12-15 14:19:56,329 INFO  ExportHelperExtension.cs: 1145 - Found 0 features of type [RefAxis] in g 2.STEP-2
2025-12-15 14:19:56,329 INFO  ExportHelperExtension.cs: 1125 - Retrieving features of type [RefAxis] from g6.STEP-1
2025-12-15 14:19:56,330 INFO  ExportHelperExtension.cs: 1136 - Found 40 in g6.STEP-1
2025-12-15 14:19:56,330 INFO  ExportHelperExtension.cs: 1145 - Found 0 features of type [RefAxis] in g6.STEP-1
2025-12-15 14:19:56,330 INFO  ExportHelperExtension.cs: 1125 - Retrieving features of type [RefAxis] from G.STEP-2
2025-12-15 14:19:56,331 INFO  ExportHelperExtension.cs: 1136 - Found 40 in G.STEP-2
2025-12-15 14:19:56,331 INFO  ExportHelperExtension.cs: 1145 - Found 0 features of type [RefAxis] in G.STEP-2
2025-12-15 14:19:56,332 INFO  ExportHelperExtension.cs: 1125 - Retrieving features of type [RefAxis] from wheel for servooo.STEP-3
2025-12-15 14:19:56,332 INFO  ExportHelperExtension.cs: 1136 - Found 40 in wheel for servooo.STEP-3
2025-12-15 14:19:56,332 INFO  ExportHelperExtension.cs: 1145 - Found 0 features of type [RefAxis] in wheel for servooo.STEP-3
2025-12-15 14:19:56,333 INFO  ExportHelperExtension.cs: 1125 - Retrieving features of type [RefAxis] from wheel for servooo 2.STEP-2
2025-12-15 14:19:56,333 INFO  ExportHelperExtension.cs: 1136 - Found 40 in wheel for servooo 2.STEP-2
2025-12-15 14:19:56,333 INFO  ExportHelperExtension.cs: 1145 - Found 0 features of type [RefAxis] in wheel for servooo 2.STEP-2
2025-12-15 14:19:56,333 INFO  ExportHelperExtension.cs: 1125 - Retrieving features of type [RefAxis] from wheel for servooo.STEP-2
2025-12-15 14:19:56,334 INFO  ExportHelperExtension.cs: 1136 - Found 40 in wheel for servooo.STEP-2
2025-12-15 14:19:56,334 INFO  ExportHelperExtension.cs: 1145 - Found 0 features of type [RefAxis] in wheel for servooo.STEP-2
2025-12-15 14:19:56,334 INFO  ExportHelperExtension.cs: 1125 - Retrieving features of type [RefAxis] from G.STEP-3
2025-12-15 14:19:56,335 INFO  ExportHelperExtension.cs: 1136 - Found 40 in G.STEP-3
2025-12-15 14:19:56,335 INFO  ExportHelperExtension.cs: 1145 - Found 0 features of type [RefAxis] in G.STEP-3
2025-12-15 14:19:56,335 INFO  ExportHelperExtension.cs: 1125 - Retrieving features of type [RefAxis] from wheel for servooo 2.STEP-3
2025-12-15 14:19:56,336 INFO  ExportHelperExtension.cs: 1136 - Found 40 in wheel for servooo 2.STEP-3
2025-12-15 14:19:56,336 INFO  ExportHelperExtension.cs: 1145 - Found 0 features of type [RefAxis] in wheel for servooo 2.STEP-3
2025-12-15 14:19:56,336 INFO  ExportHelperExtension.cs: 1125 - Retrieving features of type [RefAxis] from servo motor.STEP-3
2025-12-15 14:19:56,336 INFO  ExportHelperExtension.cs: 1136 - Found 40 in servo motor.STEP-3
2025-12-15 14:19:56,338 INFO  ExportHelperExtension.cs: 1145 - Found 0 features of type [RefAxis] in servo motor.STEP-3
2025-12-15 14:19:56,338 INFO  ExportHelperExtension.cs: 1125 - Retrieving features of type [RefAxis] from g 2.STEP-1
2025-12-15 14:19:56,338 INFO  ExportHelperExtension.cs: 1136 - Found 40 in g 2.STEP-1
2025-12-15 14:19:56,338 INFO  ExportHelperExtension.cs: 1145 - Found 0 features of type [RefAxis] in g 2.STEP-1
2025-12-15 14:19:56,339 INFO  ExportHelperExtension.cs: 1125 - Retrieving features of type [RefAxis] from g 1.STEP-1
2025-12-15 14:19:56,339 INFO  ExportHelperExtension.cs: 1136 - Found 40 in g 1.STEP-1
2025-12-15 14:19:56,340 INFO  ExportHelperExtension.cs: 1145 - Found 0 features of type [RefAxis] in g 1.STEP-1
2025-12-15 14:19:56,340 INFO  ExportHelperExtension.cs: 1125 - Retrieving features of type [RefAxis] from g5.STEP-1
2025-12-15 14:19:56,341 INFO  ExportHelperExtension.cs: 1136 - Found 40 in g5.STEP-1
2025-12-15 14:19:56,341 INFO  ExportHelperExtension.cs: 1145 - Found 0 features of type [RefAxis] in g5.STEP-1
2025-12-15 14:19:56,341 INFO  ExportHelperExtension.cs: 1125 - Retrieving features of type [RefAxis] from nail.STEP-2
2025-12-15 14:19:56,342 INFO  ExportHelperExtension.cs: 1136 - Found 40 in nail.STEP-2
2025-12-15 14:19:56,342 INFO  ExportHelperExtension.cs: 1145 - Found 0 features of type [RefAxis] in nail.STEP-2
2025-12-15 14:19:56,342 INFO  ExportHelperExtension.cs: 1125 - Retrieving features of type [RefAxis] from g 3.STEP-2
2025-12-15 14:19:56,343 INFO  ExportHelperExtension.cs: 1136 - Found 40 in g 3.STEP-2
2025-12-15 14:19:56,343 INFO  ExportHelperExtension.cs: 1145 - Found 0 features of type [RefAxis] in g 3.STEP-2
2025-12-15 14:19:56,343 INFO  ExportHelperExtension.cs: 1125 - Retrieving features of type [RefAxis] from g5.STEP-2
2025-12-15 14:19:56,344 INFO  ExportHelperExtension.cs: 1136 - Found 40 in g5.STEP-2
2025-12-15 14:19:56,344 INFO  ExportHelperExtension.cs: 1145 - Found 0 features of type [RefAxis] in g5.STEP-2
2025-12-15 14:19:56,345 INFO  ExportHelperExtension.cs: 1125 - Retrieving features of type [RefAxis] from g 3.STEP-3
2025-12-15 14:19:56,345 INFO  ExportHelperExtension.cs: 1136 - Found 40 in g 3.STEP-3
2025-12-15 14:19:56,345 INFO  ExportHelperExtension.cs: 1145 - Found 0 features of type [RefAxis] in g 3.STEP-3
2025-12-15 14:19:56,346 INFO  ExportHelperExtension.cs: 1125 - Retrieving features of type [RefAxis] from g 3.STEP-4
2025-12-15 14:19:56,346 INFO  ExportHelperExtension.cs: 1136 - Found 40 in g 3.STEP-4
2025-12-15 14:19:56,346 INFO  ExportHelperExtension.cs: 1145 - Found 0 features of type [RefAxis] in g 3.STEP-4
2025-12-15 14:19:56,346 INFO  ExportHelperExtension.cs: 1125 - Retrieving features of type [RefAxis] from g 3.STEP-5
2025-12-15 14:19:56,348 INFO  ExportHelperExtension.cs: 1136 - Found 40 in g 3.STEP-5
2025-12-15 14:19:56,348 INFO  ExportHelperExtension.cs: 1145 - Found 0 features of type [RefAxis] in g 3.STEP-5
2025-12-15 14:19:56,348 INFO  ExportHelperExtension.cs: 1125 - Retrieving features of type [RefAxis] from g5.STEP-3
2025-12-15 14:19:56,349 INFO  ExportHelperExtension.cs: 1136 - Found 40 in g5.STEP-3
2025-12-15 14:19:56,349 INFO  ExportHelperExtension.cs: 1145 - Found 0 features of type [RefAxis] in g5.STEP-3
2025-12-15 14:19:56,349 INFO  ExportHelperExtension.cs: 1125 - Retrieving features of type [RefAxis] from g 3.STEP-6
2025-12-15 14:19:56,350 INFO  ExportHelperExtension.cs: 1136 - Found 40 in g 3.STEP-6
2025-12-15 14:19:56,350 INFO  ExportHelperExtension.cs: 1145 - Found 0 features of type [RefAxis] in g 3.STEP-6
2025-12-15 14:19:56,350 INFO  ExportHelperExtension.cs: 1125 - Retrieving features of type [RefAxis] from roll.STEP-1
2025-12-15 14:19:56,351 INFO  ExportHelperExtension.cs: 1136 - Found 40 in roll.STEP-1
2025-12-15 14:19:56,351 INFO  ExportHelperExtension.cs: 1145 - Found 0 features of type [RefAxis] in roll.STEP-1
2025-12-15 14:19:56,352 INFO  ExportHelperExtension.cs: 1125 - Retrieving features of type [RefAxis] from g5.STEP-4
2025-12-15 14:19:56,352 INFO  ExportHelperExtension.cs: 1136 - Found 40 in g5.STEP-4
2025-12-15 14:19:56,353 INFO  ExportHelperExtension.cs: 1145 - Found 0 features of type [RefAxis] in g5.STEP-4
2025-12-15 14:19:56,353 INFO  ExportHelperExtension.cs: 1125 - Retrieving features of type [RefAxis] from roll 2.STEP-1
2025-12-15 14:19:56,354 INFO  ExportHelperExtension.cs: 1136 - Found 40 in roll 2.STEP-1
2025-12-15 14:19:56,354 INFO  ExportHelperExtension.cs: 1145 - Found 0 features of type [RefAxis] in roll 2.STEP-1
2025-12-15 14:19:56,354 INFO  ExportHelperExtension.cs: 1125 - Retrieving features of type [RefAxis] from nail.STEP-1
2025-12-15 14:19:56,355 INFO  ExportHelperExtension.cs: 1136 - Found 40 in nail.STEP-1
2025-12-15 14:19:56,355 INFO  ExportHelperExtension.cs: 1145 - Found 0 features of type [RefAxis] in nail.STEP-1
2025-12-15 14:19:56,356 INFO  ExportHelperExtension.cs: 1125 - Retrieving features of type [RefAxis] from RS550 12V DC Motor_Valor predeterminado.STEP-3
2025-12-15 14:19:56,356 INFO  ExportHelperExtension.cs: 1136 - Found 40 in RS550 12V DC Motor_Valor predeterminado.STEP-3
2025-12-15 14:19:56,356 INFO  ExportHelperExtension.cs: 1145 - Found 0 features of type [RefAxis] in RS550 12V DC Motor_Valor predeterminado.STEP-3
2025-12-15 14:19:56,357 INFO  ExportHelperExtension.cs: 1125 - Retrieving features of type [RefAxis] from RS550 12V DC Motor_Valor predeterminado.STEP-1
2025-12-15 14:19:56,357 INFO  ExportHelperExtension.cs: 1136 - Found 40 in RS550 12V DC Motor_Valor predeterminado.STEP-1
2025-12-15 14:19:56,357 INFO  ExportHelperExtension.cs: 1145 - Found 0 features of type [RefAxis] in RS550 12V DC Motor_Valor predeterminado.STEP-1
2025-12-15 14:19:56,358 INFO  ExportHelperExtension.cs: 1125 - Retrieving features of type [RefAxis] from RS550 12V DC Motor_Valor predeterminado.STEP-4
2025-12-15 14:19:56,358 INFO  ExportHelperExtension.cs: 1136 - Found 40 in RS550 12V DC Motor_Valor predeterminado.STEP-4
2025-12-15 14:19:56,361 INFO  ExportHelperExtension.cs: 1145 - Found 0 features of type [RefAxis] in RS550 12V DC Motor_Valor predeterminado.STEP-4
2025-12-15 14:19:56,376 INFO  ExportHelperExtension.cs: 1125 - Retrieving features of type [RefAxis] from nail.STEP-3
2025-12-15 14:19:56,376 INFO  ExportHelperExtension.cs: 1136 - Found 40 in nail.STEP-3
2025-12-15 14:19:56,379 INFO  ExportHelperExtension.cs: 1145 - Found 0 features of type [RefAxis] in nail.STEP-3
2025-12-15 14:19:56,379 INFO  ExportHelperExtension.cs: 1125 - Retrieving features of type [RefAxis] from RS550 12V DC Motor_Valor predeterminado.STEP-2
2025-12-15 14:19:56,380 INFO  ExportHelperExtension.cs: 1136 - Found 40 in RS550 12V DC Motor_Valor predeterminado.STEP-2
2025-12-15 14:19:56,380 INFO  ExportHelperExtension.cs: 1145 - Found 0 features of type [RefAxis] in RS550 12V DC Motor_Valor predeterminado.STEP-2
2025-12-15 14:19:56,380 INFO  ExportHelperExtension.cs: 1125 - Retrieving features of type [RefAxis] from nail.STEP-4
2025-12-15 14:19:56,381 INFO  ExportHelperExtension.cs: 1136 - Found 40 in nail.STEP-4
2025-12-15 14:19:56,381 INFO  ExportHelperExtension.cs: 1145 - Found 0 features of type [RefAxis] in nail.STEP-4
2025-12-15 14:19:56,459 INFO  ExportPropertyManager.cs: 1142 - AfterClose called. This method no longer throws an Exception. It just silently does nothing. Ok, except for this logging message
2025-12-15 14:33:25,395 INFO  SwAddin.cs: 294 - Assembly export called for file robotic arm mine.STEP.SLDASM
2025-12-15 14:33:25,413 INFO  SwAddin.cs: 299 - Save is required
2025-12-15 14:33:25,413 INFO  SwAddin.cs: 313 - Saving assembly
2025-12-15 14:33:25,416 INFO  SwAddin.cs: 316 - Opening property manager
2025-12-15 14:33:25,421 INFO  ExportHelperExtension.cs: 1125 - Retrieving features of type [CoordSys] from robotic arm mine.STEP.SLDASM
2025-12-15 14:33:25,445 INFO  ExportHelperExtension.cs: 1136 - Found 79 in robotic arm mine.STEP.SLDASM
2025-12-15 14:33:25,453 INFO  ExportHelperExtension.cs: 1145 - Found 6 features of type [CoordSys] in robotic arm mine.STEP.SLDASM
2025-12-15 14:33:25,453 INFO  ExportHelperExtension.cs: 1148 - Proceeding through assembly components
2025-12-15 14:33:25,461 INFO  ExportHelperExtension.cs: 1160 - 48 components to check
2025-12-15 14:33:25,470 INFO  ExportHelperExtension.cs: 1125 - Retrieving features of type [CoordSys] from SHORT SIDE.STEP-2
2025-12-15 14:33:25,471 INFO  ExportHelperExtension.cs: 1136 - Found 40 in SHORT SIDE.STEP-2
2025-12-15 14:33:25,472 INFO  ExportHelperExtension.cs: 1145 - Found 0 features of type [CoordSys] in SHORT SIDE.STEP-2
2025-12-15 14:33:25,472 INFO  ExportHelperExtension.cs: 1125 - Retrieving features of type [CoordSys] from SHORT SIDE.STEP-1
2025-12-15 14:33:25,473 INFO  ExportHelperExtension.cs: 1136 - Found 40 in SHORT SIDE.STEP-1
2025-12-15 14:33:25,473 INFO  ExportHelperExtension.cs: 1145 - Found 0 features of type [CoordSys] in SHORT SIDE.STEP-1
2025-12-15 14:33:25,473 INFO  ExportHelperExtension.cs: 1125 - Retrieving features of type [CoordSys] from Carttt.STEP-1
2025-12-15 14:33:25,474 INFO  ExportHelperExtension.cs: 1136 - Found 40 in Carttt.STEP-1
2025-12-15 14:33:25,475 INFO  ExportHelperExtension.cs: 1145 - Found 0 features of type [CoordSys] in Carttt.STEP-1
2025-12-15 14:33:25,475 INFO  ExportHelperExtension.cs: 1125 - Retrieving features of type [CoordSys] from BIG SIDE.STEP-2
2025-12-15 14:33:25,476 INFO  ExportHelperExtension.cs: 1136 - Found 40 in BIG SIDE.STEP-2
2025-12-15 14:33:25,477 INFO  ExportHelperExtension.cs: 1145 - Found 0 features of type [CoordSys] in BIG SIDE.STEP-2
2025-12-15 14:33:25,477 INFO  ExportHelperExtension.cs: 1125 - Retrieving features of type [CoordSys] from BIG SIDE.STEP-1
2025-12-15 14:33:25,477 INFO  ExportHelperExtension.cs: 1136 - Found 40 in BIG SIDE.STEP-1
2025-12-15 14:33:25,478 INFO  ExportHelperExtension.cs: 1145 - Found 0 features of type [CoordSys] in BIG SIDE.STEP-1
2025-12-15 14:33:25,478 INFO  ExportHelperExtension.cs: 1125 - Retrieving features of type [CoordSys] from BIG SIDE.STEP-3
2025-12-15 14:33:25,478 INFO  ExportHelperExtension.cs: 1136 - Found 40 in BIG SIDE.STEP-3
2025-12-15 14:33:25,479 INFO  ExportHelperExtension.cs: 1145 - Found 0 features of type [CoordSys] in BIG SIDE.STEP-3
2025-12-15 14:33:25,479 INFO  ExportHelperExtension.cs: 1125 - Retrieving features of type [CoordSys] from servo.STEP-1
2025-12-15 14:33:25,480 INFO  ExportHelperExtension.cs: 1136 - Found 40 in servo.STEP-1
2025-12-15 14:33:25,480 INFO  ExportHelperExtension.cs: 1145 - Found 0 features of type [CoordSys] in servo.STEP-1
2025-12-15 14:33:25,481 INFO  ExportHelperExtension.cs: 1125 - Retrieving features of type [CoordSys] from qqqqqqqq.STEP-1
2025-12-15 14:33:25,481 INFO  ExportHelperExtension.cs: 1136 - Found 40 in qqqqqqqq.STEP-1
2025-12-15 14:33:25,481 INFO  ExportHelperExtension.cs: 1145 - Found 0 features of type [CoordSys] in qqqqqqqq.STEP-1
2025-12-15 14:33:25,482 INFO  ExportHelperExtension.cs: 1125 - Retrieving features of type [CoordSys] from 15.STEP-1
2025-12-15 14:33:25,483 INFO  ExportHelperExtension.cs: 1136 - Found 40 in 15.STEP-1
2025-12-15 14:33:25,483 INFO  ExportHelperExtension.cs: 1145 - Found 0 features of type [CoordSys] in 15.STEP-1
2025-12-15 14:33:25,483 INFO  ExportHelperExtension.cs: 1125 - Retrieving features of type [CoordSys] from 13.STEP-1
2025-12-15 14:33:25,484 INFO  ExportHelperExtension.cs: 1136 - Found 40 in 13.STEP-1
2025-12-15 14:33:25,484 INFO  ExportHelperExtension.cs: 1145 - Found 0 features of type [CoordSys] in 13.STEP-1
2025-12-15 14:33:25,485 INFO  ExportHelperExtension.cs: 1125 - Retrieving features of type [CoordSys] from wheel for servooo.STEP-1
2025-12-15 14:33:25,486 INFO  ExportHelperExtension.cs: 1136 - Found 40 in wheel for servooo.STEP-1
2025-12-15 14:33:25,487 INFO  ExportHelperExtension.cs: 1145 - Found 0 features of type [CoordSys] in wheel for servooo.STEP-1
2025-12-15 14:33:25,487 INFO  ExportHelperExtension.cs: 1125 - Retrieving features of type [CoordSys] from 6.2.STEP-1
2025-12-15 14:33:25,488 INFO  ExportHelperExtension.cs: 1136 - Found 40 in 6.2.STEP-1
2025-12-15 14:33:25,488 INFO  ExportHelperExtension.cs: 1145 - Found 0 features of type [CoordSys] in 6.2.STEP-1
2025-12-15 14:33:25,489 INFO  ExportHelperExtension.cs: 1125 - Retrieving features of type [CoordSys] from servo motor.STEP-1
2025-12-15 14:33:25,489 INFO  ExportHelperExtension.cs: 1136 - Found 40 in servo motor.STEP-1
2025-12-15 14:33:25,489 INFO  ExportHelperExtension.cs: 1145 - Found 0 features of type [CoordSys] in servo motor.STEP-1
2025-12-15 14:33:25,490 INFO  ExportHelperExtension.cs: 1125 - Retrieving features of type [CoordSys] from G.STEP-1
2025-12-15 14:33:25,491 INFO  ExportHelperExtension.cs: 1136 - Found 40 in G.STEP-1
2025-12-15 14:33:25,492 INFO  ExportHelperExtension.cs: 1145 - Found 0 features of type [CoordSys] in G.STEP-1
2025-12-15 14:33:25,492 INFO  ExportHelperExtension.cs: 1125 - Retrieving features of type [CoordSys] from wheel for servooo 2.STEP-1
2025-12-15 14:33:25,493 INFO  ExportHelperExtension.cs: 1136 - Found 40 in wheel for servooo 2.STEP-1
2025-12-15 14:33:25,493 INFO  ExportHelperExtension.cs: 1145 - Found 0 features of type [CoordSys] in wheel for servooo 2.STEP-1
2025-12-15 14:33:25,494 INFO  ExportHelperExtension.cs: 1125 - Retrieving features of type [CoordSys] from SHORT SIDE.STEP-3
2025-12-15 14:33:25,494 INFO  ExportHelperExtension.cs: 1136 - Found 40 in SHORT SIDE.STEP-3
2025-12-15 14:33:25,495 INFO  ExportHelperExtension.cs: 1145 - Found 0 features of type [CoordSys] in SHORT SIDE.STEP-3
2025-12-15 14:33:25,495 INFO  ExportHelperExtension.cs: 1125 - Retrieving features of type [CoordSys] from servo motor.STEP-2
2025-12-15 14:33:25,495 INFO  ExportHelperExtension.cs: 1136 - Found 40 in servo motor.STEP-2
2025-12-15 14:33:25,496 INFO  ExportHelperExtension.cs: 1145 - Found 0 features of type [CoordSys] in servo motor.STEP-2
2025-12-15 14:33:25,496 INFO  ExportHelperExtension.cs: 1125 - Retrieving features of type [CoordSys] from g 3.STEP-1
2025-12-15 14:33:25,497 INFO  ExportHelperExtension.cs: 1136 - Found 40 in g 3.STEP-1
2025-12-15 14:33:25,497 INFO  ExportHelperExtension.cs: 1145 - Found 0 features of type [CoordSys] in g 3.STEP-1
2025-12-15 14:33:25,498 INFO  ExportHelperExtension.cs: 1125 - Retrieving features of type [CoordSys] from g 2.STEP-2
2025-12-15 14:33:25,498 INFO  ExportHelperExtension.cs: 1136 - Found 40 in g 2.STEP-2
2025-12-15 14:33:25,499 INFO  ExportHelperExtension.cs: 1145 - Found 0 features of type [CoordSys] in g 2.STEP-2
2025-12-15 14:33:25,500 INFO  ExportHelperExtension.cs: 1125 - Retrieving features of type [CoordSys] from g6.STEP-1
2025-12-15 14:33:25,501 INFO  ExportHelperExtension.cs: 1136 - Found 40 in g6.STEP-1
2025-12-15 14:33:25,501 INFO  ExportHelperExtension.cs: 1145 - Found 0 features of type [CoordSys] in g6.STEP-1
2025-12-15 14:33:25,501 INFO  ExportHelperExtension.cs: 1125 - Retrieving features of type [CoordSys] from G.STEP-2
2025-12-15 14:33:25,502 INFO  ExportHelperExtension.cs: 1136 - Found 40 in G.STEP-2
2025-12-15 14:33:25,502 INFO  ExportHelperExtension.cs: 1145 - Found 0 features of type [CoordSys] in G.STEP-2
2025-12-15 14:33:25,502 INFO  ExportHelperExtension.cs: 1125 - Retrieving features of type [CoordSys] from wheel for servooo.STEP-3
2025-12-15 14:33:25,503 INFO  ExportHelperExtension.cs: 1136 - Found 40 in wheel for servooo.STEP-3
2025-12-15 14:33:25,503 INFO  ExportHelperExtension.cs: 1145 - Found 0 features of type [CoordSys] in wheel for servooo.STEP-3
2025-12-15 14:33:25,504 INFO  ExportHelperExtension.cs: 1125 - Retrieving features of type [CoordSys] from wheel for servooo 2.STEP-2
2025-12-15 14:33:25,504 INFO  ExportHelperExtension.cs: 1136 - Found 40 in wheel for servooo 2.STEP-2
2025-12-15 14:33:25,504 INFO  ExportHelperExtension.cs: 1145 - Found 0 features of type [CoordSys] in wheel for servooo 2.STEP-2
2025-12-15 14:33:25,504 INFO  ExportHelperExtension.cs: 1125 - Retrieving features of type [CoordSys] from wheel for servooo.STEP-2
2025-12-15 14:33:25,504 INFO  ExportHelperExtension.cs: 1136 - Found 40 in wheel for servooo.STEP-2
2025-12-15 14:33:25,505 INFO  ExportHelperExtension.cs: 1145 - Found 0 features of type [CoordSys] in wheel for servooo.STEP-2
2025-12-15 14:33:25,505 INFO  ExportHelperExtension.cs: 1125 - Retrieving features of type [CoordSys] from G.STEP-3
2025-12-15 14:33:25,505 INFO  ExportHelperExtension.cs: 1136 - Found 40 in G.STEP-3
2025-12-15 14:33:25,506 INFO  ExportHelperExtension.cs: 1145 - Found 0 features of type [CoordSys] in G.STEP-3
2025-12-15 14:33:25,506 INFO  ExportHelperExtension.cs: 1125 - Retrieving features of type [CoordSys] from wheel for servooo 2.STEP-3
2025-12-15 14:33:25,506 INFO  ExportHelperExtension.cs: 1136 - Found 40 in wheel for servooo 2.STEP-3
2025-12-15 14:33:25,507 INFO  ExportHelperExtension.cs: 1145 - Found 0 features of type [CoordSys] in wheel for servooo 2.STEP-3
2025-12-15 14:33:25,507 INFO  ExportHelperExtension.cs: 1125 - Retrieving features of type [CoordSys] from servo motor.STEP-3
2025-12-15 14:33:25,507 INFO  ExportHelperExtension.cs: 1136 - Found 40 in servo motor.STEP-3
2025-12-15 14:33:25,508 INFO  ExportHelperExtension.cs: 1145 - Found 0 features of type [CoordSys] in servo motor.STEP-3
2025-12-15 14:33:25,508 INFO  ExportHelperExtension.cs: 1125 - Retrieving features of type [CoordSys] from g 2.STEP-1
2025-12-15 14:33:25,508 INFO  ExportHelperExtension.cs: 1136 - Found 40 in g 2.STEP-1
2025-12-15 14:33:25,509 INFO  ExportHelperExtension.cs: 1145 - Found 0 features of type [CoordSys] in g 2.STEP-1
2025-12-15 14:33:25,509 INFO  ExportHelperExtension.cs: 1125 - Retrieving features of type [CoordSys] from g 1.STEP-1
2025-12-15 14:33:25,509 INFO  ExportHelperExtension.cs: 1136 - Found 40 in g 1.STEP-1
2025-12-15 14:33:25,510 INFO  ExportHelperExtension.cs: 1145 - Found 0 features of type [CoordSys] in g 1.STEP-1
2025-12-15 14:33:25,511 INFO  ExportHelperExtension.cs: 1125 - Retrieving features of type [CoordSys] from g5.STEP-1
2025-12-15 14:33:25,511 INFO  ExportHelperExtension.cs: 1136 - Found 40 in g5.STEP-1
2025-12-15 14:33:25,512 INFO  ExportHelperExtension.cs: 1145 - Found 0 features of type [CoordSys] in g5.STEP-1
2025-12-15 14:33:25,512 INFO  ExportHelperExtension.cs: 1125 - Retrieving features of type [CoordSys] from nail.STEP-2
2025-12-15 14:33:25,513 INFO  ExportHelperExtension.cs: 1136 - Found 40 in nail.STEP-2
2025-12-15 14:33:25,513 INFO  ExportHelperExtension.cs: 1145 - Found 0 features of type [CoordSys] in nail.STEP-2
2025-12-15 14:33:25,514 INFO  ExportHelperExtension.cs: 1125 - Retrieving features of type [CoordSys] from g 3.STEP-2
2025-12-15 14:33:25,514 INFO  ExportHelperExtension.cs: 1136 - Found 40 in g 3.STEP-2
2025-12-15 14:33:25,514 INFO  ExportHelperExtension.cs: 1145 - Found 0 features of type [CoordSys] in g 3.STEP-2
2025-12-15 14:33:25,515 INFO  ExportHelperExtension.cs: 1125 - Retrieving features of type [CoordSys] from g5.STEP-2
2025-12-15 14:33:25,515 INFO  ExportHelperExtension.cs: 1136 - Found 40 in g5.STEP-2
2025-12-15 14:33:25,516 INFO  ExportHelperExtension.cs: 1145 - Found 0 features of type [CoordSys] in g5.STEP-2
2025-12-15 14:33:25,516 INFO  ExportHelperExtension.cs: 1125 - Retrieving features of type [CoordSys] from g 3.STEP-3
2025-12-15 14:33:25,516 INFO  ExportHelperExtension.cs: 1136 - Found 40 in g 3.STEP-3
2025-12-15 14:33:25,517 INFO  ExportHelperExtension.cs: 1145 - Found 0 features of type [CoordSys] in g 3.STEP-3
2025-12-15 14:33:25,517 INFO  ExportHelperExtension.cs: 1125 - Retrieving features of type [CoordSys] from g 3.STEP-4
2025-12-15 14:33:25,517 INFO  ExportHelperExtension.cs: 1136 - Found 40 in g 3.STEP-4
2025-12-15 14:33:25,517 INFO  ExportHelperExtension.cs: 1145 - Found 0 features of type [CoordSys] in g 3.STEP-4
2025-12-15 14:33:25,518 INFO  ExportHelperExtension.cs: 1125 - Retrieving features of type [CoordSys] from g 3.STEP-5
2025-12-15 14:33:25,518 INFO  ExportHelperExtension.cs: 1136 - Found 40 in g 3.STEP-5
2025-12-15 14:33:25,519 INFO  ExportHelperExtension.cs: 1145 - Found 0 features of type [CoordSys] in g 3.STEP-5
2025-12-15 14:33:25,519 INFO  ExportHelperExtension.cs: 1125 - Retrieving features of type [CoordSys] from g5.STEP-3
2025-12-15 14:33:25,519 INFO  ExportHelperExtension.cs: 1136 - Found 40 in g5.STEP-3
2025-12-15 14:33:25,520 INFO  ExportHelperExtension.cs: 1145 - Found 0 features of type [CoordSys] in g5.STEP-3
2025-12-15 14:33:25,520 INFO  ExportHelperExtension.cs: 1125 - Retrieving features of type [CoordSys] from g 3.STEP-6
2025-12-15 14:33:25,520 INFO  ExportHelperExtension.cs: 1136 - Found 40 in g 3.STEP-6
2025-12-15 14:33:25,521 INFO  ExportHelperExtension.cs: 1145 - Found 0 features of type [CoordSys] in g 3.STEP-6
2025-12-15 14:33:25,521 INFO  ExportHelperExtension.cs: 1125 - Retrieving features of type [CoordSys] from roll.STEP-1
2025-12-15 14:33:25,522 INFO  ExportHelperExtension.cs: 1136 - Found 40 in roll.STEP-1
2025-12-15 14:33:25,522 INFO  ExportHelperExtension.cs: 1145 - Found 0 features of type [CoordSys] in roll.STEP-1
2025-12-15 14:33:25,522 INFO  ExportHelperExtension.cs: 1125 - Retrieving features of type [CoordSys] from g5.STEP-4
2025-12-15 14:33:25,523 INFO  ExportHelperExtension.cs: 1136 - Found 40 in g5.STEP-4
2025-12-15 14:33:25,523 INFO  ExportHelperExtension.cs: 1145 - Found 0 features of type [CoordSys] in g5.STEP-4
2025-12-15 14:33:25,524 INFO  ExportHelperExtension.cs: 1125 - Retrieving features of type [CoordSys] from roll 2.STEP-1
2025-12-15 14:33:25,525 INFO  ExportHelperExtension.cs: 1136 - Found 40 in roll 2.STEP-1
2025-12-15 14:33:25,525 INFO  ExportHelperExtension.cs: 1145 - Found 0 features of type [CoordSys] in roll 2.STEP-1
2025-12-15 14:33:25,525 INFO  ExportHelperExtension.cs: 1125 - Retrieving features of type [CoordSys] from nail.STEP-1
2025-12-15 14:33:25,526 INFO  ExportHelperExtension.cs: 1136 - Found 40 in nail.STEP-1
2025-12-15 14:33:25,526 INFO  ExportHelperExtension.cs: 1145 - Found 0 features of type [CoordSys] in nail.STEP-1
2025-12-15 14:33:25,527 INFO  ExportHelperExtension.cs: 1125 - Retrieving features of type [CoordSys] from RS550 12V DC Motor_Valor predeterminado.STEP-3
2025-12-15 14:33:25,527 INFO  ExportHelperExtension.cs: 1136 - Found 40 in RS550 12V DC Motor_Valor predeterminado.STEP-3
2025-12-15 14:33:25,528 INFO  ExportHelperExtension.cs: 1145 - Found 0 features of type [CoordSys] in RS550 12V DC Motor_Valor predeterminado.STEP-3
2025-12-15 14:33:25,528 INFO  ExportHelperExtension.cs: 1125 - Retrieving features of type [CoordSys] from RS550 12V DC Motor_Valor predeterminado.STEP-1
2025-12-15 14:33:25,529 INFO  ExportHelperExtension.cs: 1136 - Found 40 in RS550 12V DC Motor_Valor predeterminado.STEP-1
2025-12-15 14:33:25,529 INFO  ExportHelperExtension.cs: 1145 - Found 0 features of type [CoordSys] in RS550 12V DC Motor_Valor predeterminado.STEP-1
2025-12-15 14:33:25,529 INFO  ExportHelperExtension.cs: 1125 - Retrieving features of type [CoordSys] from RS550 12V DC Motor_Valor predeterminado.STEP-4
2025-12-15 14:33:25,530 INFO  ExportHelperExtension.cs: 1136 - Found 40 in RS550 12V DC Motor_Valor predeterminado.STEP-4
2025-12-15 14:33:25,530 INFO  ExportHelperExtension.cs: 1145 - Found 0 features of type [CoordSys] in RS550 12V DC Motor_Valor predeterminado.STEP-4
2025-12-15 14:33:25,530 INFO  ExportHelperExtension.cs: 1125 - Retrieving features of type [CoordSys] from nail.STEP-3
2025-12-15 14:33:25,531 INFO  ExportHelperExtension.cs: 1136 - Found 40 in nail.STEP-3
2025-12-15 14:33:25,531 INFO  ExportHelperExtension.cs: 1145 - Found 0 features of type [CoordSys] in nail.STEP-3
2025-12-15 14:33:25,531 INFO  ExportHelperExtension.cs: 1125 - Retrieving features of type [CoordSys] from RS550 12V DC Motor_Valor predeterminado.STEP-2
2025-12-15 14:33:25,532 INFO  ExportHelperExtension.cs: 1136 - Found 40 in RS550 12V DC Motor_Valor predeterminado.STEP-2
2025-12-15 14:33:25,532 INFO  ExportHelperExtension.cs: 1145 - Found 0 features of type [CoordSys] in RS550 12V DC Motor_Valor predeterminado.STEP-2
2025-12-15 14:33:25,532 INFO  ExportHelperExtension.cs: 1125 - Retrieving features of type [CoordSys] from nail.STEP-4
2025-12-15 14:33:25,532 INFO  ExportHelperExtension.cs: 1136 - Found 40 in nail.STEP-4
2025-12-15 14:33:25,533 INFO  ExportHelperExtension.cs: 1145 - Found 0 features of type [CoordSys] in nail.STEP-4
2025-12-15 14:33:25,533 INFO  ExportHelperExtension.cs: 1125 - Retrieving features of type [RefAxis] from robotic arm mine.STEP.SLDASM
2025-12-15 14:33:25,534 INFO  ExportHelperExtension.cs: 1136 - Found 79 in robotic arm mine.STEP.SLDASM
2025-12-15 14:33:25,534 INFO  ExportHelperExtension.cs: 1145 - Found 0 features of type [RefAxis] in robotic arm mine.STEP.SLDASM
2025-12-15 14:33:25,534 INFO  ExportHelperExtension.cs: 1148 - Proceeding through assembly components
2025-12-15 14:33:25,535 INFO  ExportHelperExtension.cs: 1160 - 48 components to check
2025-12-15 14:33:25,535 INFO  ExportHelperExtension.cs: 1125 - Retrieving features of type [RefAxis] from SHORT SIDE.STEP-2
2025-12-15 14:33:25,535 INFO  ExportHelperExtension.cs: 1136 - Found 40 in SHORT SIDE.STEP-2
2025-12-15 14:33:25,539 INFO  ExportHelperExtension.cs: 1145 - Found 0 features of type [RefAxis] in SHORT SIDE.STEP-2
2025-12-15 14:33:25,540 INFO  ExportHelperExtension.cs: 1125 - Retrieving features of type [RefAxis] from SHORT SIDE.STEP-1
2025-12-15 14:33:25,540 INFO  ExportHelperExtension.cs: 1136 - Found 40 in SHORT SIDE.STEP-1
2025-12-15 14:33:25,540 INFO  ExportHelperExtension.cs: 1145 - Found 0 features of type [RefAxis] in SHORT SIDE.STEP-1
2025-12-15 14:33:25,558 INFO  ExportHelperExtension.cs: 1125 - Retrieving features of type [RefAxis] from Carttt.STEP-1
2025-12-15 14:33:25,558 INFO  ExportHelperExtension.cs: 1136 - Found 40 in Carttt.STEP-1
2025-12-15 14:33:25,559 INFO  ExportHelperExtension.cs: 1145 - Found 0 features of type [RefAxis] in Carttt.STEP-1
2025-12-15 14:33:25,559 INFO  ExportHelperExtension.cs: 1125 - Retrieving features of type [RefAxis] from BIG SIDE.STEP-2
2025-12-15 14:33:25,559 INFO  ExportHelperExtension.cs: 1136 - Found 40 in BIG SIDE.STEP-2
2025-12-15 14:33:25,560 INFO  ExportHelperExtension.cs: 1145 - Found 0 features of type [RefAxis] in BIG SIDE.STEP-2
2025-12-15 14:33:25,560 INFO  ExportHelperExtension.cs: 1125 - Retrieving features of type [RefAxis] from BIG SIDE.STEP-1
2025-12-15 14:33:25,560 INFO  ExportHelperExtension.cs: 1136 - Found 40 in BIG SIDE.STEP-1
2025-12-15 14:33:25,561 INFO  ExportHelperExtension.cs: 1145 - Found 0 features of type [RefAxis] in BIG SIDE.STEP-1
2025-12-15 14:33:25,561 INFO  ExportHelperExtension.cs: 1125 - Retrieving features of type [RefAxis] from BIG SIDE.STEP-3
2025-12-15 14:33:25,561 INFO  ExportHelperExtension.cs: 1136 - Found 40 in BIG SIDE.STEP-3
2025-12-15 14:33:25,562 INFO  ExportHelperExtension.cs: 1145 - Found 0 features of type [RefAxis] in BIG SIDE.STEP-3
2025-12-15 14:33:25,562 INFO  ExportHelperExtension.cs: 1125 - Retrieving features of type [RefAxis] from servo.STEP-1
2025-12-15 14:33:25,562 INFO  ExportHelperExtension.cs: 1136 - Found 40 in servo.STEP-1
2025-12-15 14:33:25,565 INFO  ExportHelperExtension.cs: 1145 - Found 0 features of type [RefAxis] in servo.STEP-1
2025-12-15 14:33:25,565 INFO  ExportHelperExtension.cs: 1125 - Retrieving features of type [RefAxis] from qqqqqqqq.STEP-1
2025-12-15 14:33:25,566 INFO  ExportHelperExtension.cs: 1136 - Found 40 in qqqqqqqq.STEP-1
2025-12-15 14:33:25,566 INFO  ExportHelperExtension.cs: 1145 - Found 0 features of type [RefAxis] in qqqqqqqq.STEP-1
2025-12-15 14:33:25,567 INFO  ExportHelperExtension.cs: 1125 - Retrieving features of type [RefAxis] from 15.STEP-1
2025-12-15 14:33:25,567 INFO  ExportHelperExtension.cs: 1136 - Found 40 in 15.STEP-1
2025-12-15 14:33:25,567 INFO  ExportHelperExtension.cs: 1145 - Found 0 features of type [RefAxis] in 15.STEP-1
2025-12-15 14:33:25,568 INFO  ExportHelperExtension.cs: 1125 - Retrieving features of type [RefAxis] from 13.STEP-1
2025-12-15 14:33:25,568 INFO  ExportHelperExtension.cs: 1136 - Found 40 in 13.STEP-1
2025-12-15 14:33:25,568 INFO  ExportHelperExtension.cs: 1145 - Found 0 features of type [RefAxis] in 13.STEP-1
2025-12-15 14:33:25,568 INFO  ExportHelperExtension.cs: 1125 - Retrieving features of type [RefAxis] from wheel for servooo.STEP-1
2025-12-15 14:33:25,569 INFO  ExportHelperExtension.cs: 1136 - Found 40 in wheel for servooo.STEP-1
2025-12-15 14:33:25,569 INFO  ExportHelperExtension.cs: 1145 - Found 0 features of type [RefAxis] in wheel for servooo.STEP-1
2025-12-15 14:33:25,570 INFO  ExportHelperExtension.cs: 1125 - Retrieving features of type [RefAxis] from 6.2.STEP-1
2025-12-15 14:33:25,570 INFO  ExportHelperExtension.cs: 1136 - Found 40 in 6.2.STEP-1
2025-12-15 14:33:25,570 INFO  ExportHelperExtension.cs: 1145 - Found 0 features of type [RefAxis] in 6.2.STEP-1
2025-12-15 14:33:25,571 INFO  ExportHelperExtension.cs: 1125 - Retrieving features of type [RefAxis] from servo motor.STEP-1
2025-12-15 14:33:25,571 INFO  ExportHelperExtension.cs: 1136 - Found 40 in servo motor.STEP-1
2025-12-15 14:33:25,571 INFO  ExportHelperExtension.cs: 1145 - Found 0 features of type [RefAxis] in servo motor.STEP-1
2025-12-15 14:33:25,572 INFO  ExportHelperExtension.cs: 1125 - Retrieving features of type [RefAxis] from G.STEP-1
2025-12-15 14:33:25,572 INFO  ExportHelperExtension.cs: 1136 - Found 40 in G.STEP-1
2025-12-15 14:33:25,572 INFO  ExportHelperExtension.cs: 1145 - Found 0 features of type [RefAxis] in G.STEP-1
2025-12-15 14:33:25,573 INFO  ExportHelperExtension.cs: 1125 - Retrieving features of type [RefAxis] from wheel for servooo 2.STEP-1
2025-12-15 14:33:25,573 INFO  ExportHelperExtension.cs: 1136 - Found 40 in wheel for servooo 2.STEP-1
2025-12-15 14:33:25,573 INFO  ExportHelperExtension.cs: 1145 - Found 0 features of type [RefAxis] in wheel for servooo 2.STEP-1
2025-12-15 14:33:25,574 INFO  ExportHelperExtension.cs: 1125 - Retrieving features of type [RefAxis] from SHORT SIDE.STEP-3
2025-12-15 14:33:25,574 INFO  ExportHelperExtension.cs: 1136 - Found 40 in SHORT SIDE.STEP-3
2025-12-15 14:33:25,574 INFO  ExportHelperExtension.cs: 1145 - Found 0 features of type [RefAxis] in SHORT SIDE.STEP-3
2025-12-15 14:33:25,574 INFO  ExportHelperExtension.cs: 1125 - Retrieving features of type [RefAxis] from servo motor.STEP-2
2025-12-15 14:33:25,574 INFO  ExportHelperExtension.cs: 1136 - Found 40 in servo motor.STEP-2
2025-12-15 14:33:25,575 INFO  ExportHelperExtension.cs: 1145 - Found 0 features of type [RefAxis] in servo motor.STEP-2
2025-12-15 14:33:25,575 INFO  ExportHelperExtension.cs: 1125 - Retrieving features of type [RefAxis] from g 3.STEP-1
2025-12-15 14:33:25,576 INFO  ExportHelperExtension.cs: 1136 - Found 40 in g 3.STEP-1
2025-12-15 14:33:25,576 INFO  ExportHelperExtension.cs: 1145 - Found 0 features of type [RefAxis] in g 3.STEP-1
2025-12-15 14:33:25,576 INFO  ExportHelperExtension.cs: 1125 - Retrieving features of type [RefAxis] from g 2.STEP-2
2025-12-15 14:33:25,577 INFO  ExportHelperExtension.cs: 1136 - Found 40 in g 2.STEP-2
2025-12-15 14:33:25,577 INFO  ExportHelperExtension.cs: 1145 - Found 0 features of type [RefAxis] in g 2.STEP-2
2025-12-15 14:33:25,577 INFO  ExportHelperExtension.cs: 1125 - Retrieving features of type [RefAxis] from g6.STEP-1
2025-12-15 14:33:25,578 INFO  ExportHelperExtension.cs: 1136 - Found 40 in g6.STEP-1
2025-12-15 14:33:25,578 INFO  ExportHelperExtension.cs: 1145 - Found 0 features of type [RefAxis] in g6.STEP-1
2025-12-15 14:33:25,578 INFO  ExportHelperExtension.cs: 1125 - Retrieving features of type [RefAxis] from G.STEP-2
2025-12-15 14:33:25,579 INFO  ExportHelperExtension.cs: 1136 - Found 40 in G.STEP-2
2025-12-15 14:33:25,579 INFO  ExportHelperExtension.cs: 1145 - Found 0 features of type [RefAxis] in G.STEP-2
2025-12-15 14:33:25,579 INFO  ExportHelperExtension.cs: 1125 - Retrieving features of type [RefAxis] from wheel for servooo.STEP-3
2025-12-15 14:33:25,579 INFO  ExportHelperExtension.cs: 1136 - Found 40 in wheel for servooo.STEP-3
2025-12-15 14:33:25,580 INFO  ExportHelperExtension.cs: 1145 - Found 0 features of type [RefAxis] in wheel for servooo.STEP-3
2025-12-15 14:33:25,580 INFO  ExportHelperExtension.cs: 1125 - Retrieving features of type [RefAxis] from wheel for servooo 2.STEP-2
2025-12-15 14:33:25,580 INFO  ExportHelperExtension.cs: 1136 - Found 40 in wheel for servooo 2.STEP-2
2025-12-15 14:33:25,581 INFO  ExportHelperExtension.cs: 1145 - Found 0 features of type [RefAxis] in wheel for servooo 2.STEP-2
2025-12-15 14:33:25,581 INFO  ExportHelperExtension.cs: 1125 - Retrieving features of type [RefAxis] from wheel for servooo.STEP-2
2025-12-15 14:33:25,581 INFO  ExportHelperExtension.cs: 1136 - Found 40 in wheel for servooo.STEP-2
2025-12-15 14:33:25,581 INFO  ExportHelperExtension.cs: 1145 - Found 0 features of type [RefAxis] in wheel for servooo.STEP-2
2025-12-15 14:33:25,582 INFO  ExportHelperExtension.cs: 1125 - Retrieving features of type [RefAxis] from G.STEP-3
2025-12-15 14:33:25,582 INFO  ExportHelperExtension.cs: 1136 - Found 40 in G.STEP-3
2025-12-15 14:33:25,582 INFO  ExportHelperExtension.cs: 1145 - Found 0 features of type [RefAxis] in G.STEP-3
2025-12-15 14:33:25,583 INFO  ExportHelperExtension.cs: 1125 - Retrieving features of type [RefAxis] from wheel for servooo 2.STEP-3
2025-12-15 14:33:25,583 INFO  ExportHelperExtension.cs: 1136 - Found 40 in wheel for servooo 2.STEP-3
2025-12-15 14:33:25,583 INFO  ExportHelperExtension.cs: 1145 - Found 0 features of type [RefAxis] in wheel for servooo 2.STEP-3
2025-12-15 14:33:25,583 INFO  ExportHelperExtension.cs: 1125 - Retrieving features of type [RefAxis] from servo motor.STEP-3
2025-12-15 14:33:25,584 INFO  ExportHelperExtension.cs: 1136 - Found 40 in servo motor.STEP-3
2025-12-15 14:33:25,584 INFO  ExportHelperExtension.cs: 1145 - Found 0 features of type [RefAxis] in servo motor.STEP-3
2025-12-15 14:33:25,585 INFO  ExportHelperExtension.cs: 1125 - Retrieving features of type [RefAxis] from g 2.STEP-1
2025-12-15 14:33:25,585 INFO  ExportHelperExtension.cs: 1136 - Found 40 in g 2.STEP-1
2025-12-15 14:33:25,585 INFO  ExportHelperExtension.cs: 1145 - Found 0 features of type [RefAxis] in g 2.STEP-1
2025-12-15 14:33:25,586 INFO  ExportHelperExtension.cs: 1125 - Retrieving features of type [RefAxis] from g 1.STEP-1
2025-12-15 14:33:25,586 INFO  ExportHelperExtension.cs: 1136 - Found 40 in g 1.STEP-1
2025-12-15 14:33:25,586 INFO  ExportHelperExtension.cs: 1145 - Found 0 features of type [RefAxis] in g 1.STEP-1
2025-12-15 14:33:25,587 INFO  ExportHelperExtension.cs: 1125 - Retrieving features of type [RefAxis] from g5.STEP-1
2025-12-15 14:33:25,587 INFO  ExportHelperExtension.cs: 1136 - Found 40 in g5.STEP-1
2025-12-15 14:33:25,587 INFO  ExportHelperExtension.cs: 1145 - Found 0 features of type [RefAxis] in g5.STEP-1
2025-12-15 14:33:25,588 INFO  ExportHelperExtension.cs: 1125 - Retrieving features of type [RefAxis] from nail.STEP-2
2025-12-15 14:33:25,588 INFO  ExportHelperExtension.cs: 1136 - Found 40 in nail.STEP-2
2025-12-15 14:33:25,588 INFO  ExportHelperExtension.cs: 1145 - Found 0 features of type [RefAxis] in nail.STEP-2
2025-12-15 14:33:25,589 INFO  ExportHelperExtension.cs: 1125 - Retrieving features of type [RefAxis] from g 3.STEP-2
2025-12-15 14:33:25,589 INFO  ExportHelperExtension.cs: 1136 - Found 40 in g 3.STEP-2
2025-12-15 14:33:25,590 INFO  ExportHelperExtension.cs: 1145 - Found 0 features of type [RefAxis] in g 3.STEP-2
2025-12-15 14:33:25,590 INFO  ExportHelperExtension.cs: 1125 - Retrieving features of type [RefAxis] from g5.STEP-2
2025-12-15 14:33:25,590 INFO  ExportHelperExtension.cs: 1136 - Found 40 in g5.STEP-2
2025-12-15 14:33:25,590 INFO  ExportHelperExtension.cs: 1145 - Found 0 features of type [RefAxis] in g5.STEP-2
2025-12-15 14:33:25,591 INFO  ExportHelperExtension.cs: 1125 - Retrieving features of type [RefAxis] from g 3.STEP-3
2025-12-15 14:33:25,591 INFO  ExportHelperExtension.cs: 1136 - Found 40 in g 3.STEP-3
2025-12-15 14:33:25,591 INFO  ExportHelperExtension.cs: 1145 - Found 0 features of type [RefAxis] in g 3.STEP-3
2025-12-15 14:33:25,591 INFO  ExportHelperExtension.cs: 1125 - Retrieving features of type [RefAxis] from g 3.STEP-4
2025-12-15 14:33:25,592 INFO  ExportHelperExtension.cs: 1136 - Found 40 in g 3.STEP-4
2025-12-15 14:33:25,592 INFO  ExportHelperExtension.cs: 1145 - Found 0 features of type [RefAxis] in g 3.STEP-4
2025-12-15 14:33:25,592 INFO  ExportHelperExtension.cs: 1125 - Retrieving features of type [RefAxis] from g 3.STEP-5
2025-12-15 14:33:25,592 INFO  ExportHelperExtension.cs: 1136 - Found 40 in g 3.STEP-5
2025-12-15 14:33:25,593 INFO  ExportHelperExtension.cs: 1145 - Found 0 features of type [RefAxis] in g 3.STEP-5
2025-12-15 14:33:25,593 INFO  ExportHelperExtension.cs: 1125 - Retrieving features of type [RefAxis] from g5.STEP-3
2025-12-15 14:33:25,593 INFO  ExportHelperExtension.cs: 1136 - Found 40 in g5.STEP-3
2025-12-15 14:33:25,594 INFO  ExportHelperExtension.cs: 1145 - Found 0 features of type [RefAxis] in g5.STEP-3
2025-12-15 14:33:25,594 INFO  ExportHelperExtension.cs: 1125 - Retrieving features of type [RefAxis] from g 3.STEP-6
2025-12-15 14:33:25,594 INFO  ExportHelperExtension.cs: 1136 - Found 40 in g 3.STEP-6
2025-12-15 14:33:25,594 INFO  ExportHelperExtension.cs: 1145 - Found 0 features of type [RefAxis] in g 3.STEP-6
2025-12-15 14:33:25,594 INFO  ExportHelperExtension.cs: 1125 - Retrieving features of type [RefAxis] from roll.STEP-1
2025-12-15 14:33:25,596 INFO  ExportHelperExtension.cs: 1136 - Found 40 in roll.STEP-1
2025-12-15 14:33:25,596 INFO  ExportHelperExtension.cs: 1145 - Found 0 features of type [RefAxis] in roll.STEP-1
2025-12-15 14:33:25,596 INFO  ExportHelperExtension.cs: 1125 - Retrieving features of type [RefAxis] from g5.STEP-4
2025-12-15 14:33:25,597 INFO  ExportHelperExtension.cs: 1136 - Found 40 in g5.STEP-4
2025-12-15 14:33:25,597 INFO  ExportHelperExtension.cs: 1145 - Found 0 features of type [RefAxis] in g5.STEP-4
2025-12-15 14:33:25,597 INFO  ExportHelperExtension.cs: 1125 - Retrieving features of type [RefAxis] from roll 2.STEP-1
2025-12-15 14:33:25,598 INFO  ExportHelperExtension.cs: 1136 - Found 40 in roll 2.STEP-1
2025-12-15 14:33:25,598 INFO  ExportHelperExtension.cs: 1145 - Found 0 features of type [RefAxis] in roll 2.STEP-1
2025-12-15 14:33:25,598 INFO  ExportHelperExtension.cs: 1125 - Retrieving features of type [RefAxis] from nail.STEP-1
2025-12-15 14:33:25,598 INFO  ExportHelperExtension.cs: 1136 - Found 40 in nail.STEP-1
2025-12-15 14:33:25,599 INFO  ExportHelperExtension.cs: 1145 - Found 0 features of type [RefAxis] in nail.STEP-1
2025-12-15 14:33:25,599 INFO  ExportHelperExtension.cs: 1125 - Retrieving features of type [RefAxis] from RS550 12V DC Motor_Valor predeterminado.STEP-3
2025-12-15 14:33:25,599 INFO  ExportHelperExtension.cs: 1136 - Found 40 in RS550 12V DC Motor_Valor predeterminado.STEP-3
2025-12-15 14:33:25,600 INFO  ExportHelperExtension.cs: 1145 - Found 0 features of type [RefAxis] in RS550 12V DC Motor_Valor predeterminado.STEP-3
2025-12-15 14:33:25,600 INFO  ExportHelperExtension.cs: 1125 - Retrieving features of type [RefAxis] from RS550 12V DC Motor_Valor predeterminado.STEP-1
2025-12-15 14:33:25,600 INFO  ExportHelperExtension.cs: 1136 - Found 40 in RS550 12V DC Motor_Valor predeterminado.STEP-1
2025-12-15 14:33:25,601 INFO  ExportHelperExtension.cs: 1145 - Found 0 features of type [RefAxis] in RS550 12V DC Motor_Valor predeterminado.STEP-1
2025-12-15 14:33:25,601 INFO  ExportHelperExtension.cs: 1125 - Retrieving features of type [RefAxis] from RS550 12V DC Motor_Valor predeterminado.STEP-4
2025-12-15 14:33:25,601 INFO  ExportHelperExtension.cs: 1136 - Found 40 in RS550 12V DC Motor_Valor predeterminado.STEP-4
2025-12-15 14:33:25,601 INFO  ExportHelperExtension.cs: 1145 - Found 0 features of type [RefAxis] in RS550 12V DC Motor_Valor predeterminado.STEP-4
2025-12-15 14:33:25,602 INFO  ExportHelperExtension.cs: 1125 - Retrieving features of type [RefAxis] from nail.STEP-3
2025-12-15 14:33:25,602 INFO  ExportHelperExtension.cs: 1136 - Found 40 in nail.STEP-3
2025-12-15 14:33:25,602 INFO  ExportHelperExtension.cs: 1145 - Found 0 features of type [RefAxis] in nail.STEP-3
2025-12-15 14:33:25,603 INFO  ExportHelperExtension.cs: 1125 - Retrieving features of type [RefAxis] from RS550 12V DC Motor_Valor predeterminado.STEP-2
2025-12-15 14:33:25,603 INFO  ExportHelperExtension.cs: 1136 - Found 40 in RS550 12V DC Motor_Valor predeterminado.STEP-2
2025-12-15 14:33:25,603 INFO  ExportHelperExtension.cs: 1145 - Found 0 features of type [RefAxis] in RS550 12V DC Motor_Valor predeterminado.STEP-2
2025-12-15 14:33:25,603 INFO  ExportHelperExtension.cs: 1125 - Retrieving features of type [RefAxis] from nail.STEP-4
2025-12-15 14:33:25,603 INFO  ExportHelperExtension.cs: 1136 - Found 40 in nail.STEP-4
2025-12-15 14:33:25,603 INFO  ExportHelperExtension.cs: 1145 - Found 0 features of type [RefAxis] in nail.STEP-4
2025-12-15 14:33:26,309 INFO  SwAddin.cs: 339 - Loading config tree
2025-12-15 14:33:26,364 INFO  ConfigurationSerialization.cs: 276 - URDF Configuration found
<Link z:Id="i1" xmlns="http://schemas.datacontract.org/2004/07/SW2URDF" xmlns:i="http://www.w3.org/2001/XMLSchema-instance" xmlns:z="http://schemas.microsoft.com/2003/10/Serialization/"><Attributes><Attribute z:Id="i2"><AttributeType>name</AttributeType><IsRequired>true</IsRequired><Value i:type="a:string" xmlns:a="http://www.w3.org/2001/XMLSchema">base_link</Value></Attribute></Attributes><ChildElements><URDFElement z:Id="i3" i:type="Inertial"><Attributes/><ChildElements><URDFElement z:Id="i4" i:type="Origin"><Attributes><Attribute z:Id="i5"><AttributeType>xyz</AttributeType><IsRequired>true</IsRequired><Value i:type="a:ArrayOfdouble" xmlns:a="http://schemas.microsoft.com/2003/10/Serialization/Arrays"><a:double>0</a:double><a:double>0</a:double><a:double>0</a:double></Value></Attribute><Attribute z:Id="i6"><AttributeType>rpy</AttributeType><IsRequired>true</IsRequired><Value i:type="a:ArrayOfdouble" xmlns:a="http://schemas.microsoft.com/2003/10/Serialization/Arrays"><a:double>0</a:double><a:double>0</a:double><a:double>0</a:double></Value></Attribute></Attributes><ChildElements/><ElementName>origin</ElementName><required>false</required><RPYAttribute z:Ref="i6"/><XYZAttribute z:Ref="i5"/><isCustomized>false</isCustomized></URDFElement><URDFElement z:Id="i7" i:type="Mass"><Attributes><Attribute z:Id="i8"><AttributeType>value</AttributeType><IsRequired>true</IsRequired><Value i:type="a:double" xmlns:a="http://www.w3.org/2001/XMLSchema">0</Value></Attribute></Attributes><ChildElements/><ElementName>mass</ElementName><required>false</required><ValueAttribute z:Ref="i8"/></URDFElement><URDFElement z:Id="i9" i:type="Inertia"><Attributes><Attribute z:Id="i10"><AttributeType>ixx</AttributeType><IsRequired>true</IsRequired><Value i:type="a:double" xmlns:a="http://www.w3.org/2001/XMLSchema">0</Value></Attribute><Attribute z:Id="i11"><AttributeType>ixy</AttributeType><IsRequired>true</IsRequired><Value i:type="a:double" xmlns:a="http://www.w3.org/2001/XMLSchema">0</Value></Attribute><Attribute z:Id="i12"><AttributeType>ixz</AttributeType><IsRequired>true</IsRequired><Value i:type="a:double" xmlns:a="http://www.w3.org/2001/XMLSchema">0</Value></Attribute><Attribute z:Id="i13"><AttributeType>iyy</AttributeType><IsRequired>true</IsRequired><Value i:type="a:double" xmlns:a="http://www.w3.org/2001/XMLSchema">0</Value></Attribute><Attribute z:Id="i14"><AttributeType>iyz</AttributeType><IsRequired>true</IsRequired><Value i:type="a:double" xmlns:a="http://www.w3.org/2001/XMLSchema">0</Value></Attribute><Attribute z:Id="i15"><AttributeType>izz</AttributeType><IsRequired>true</IsRequired><Value i:type="a:double" xmlns:a="http://www.w3.org/2001/XMLSchema">0</Value></Attribute></Attributes><ChildElements/><ElementName>inertia</ElementName><required>false</required><IxxAttribute z:Ref="i10"/><IxyAttribute z:Ref="i11"/><IxzAttribute z:Ref="i12"/><IyyAttribute z:Ref="i13"/><IyzAttribute z:Ref="i14"/><IzzAttribute z:Ref="i15"/></URDFElement></ChildElements><ElementName>inertial</ElementName><required>false</required><Inertia z:Ref="i9"/><Mass z:Ref="i7"/><Origin z:Ref="i4"/></URDFElement><URDFElement z:Id="i16" i:type="Visual"><Attributes/><ChildElements><URDFElement z:Id="i17" i:type="Origin"><Attributes><Attribute z:Id="i18"><AttributeType>xyz</AttributeType><IsRequired>true</IsRequired><Value i:type="a:ArrayOfdouble" xmlns:a="http://schemas.microsoft.com/2003/10/Serialization/Arrays"><a:double>0</a:double><a:double>0</a:double><a:double>0</a:double></Value></Attribute><Attribute z:Id="i19"><AttributeType>rpy</AttributeType><IsRequired>true</IsRequired><Value i:type="a:ArrayOfdouble" xmlns:a="http://schemas.microsoft.com/2003/10/Serialization/Arrays"><a:double>0</a:double><a:double>0</a:double><a:double>0</a:double></Value></Attribute></Attributes><ChildElements/><ElementName>origin</ElementName><required>false</required><RPYAttribute z:Ref="i19"/><XYZAttribute z:Ref="i18"/><isCustomized>false</isCustomized></URDFElement><URDFElement z:Id="i20" i:type="Geometry"><Attributes/><ChildElements><URDFElement z:Id="i21" i:type="Mesh"><Attributes><Attribute z:Id="i22"><AttributeType>filename</AttributeType><IsRequired>true</IsRequired><Value i:nil="true"/></Attribute></Attributes><ChildElements/><ElementName>mesh</ElementName><required>false</required><FilenameAttribute z:Ref="i22"/></URDFElement></ChildElements><ElementName>geometry</ElementName><required>true</required><Mesh z:Ref="i21"/></URDFElement><URDFElement z:Id="i23" i:type="Material"><Attributes><Attribute z:Id="i24"><AttributeType>name</AttributeType><IsRequired>true</IsRequired><Value i:type="a:string" xmlns:a="http://www.w3.org/2001/XMLSchema"/></Attribute></Attributes><ChildElements><URDFElement z:Id="i25" i:type="Color"><Attributes><Attribute z:Id="i26"><AttributeType>rgba</AttributeType><IsRequired>true</IsRequired><Value i:type="a:ArrayOfdouble" xmlns:a="http://schemas.microsoft.com/2003/10/Serialization/Arrays"><a:double>1</a:double><a:double>1</a:double><a:double>1</a:double><a:double>1</a:double></Value></Attribute></Attributes><ChildElements/><ElementName>color</ElementName><required>false</required><RGBAAttribute z:Ref="i26"/></URDFElement><URDFElement z:Id="i27" i:type="Texture"><Attributes><Attribute z:Id="i28"><AttributeType>filename</AttributeType><IsRequired>true</IsRequired><Value i:nil="true"/></Attribute></Attributes><ChildElements/><ElementName>texture</ElementName><required>false</required><FilenameAttribute z:Ref="i28"/><wFilename/></URDFElement></ChildElements><ElementName>material</ElementName><required>false</required><Color z:Ref="i25"/><NameAttribute z:Ref="i24"/><Texture z:Ref="i27"/></URDFElement></ChildElements><ElementName>visual</ElementName><required>false</required><Geometry z:Ref="i20"/><Material z:Ref="i23"/><Origin z:Ref="i17"/></URDFElement><URDFElement z:Id="i29" i:type="Collision"><Attributes/><ChildElements><URDFElement z:Id="i30" i:type="Origin"><Attributes><Attribute z:Id="i31"><AttributeType>xyz</AttributeType><IsRequired>true</IsRequired><Value i:type="a:ArrayOfdouble" xmlns:a="http://schemas.microsoft.com/2003/10/Serialization/Arrays"><a:double>0</a:double><a:double>0</a:double><a:double>0</a:double></Value></Attribute><Attribute z:Id="i32"><AttributeType>rpy</AttributeType><IsRequired>true</IsRequired><Value i:type="a:ArrayOfdouble" xmlns:a="http://schemas.microsoft.com/2003/10/Serialization/Arrays"><a:double>0</a:double><a:double>0</a:double><a:double>0</a:double></Value></Attribute></Attributes><ChildElements/><ElementName>origin</ElementName><required>false</required><RPYAttribute z:Ref="i32"/><XYZAttribute z:Ref="i31"/><isCustomized>false</isCustomized></URDFElement><URDFElement z:Id="i33" i:type="Geometry"><Attributes/><ChildElements><URDFElement z:Id="i34" i:type="Mesh"><Attributes><Attribute z:Id="i35"><AttributeType>filename</AttributeType><IsRequired>true</IsRequired><Value i:nil="true"/></Attribute></Attributes><ChildElements/><ElementName>mesh</ElementName><required>false</required><FilenameAttribute z:Ref="i35"/></URDFElement></ChildElements><ElementName>geometry</ElementName><required>true</required><Mesh z:Ref="i34"/></URDFElement></ChildElements><ElementName>collision</ElementName><required>false</required><Geometry z:Ref="i33"/><Origin z:Ref="i30"/></URDFElement><URDFElement z:Id="i36" i:type="Joint"><Attributes><Attribute z:Id="i37"><AttributeType>name</AttributeType><IsRequired>true</IsRequired><Value i:type="a:string" xmlns:a="http://www.w3.org/2001/XMLSchema"/></Attribute><Attribute z:Id="i38"><AttributeType>type</AttributeType><IsRequired>true</IsRequired><Value i:type="a:string" xmlns:a="http://www.w3.org/2001/XMLSchema"/></Attribute></Attributes><ChildElements><URDFElement z:Id="i39" i:type="Origin"><Attributes><Attribute z:Id="i40"><AttributeType>xyz</AttributeType><IsRequired>true</IsRequired><Value i:type="a:ArrayOfdouble" xmlns:a="http://schemas.microsoft.com/2003/10/Serialization/Arrays"><a:double>0</a:double><a:double>0</a:double><a:double>0</a:double></Value></Attribute><Attribute z:Id="i41"><AttributeType>rpy</AttributeType><IsRequired>true</IsRequired><Value i:type="a:ArrayOfdouble" xmlns:a="http://schemas.microsoft.com/2003/10/Serialization/Arrays"><a:double>0</a:double><a:double>0</a:double><a:double>0</a:double></Value></Attribute></Attributes><ChildElements/><ElementName>origin</ElementName><required>false</required><RPYAttribute z:Ref="i41"/><XYZAttribute z:Ref="i40"/><isCustomized>false</isCustomized></URDFElement><URDFElement z:Id="i42" i:type="ParentLink"><Attributes><Attribute z:Id="i43"><AttributeType>link</AttributeType><IsRequired>true</IsRequired><Value i:type="a:string" xmlns:a="http://www.w3.org/2001/XMLSchema"/></Attribute></Attributes><ChildElements/><ElementName>parent</ElementName><required>true</required><NameAttribute z:Ref="i43"/></URDFElement><URDFElement z:Id="i44" i:type="ChildLink"><Attributes><Attribute z:Id="i45"><AttributeType>link</AttributeType><IsRequired>true</IsRequired><Value i:type="a:string" xmlns:a="http://www.w3.org/2001/XMLSchema"/></Attribute></Attributes><ChildElements/><ElementName>child</ElementName><required>true</required><NameAttribute z:Ref="i45"/></URDFElement><URDFElement z:Id="i46" i:type="Axis"><Attributes><Attribute z:Id="i47"><AttributeType>xyz</AttributeType><IsRequired>true</IsRequired><Value i:type="a:ArrayOfdouble" xmlns:a="http://schemas.microsoft.com/2003/10/Serialization/Arrays"><a:double>0</a:double><a:double>0</a:double><a:double>0</a:double></Value></Attribute></Attributes><ChildElements/><ElementName>axis</ElementName><required>false</required><XYZAttribute z:Ref="i47"/></URDFElement><URDFElement z:Id="i48" i:type="Limit"><Attributes><Attribute z:Id="i49"><AttributeType>lower</AttributeType><IsRequired>false</IsRequired><Value i:nil="true"/></Attribute><Attribute z:Id="i50"><AttributeType>upper</AttributeType><IsRequired>false</IsRequired><Value i:nil="true"/></Attribute><Attribute z:Id="i51"><AttributeType>effort</AttributeType><IsRequired>true</IsRequired><Value i:nil="true"/></Attribute><Attribute z:Id="i52"><AttributeType>velocity</AttributeType><IsRequired>true</IsRequired><Value i:nil="true"/></Attribute></Attributes><ChildElements/><ElementName>limit</ElementName><required>false</required><EffortAttribute z:Ref="i51"/><LowerAttribute z:Ref="i49"/><UpperAttribute z:Ref="i50"/><VelocityAttribute z:Ref="i52"/></URDFElement><URDFElement z:Id="i53" i:type="Calibration"><Attributes><Attribute z:Id="i54"><AttributeType>rising</AttributeType><IsRequired>false</IsRequired><Value i:nil="true"/></Attribute><Attribute z:Id="i55"><AttributeType>falling</AttributeType><IsRequired>false</IsRequired><Value i:nil="true"/></Attribute></Attributes><ChildElements/><ElementName>calibration</ElementName><required>false</required><FallingAttribute z:Ref="i55"/><RisingAttribute z:Ref="i54"/></URDFElement><URDFElement z:Id="i56" i:type="Dynamics"><Attributes><Attribute z:Id="i57"><AttributeType>damping</AttributeType><IsRequired>false</IsRequired><Value i:nil="true"/></Attribute><Attribute z:Id="i58"><AttributeType>friction</AttributeType><IsRequired>false</IsRequired><Value i:nil="true"/></Attribute></Attributes><ChildElements/><ElementName>dynamics</ElementName><required>false</required><DampingAttribute z:Ref="i57"/><FrictionAttribute z:Ref="i58"/></URDFElement><URDFElement z:Id="i59" i:type="SafetyController"><Attributes><Attribute z:Id="i60"><AttributeType>soft_upper_limit</AttributeType><IsRequired>false</IsRequired><Value i:nil="true"/></Attribute><Attribute z:Id="i61"><AttributeType>soft_lower_limit</AttributeType><IsRequired>false</IsRequired><Value i:nil="true"/></Attribute><Attribute z:Id="i62"><AttributeType>k_position</AttributeType><IsRequired>false</IsRequired><Value i:nil="true"/></Attribute><Attribute z:Id="i63"><AttributeType>k_velocity</AttributeType><IsRequired>true</IsRequired><Value i:nil="true"/></Attribute></Attributes><ChildElements/><ElementName>safety_controller</ElementName><required>false</required><KPositionAttribute z:Ref="i62"/><KVelocityAttribute z:Ref="i63"/><SoftLowerAttribute z:Ref="i61"/><SoftUpperAttribute z:Ref="i60"/></URDFElement><URDFElement z:Id="i64" i:type="Mimic"><Attributes><Attribute z:Id="i65"><AttributeType>joint</AttributeType><IsRequired>true</IsRequired><Value i:nil="true"/></Attribute><Attribute z:Id="i66"><AttributeType>multiplier</AttributeType><IsRequired>false</IsRequired><Value i:nil="true"/></Attribute><Attribute z:Id="i67"><AttributeType>offset</AttributeType><IsRequired>false</IsRequired><Value i:nil="true"/></Attribute></Attributes><ChildElements/><ElementName>mimic</ElementName><required>false</required><JointNameAttribute z:Ref="i65"/><MultiplierAttribute z:Ref="i66"/><OffsetAttribute z:Ref="i67"/></URDFElement></ChildElements><ElementName>joint</ElementName><required>false</required><Axis z:Ref="i46"/><AxisName/><Calibration z:Ref="i53"/><Child z:Ref="i44"/><CoordinateSystemName>Automatically Generate</CoordinateSystemName><Dynamics z:Ref="i56"/><Limit z:Ref="i48"/><Mimic z:Ref="i64"/><NameAttribute z:Ref="i37"/><Origin z:Ref="i39"/><Parent z:Ref="i42"/><Safety z:Ref="i59"/><TypeAttribute z:Ref="i38"/></URDFElement></ChildElements><ElementName>link</ElementName><required>true</required><Children><Link z:Id="i68"><Attributes><Attribute z:Id="i69"><AttributeType>name</AttributeType><IsRequired>true</IsRequired><Value i:type="a:string" xmlns:a="http://www.w3.org/2001/XMLSchema">link_1</Value></Attribute></Attributes><ChildElements><URDFElement z:Id="i70" i:type="Inertial"><Attributes/><ChildElements><URDFElement z:Id="i71" i:type="Origin"><Attributes><Attribute z:Id="i72"><AttributeType>xyz</AttributeType><IsRequired>true</IsRequired><Value i:type="a:ArrayOfdouble" xmlns:a="http://schemas.microsoft.com/2003/10/Serialization/Arrays"><a:double>0</a:double><a:double>0</a:double><a:double>0</a:double></Value></Attribute><Attribute z:Id="i73"><AttributeType>rpy</AttributeType><IsRequired>true</IsRequired><Value i:type="a:ArrayOfdouble" xmlns:a="http://schemas.microsoft.com/2003/10/Serialization/Arrays"><a:double>0</a:double><a:double>0</a:double><a:double>0</a:double></Value></Attribute></Attributes><ChildElements/><ElementName>origin</ElementName><required>false</required><RPYAttribute z:Ref="i73"/><XYZAttribute z:Ref="i72"/><isCustomized>false</isCustomized></URDFElement><URDFElement z:Id="i74" i:type="Mass"><Attributes><Attribute z:Id="i75"><AttributeType>value</AttributeType><IsRequired>true</IsRequired><Value i:type="a:double" xmlns:a="http://www.w3.org/2001/XMLSchema">0</Value></Attribute></Attributes><ChildElements/><ElementName>mass</ElementName><required>false</required><ValueAttribute z:Ref="i75"/></URDFElement><URDFElement z:Id="i76" i:type="Inertia"><Attributes><Attribute z:Id="i77"><AttributeType>ixx</AttributeType><IsRequired>true</IsRequired><Value i:type="a:double" xmlns:a="http://www.w3.org/2001/XMLSchema">0</Value></Attribute><Attribute z:Id="i78"><AttributeType>ixy</AttributeType><IsRequired>true</IsRequired><Value i:type="a:double" xmlns:a="http://www.w3.org/2001/XMLSchema">0</Value></Attribute><Attribute z:Id="i79"><AttributeType>ixz</AttributeType><IsRequired>true</IsRequired><Value i:type="a:double" xmlns:a="http://www.w3.org/2001/XMLSchema">0</Value></Attribute><Attribute z:Id="i80"><AttributeType>iyy</AttributeType><IsRequired>true</IsRequired><Value i:type="a:double" xmlns:a="http://www.w3.org/2001/XMLSchema">0</Value></Attribute><Attribute z:Id="i81"><AttributeType>iyz</AttributeType><IsRequired>true</IsRequired><Value i:type="a:double" xmlns:a="http://www.w3.org/2001/XMLSchema">0</Value></Attribute><Attribute z:Id="i82"><AttributeType>izz</AttributeType><IsRequired>true</IsRequired><Value i:type="a:double" xmlns:a="http://www.w3.org/2001/XMLSchema">0</Value></Attribute></Attributes><ChildElements/><ElementName>inertia</ElementName><required>false</required><IxxAttribute z:Ref="i77"/><IxyAttribute z:Ref="i78"/><IxzAttribute z:Ref="i79"/><IyyAttribute z:Ref="i80"/><IyzAttribute z:Ref="i81"/><IzzAttribute z:Ref="i82"/></URDFElement></ChildElements><ElementName>inertial</ElementName><required>false</required><Inertia z:Ref="i76"/><Mass z:Ref="i74"/><Origin z:Ref="i71"/></URDFElement><URDFElement z:Id="i83" i:type="Visual"><Attributes/><ChildElements><URDFElement z:Id="i84" i:type="Origin"><Attributes><Attribute z:Id="i85"><AttributeType>xyz</AttributeType><IsRequired>true</IsRequired><Value i:type="a:ArrayOfdouble" xmlns:a="http://schemas.microsoft.com/2003/10/Serialization/Arrays"><a:double>0</a:double><a:double>0</a:double><a:double>0</a:double></Value></Attribute><Attribute z:Id="i86"><AttributeType>rpy</AttributeType><IsRequired>true</IsRequired><Value i:type="a:ArrayOfdouble" xmlns:a="http://schemas.microsoft.com/2003/10/Serialization/Arrays"><a:double>0</a:double><a:double>0</a:double><a:double>0</a:double></Value></Attribute></Attributes><ChildElements/><ElementName>origin</ElementName><required>false</required><RPYAttribute z:Ref="i86"/><XYZAttribute z:Ref="i85"/><isCustomized>false</isCustomized></URDFElement><URDFElement z:Id="i87" i:type="Geometry"><Attributes/><ChildElements><URDFElement z:Id="i88" i:type="Mesh"><Attributes><Attribute z:Id="i89"><AttributeType>filename</AttributeType><IsRequired>true</IsRequired><Value i:nil="true"/></Attribute></Attributes><ChildElements/><ElementName>mesh</ElementName><required>false</required><FilenameAttribute z:Ref="i89"/></URDFElement></ChildElements><ElementName>geometry</ElementName><required>true</required><Mesh z:Ref="i88"/></URDFElement><URDFElement z:Id="i90" i:type="Material"><Attributes><Attribute z:Id="i91"><AttributeType>name</AttributeType><IsRequired>true</IsRequired><Value i:type="a:string" xmlns:a="http://www.w3.org/2001/XMLSchema"/></Attribute></Attributes><ChildElements><URDFElement z:Id="i92" i:type="Color"><Attributes><Attribute z:Id="i93"><AttributeType>rgba</AttributeType><IsRequired>true</IsRequired><Value i:type="a:ArrayOfdouble" xmlns:a="http://schemas.microsoft.com/2003/10/Serialization/Arrays"><a:double>1</a:double><a:double>1</a:double><a:double>1</a:double><a:double>1</a:double></Value></Attribute></Attributes><ChildElements/><ElementName>color</ElementName><required>false</required><RGBAAttribute z:Ref="i93"/></URDFElement><URDFElement z:Id="i94" i:type="Texture"><Attributes><Attribute z:Id="i95"><AttributeType>filename</AttributeType><IsRequired>true</IsRequired><Value i:nil="true"/></Attribute></Attributes><ChildElements/><ElementName>texture</ElementName><required>false</required><FilenameAttribute z:Ref="i95"/><wFilename/></URDFElement></ChildElements><ElementName>material</ElementName><required>false</required><Color z:Ref="i92"/><NameAttribute z:Ref="i91"/><Texture z:Ref="i94"/></URDFElement></ChildElements><ElementName>visual</ElementName><required>false</required><Geometry z:Ref="i87"/><Material z:Ref="i90"/><Origin z:Ref="i84"/></URDFElement><URDFElement z:Id="i96" i:type="Collision"><Attributes/><ChildElements><URDFElement z:Id="i97" i:type="Origin"><Attributes><Attribute z:Id="i98"><AttributeType>xyz</AttributeType><IsRequired>true</IsRequired><Value i:type="a:ArrayOfdouble" xmlns:a="http://schemas.microsoft.com/2003/10/Serialization/Arrays"><a:double>0</a:double><a:double>0</a:double><a:double>0</a:double></Value></Attribute><Attribute z:Id="i99"><AttributeType>rpy</AttributeType><IsRequired>true</IsRequired><Value i:type="a:ArrayOfdouble" xmlns:a="http://schemas.microsoft.com/2003/10/Serialization/Arrays"><a:double>0</a:double><a:double>0</a:double><a:double>0</a:double></Value></Attribute></Attributes><ChildElements/><ElementName>origin</ElementName><required>false</required><RPYAttribute z:Ref="i99"/><XYZAttribute z:Ref="i98"/><isCustomized>false</isCustomized></URDFElement><URDFElement z:Id="i100" i:type="Geometry"><Attributes/><ChildElements><URDFElement z:Id="i101" i:type="Mesh"><Attributes><Attribute z:Id="i102"><AttributeType>filename</AttributeType><IsRequired>true</IsRequired><Value i:nil="true"/></Attribute></Attributes><ChildElements/><ElementName>mesh</ElementName><required>false</required><FilenameAttribute z:Ref="i102"/></URDFElement></ChildElements><ElementName>geometry</ElementName><required>true</required><Mesh z:Ref="i101"/></URDFElement></ChildElements><ElementName>collision</ElementName><required>false</required><Geometry z:Ref="i100"/><Origin z:Ref="i97"/></URDFElement><URDFElement z:Id="i103" i:type="Joint"><Attributes><Attribute z:Id="i104"><AttributeType>name</AttributeType><IsRequired>true</IsRequired><Value i:type="a:string" xmlns:a="http://www.w3.org/2001/XMLSchema">joint_1</Value></Attribute><Attribute z:Id="i105"><AttributeType>type</AttributeType><IsRequired>true</IsRequired><Value i:type="a:string" xmlns:a="http://www.w3.org/2001/XMLSchema">Automatically Detect</Value></Attribute></Attributes><ChildElements><URDFElement z:Id="i106" i:type="Origin"><Attributes><Attribute z:Id="i107"><AttributeType>xyz</AttributeType><IsRequired>true</IsRequired><Value i:type="a:ArrayOfdouble" xmlns:a="http://schemas.microsoft.com/2003/10/Serialization/Arrays"><a:double>0</a:double><a:double>0</a:double><a:double>0</a:double></Value></Attribute><Attribute z:Id="i108"><AttributeType>rpy</AttributeType><IsRequired>true</IsRequired><Value i:type="a:ArrayOfdouble" xmlns:a="http://schemas.microsoft.com/2003/10/Serialization/Arrays"><a:double>0</a:double><a:double>0</a:double><a:double>0</a:double></Value></Attribute></Attributes><ChildElements/><ElementName>origin</ElementName><required>false</required><RPYAttribute z:Ref="i108"/><XYZAttribute z:Ref="i107"/><isCustomized>false</isCustomized></URDFElement><URDFElement z:Id="i109" i:type="ParentLink"><Attributes><Attribute z:Id="i110"><AttributeType>link</AttributeType><IsRequired>true</IsRequired><Value i:type="a:string" xmlns:a="http://www.w3.org/2001/XMLSchema"/></Attribute></Attributes><ChildElements/><ElementName>parent</ElementName><required>true</required><NameAttribute z:Ref="i110"/></URDFElement><URDFElement z:Id="i111" i:type="ChildLink"><Attributes><Attribute z:Id="i112"><AttributeType>link</AttributeType><IsRequired>true</IsRequired><Value i:type="a:string" xmlns:a="http://www.w3.org/2001/XMLSchema"/></Attribute></Attributes><ChildElements/><ElementName>child</ElementName><required>true</required><NameAttribute z:Ref="i112"/></URDFElement><URDFElement z:Id="i113" i:type="Axis"><Attributes><Attribute z:Id="i114"><AttributeType>xyz</AttributeType><IsRequired>true</IsRequired><Value i:type="a:ArrayOfdouble" xmlns:a="http://schemas.microsoft.com/2003/10/Serialization/Arrays"><a:double>0</a:double><a:double>0</a:double><a:double>0</a:double></Value></Attribute></Attributes><ChildElements/><ElementName>axis</ElementName><required>false</required><XYZAttribute z:Ref="i114"/></URDFElement><URDFElement z:Id="i115" i:type="Limit"><Attributes><Attribute z:Id="i116"><AttributeType>lower</AttributeType><IsRequired>false</IsRequired><Value i:nil="true"/></Attribute><Attribute z:Id="i117"><AttributeType>upper</AttributeType><IsRequired>false</IsRequired><Value i:nil="true"/></Attribute><Attribute z:Id="i118"><AttributeType>effort</AttributeType><IsRequired>true</IsRequired><Value i:nil="true"/></Attribute><Attribute z:Id="i119"><AttributeType>velocity</AttributeType><IsRequired>true</IsRequired><Value i:nil="true"/></Attribute></Attributes><ChildElements/><ElementName>limit</ElementName><required>false</required><EffortAttribute z:Ref="i118"/><LowerAttribute z:Ref="i116"/><UpperAttribute z:Ref="i117"/><VelocityAttribute z:Ref="i119"/></URDFElement><URDFElement z:Id="i120" i:type="Calibration"><Attributes><Attribute z:Id="i121"><AttributeType>rising</AttributeType><IsRequired>false</IsRequired><Value i:nil="true"/></Attribute><Attribute z:Id="i122"><AttributeType>falling</AttributeType><IsRequired>false</IsRequired><Value i:nil="true"/></Attribute></Attributes><ChildElements/><ElementName>calibration</ElementName><required>false</required><FallingAttribute z:Ref="i122"/><RisingAttribute z:Ref="i121"/></URDFElement><URDFElement z:Id="i123" i:type="Dynamics"><Attributes><Attribute z:Id="i124"><AttributeType>damping</AttributeType><IsRequired>false</IsRequired><Value i:nil="true"/></Attribute><Attribute z:Id="i125"><AttributeType>friction</AttributeType><IsRequired>false</IsRequired><Value i:nil="true"/></Attribute></Attributes><ChildElements/><ElementName>dynamics</ElementName><required>false</required><DampingAttribute z:Ref="i124"/><FrictionAttribute z:Ref="i125"/></URDFElement><URDFElement z:Id="i126" i:type="SafetyController"><Attributes><Attribute z:Id="i127"><AttributeType>soft_upper_limit</AttributeType><IsRequired>false</IsRequired><Value i:nil="true"/></Attribute><Attribute z:Id="i128"><AttributeType>soft_lower_limit</AttributeType><IsRequired>false</IsRequired><Value i:nil="true"/></Attribute><Attribute z:Id="i129"><AttributeType>k_position</AttributeType><IsRequired>false</IsRequired><Value i:nil="true"/></Attribute><Attribute z:Id="i130"><AttributeType>k_velocity</AttributeType><IsRequired>true</IsRequired><Value i:nil="true"/></Attribute></Attributes><ChildElements/><ElementName>safety_controller</ElementName><required>false</required><KPositionAttribute z:Ref="i129"/><KVelocityAttribute z:Ref="i130"/><SoftLowerAttribute z:Ref="i128"/><SoftUpperAttribute z:Ref="i127"/></URDFElement><URDFElement z:Id="i131" i:type="Mimic"><Attributes><Attribute z:Id="i132"><AttributeType>joint</AttributeType><IsRequired>true</IsRequired><Value i:nil="true"/></Attribute><Attribute z:Id="i133"><AttributeType>multiplier</AttributeType><IsRequired>false</IsRequired><Value i:nil="true"/></Attribute><Attribute z:Id="i134"><AttributeType>offset</AttributeType><IsRequired>false</IsRequired><Value i:nil="true"/></Attribute></Attributes><ChildElements/><ElementName>mimic</ElementName><required>false</required><JointNameAttribute z:Ref="i132"/><MultiplierAttribute z:Ref="i133"/><OffsetAttribute z:Ref="i134"/></URDFElement></ChildElements><ElementName>joint</ElementName><required>false</required><Axis z:Ref="i113"/><AxisName>Automatically Generate</AxisName><Calibration z:Ref="i120"/><Child z:Ref="i111"/><CoordinateSystemName>Automatically Generate</CoordinateSystemName><Dynamics z:Ref="i123"/><Limit z:Ref="i115"/><Mimic z:Ref="i131"/><NameAttribute z:Ref="i104"/><Origin z:Ref="i106"/><Parent z:Ref="i109"/><Safety z:Ref="i126"/><TypeAttribute z:Ref="i105"/></URDFElement></ChildElements><ElementName>link</ElementName><required>true</required><Children><Link z:Id="i135"><Attributes><Attribute z:Id="i136"><AttributeType>name</AttributeType><IsRequired>true</IsRequired><Value i:type="a:string" xmlns:a="http://www.w3.org/2001/XMLSchema">link_2</Value></Attribute></Attributes><ChildElements><URDFElement z:Id="i137" i:type="Inertial"><Attributes/><ChildElements><URDFElement z:Id="i138" i:type="Origin"><Attributes><Attribute z:Id="i139"><AttributeType>xyz</AttributeType><IsRequired>true</IsRequired><Value i:type="a:ArrayOfdouble" xmlns:a="http://schemas.microsoft.com/2003/10/Serialization/Arrays"><a:double>0</a:double><a:double>0</a:double><a:double>0</a:double></Value></Attribute><Attribute z:Id="i140"><AttributeType>rpy</AttributeType><IsRequired>true</IsRequired><Value i:type="a:ArrayOfdouble" xmlns:a="http://schemas.microsoft.com/2003/10/Serialization/Arrays"><a:double>0</a:double><a:double>0</a:double><a:double>0</a:double></Value></Attribute></Attributes><ChildElements/><ElementName>origin</ElementName><required>false</required><RPYAttribute z:Ref="i140"/><XYZAttribute z:Ref="i139"/><isCustomized>false</isCustomized></URDFElement><URDFElement z:Id="i141" i:type="Mass"><Attributes><Attribute z:Id="i142"><AttributeType>value</AttributeType><IsRequired>true</IsRequired><Value i:type="a:double" xmlns:a="http://www.w3.org/2001/XMLSchema">0</Value></Attribute></Attributes><ChildElements/><ElementName>mass</ElementName><required>false</required><ValueAttribute z:Ref="i142"/></URDFElement><URDFElement z:Id="i143" i:type="Inertia"><Attributes><Attribute z:Id="i144"><AttributeType>ixx</AttributeType><IsRequired>true</IsRequired><Value i:type="a:double" xmlns:a="http://www.w3.org/2001/XMLSchema">0</Value></Attribute><Attribute z:Id="i145"><AttributeType>ixy</AttributeType><IsRequired>true</IsRequired><Value i:type="a:double" xmlns:a="http://www.w3.org/2001/XMLSchema">0</Value></Attribute><Attribute z:Id="i146"><AttributeType>ixz</AttributeType><IsRequired>true</IsRequired><Value i:type="a:double" xmlns:a="http://www.w3.org/2001/XMLSchema">0</Value></Attribute><Attribute z:Id="i147"><AttributeType>iyy</AttributeType><IsRequired>true</IsRequired><Value i:type="a:double" xmlns:a="http://www.w3.org/2001/XMLSchema">0</Value></Attribute><Attribute z:Id="i148"><AttributeType>iyz</AttributeType><IsRequired>true</IsRequired><Value i:type="a:double" xmlns:a="http://www.w3.org/2001/XMLSchema">0</Value></Attribute><Attribute z:Id="i149"><AttributeType>izz</AttributeType><IsRequired>true</IsRequired><Value i:type="a:double" xmlns:a="http://www.w3.org/2001/XMLSchema">0</Value></Attribute></Attributes><ChildElements/><ElementName>inertia</ElementName><required>false</required><IxxAttribute z:Ref="i144"/><IxyAttribute z:Ref="i145"/><IxzAttribute z:Ref="i146"/><IyyAttribute z:Ref="i147"/><IyzAttribute z:Ref="i148"/><IzzAttribute z:Ref="i149"/></URDFElement></ChildElements><ElementName>inertial</ElementName><required>false</required><Inertia z:Ref="i143"/><Mass z:Ref="i141"/><Origin z:Ref="i138"/></URDFElement><URDFElement z:Id="i150" i:type="Visual"><Attributes/><ChildElements><URDFElement z:Id="i151" i:type="Origin"><Attributes><Attribute z:Id="i152"><AttributeType>xyz</AttributeType><IsRequired>true</IsRequired><Value i:type="a:ArrayOfdouble" xmlns:a="http://schemas.microsoft.com/2003/10/Serialization/Arrays"><a:double>0</a:double><a:double>0</a:double><a:double>0</a:double></Value></Attribute><Attribute z:Id="i153"><AttributeType>rpy</AttributeType><IsRequired>true</IsRequired><Value i:type="a:ArrayOfdouble" xmlns:a="http://schemas.microsoft.com/2003/10/Serialization/Arrays"><a:double>0</a:double><a:double>0</a:double><a:double>0</a:double></Value></Attribute></Attributes><ChildElements/><ElementName>origin</ElementName><required>false</required><RPYAttribute z:Ref="i153"/><XYZAttribute z:Ref="i152"/><isCustomized>false</isCustomized></URDFElement><URDFElement z:Id="i154" i:type="Geometry"><Attributes/><ChildElements><URDFElement z:Id="i155" i:type="Mesh"><Attributes><Attribute z:Id="i156"><AttributeType>filename</AttributeType><IsRequired>true</IsRequired><Value i:nil="true"/></Attribute></Attributes><ChildElements/><ElementName>mesh</ElementName><required>false</required><FilenameAttribute z:Ref="i156"/></URDFElement></ChildElements><ElementName>geometry</ElementName><required>true</required><Mesh z:Ref="i155"/></URDFElement><URDFElement z:Id="i157" i:type="Material"><Attributes><Attribute z:Id="i158"><AttributeType>name</AttributeType><IsRequired>true</IsRequired><Value i:type="a:string" xmlns:a="http://www.w3.org/2001/XMLSchema"/></Attribute></Attributes><ChildElements><URDFElement z:Id="i159" i:type="Color"><Attributes><Attribute z:Id="i160"><AttributeType>rgba</AttributeType><IsRequired>true</IsRequired><Value i:type="a:ArrayOfdouble" xmlns:a="http://schemas.microsoft.com/2003/10/Serialization/Arrays"><a:double>1</a:double><a:double>1</a:double><a:double>1</a:double><a:double>1</a:double></Value></Attribute></Attributes><ChildElements/><ElementName>color</ElementName><required>false</required><RGBAAttribute z:Ref="i160"/></URDFElement><URDFElement z:Id="i161" i:type="Texture"><Attributes><Attribute z:Id="i162"><AttributeType>filename</AttributeType><IsRequired>true</IsRequired><Value i:nil="true"/></Attribute></Attributes><ChildElements/><ElementName>texture</ElementName><required>false</required><FilenameAttribute z:Ref="i162"/><wFilename/></URDFElement></ChildElements><ElementName>material</ElementName><required>false</required><Color z:Ref="i159"/><NameAttribute z:Ref="i158"/><Texture z:Ref="i161"/></URDFElement></ChildElements><ElementName>visual</ElementName><required>false</required><Geometry z:Ref="i154"/><Material z:Ref="i157"/><Origin z:Ref="i151"/></URDFElement><URDFElement z:Id="i163" i:type="Collision"><Attributes/><ChildElements><URDFElement z:Id="i164" i:type="Origin"><Attributes><Attribute z:Id="i165"><AttributeType>xyz</AttributeType><IsRequired>true</IsRequired><Value i:type="a:ArrayOfdouble" xmlns:a="http://schemas.microsoft.com/2003/10/Serialization/Arrays"><a:double>0</a:double><a:double>0</a:double><a:double>0</a:double></Value></Attribute><Attribute z:Id="i166"><AttributeType>rpy</AttributeType><IsRequired>true</IsRequired><Value i:type="a:ArrayOfdouble" xmlns:a="http://schemas.microsoft.com/2003/10/Serialization/Arrays"><a:double>0</a:double><a:double>0</a:double><a:double>0</a:double></Value></Attribute></Attributes><ChildElements/><ElementName>origin</ElementName><required>false</required><RPYAttribute z:Ref="i166"/><XYZAttribute z:Ref="i165"/><isCustomized>false</isCustomized></URDFElement><URDFElement z:Id="i167" i:type="Geometry"><Attributes/><ChildElements><URDFElement z:Id="i168" i:type="Mesh"><Attributes><Attribute z:Id="i169"><AttributeType>filename</AttributeType><IsRequired>true</IsRequired><Value i:nil="true"/></Attribute></Attributes><ChildElements/><ElementName>mesh</ElementName><required>false</required><FilenameAttribute z:Ref="i169"/></URDFElement></ChildElements><ElementName>geometry</ElementName><required>true</required><Mesh z:Ref="i168"/></URDFElement></ChildElements><ElementName>collision</ElementName><required>false</required><Geometry z:Ref="i167"/><Origin z:Ref="i164"/></URDFElement><URDFElement z:Id="i170" i:type="Joint"><Attributes><Attribute z:Id="i171"><AttributeType>name</AttributeType><IsRequired>true</IsRequired><Value i:type="a:string" xmlns:a="http://www.w3.org/2001/XMLSchema">joint_2</Value></Attribute><Attribute z:Id="i172"><AttributeType>type</AttributeType><IsRequired>true</IsRequired><Value i:type="a:string" xmlns:a="http://www.w3.org/2001/XMLSchema">Automatically Detect</Value></Attribute></Attributes><ChildElements><URDFElement z:Id="i173" i:type="Origin"><Attributes><Attribute z:Id="i174"><AttributeType>xyz</AttributeType><IsRequired>true</IsRequired><Value i:type="a:ArrayOfdouble" xmlns:a="http://schemas.microsoft.com/2003/10/Serialization/Arrays"><a:double>0</a:double><a:double>0</a:double><a:double>0</a:double></Value></Attribute><Attribute z:Id="i175"><AttributeType>rpy</AttributeType><IsRequired>true</IsRequired><Value i:type="a:ArrayOfdouble" xmlns:a="http://schemas.microsoft.com/2003/10/Serialization/Arrays"><a:double>0</a:double><a:double>0</a:double><a:double>0</a:double></Value></Attribute></Attributes><ChildElements/><ElementName>origin</ElementName><required>false</required><RPYAttribute z:Ref="i175"/><XYZAttribute z:Ref="i174"/><isCustomized>false</isCustomized></URDFElement><URDFElement z:Id="i176" i:type="ParentLink"><Attributes><Attribute z:Id="i177"><AttributeType>link</AttributeType><IsRequired>true</IsRequired><Value i:type="a:string" xmlns:a="http://www.w3.org/2001/XMLSchema"/></Attribute></Attributes><ChildElements/><ElementName>parent</ElementName><required>true</required><NameAttribute z:Ref="i177"/></URDFElement><URDFElement z:Id="i178" i:type="ChildLink"><Attributes><Attribute z:Id="i179"><AttributeType>link</AttributeType><IsRequired>true</IsRequired><Value i:type="a:string" xmlns:a="http://www.w3.org/2001/XMLSchema"/></Attribute></Attributes><ChildElements/><ElementName>child</ElementName><required>true</required><NameAttribute z:Ref="i179"/></URDFElement><URDFElement z:Id="i180" i:type="Axis"><Attributes><Attribute z:Id="i181"><AttributeType>xyz</AttributeType><IsRequired>true</IsRequired><Value i:type="a:ArrayOfdouble" xmlns:a="http://schemas.microsoft.com/2003/10/Serialization/Arrays"><a:double>0</a:double><a:double>0</a:double><a:double>0</a:double></Value></Attribute></Attributes><ChildElements/><ElementName>axis</ElementName><required>false</required><XYZAttribute z:Ref="i181"/></URDFElement><URDFElement z:Id="i182" i:type="Limit"><Attributes><Attribute z:Id="i183"><AttributeType>lower</AttributeType><IsRequired>false</IsRequired><Value i:nil="true"/></Attribute><Attribute z:Id="i184"><AttributeType>upper</AttributeType><IsRequired>false</IsRequired><Value i:nil="true"/></Attribute><Attribute z:Id="i185"><AttributeType>effort</AttributeType><IsRequired>true</IsRequired><Value i:nil="true"/></Attribute><Attribute z:Id="i186"><AttributeType>velocity</AttributeType><IsRequired>true</IsRequired><Value i:nil="true"/></Attribute></Attributes><ChildElements/><ElementName>limit</ElementName><required>false</required><EffortAttribute z:Ref="i185"/><LowerAttribute z:Ref="i183"/><UpperAttribute z:Ref="i184"/><VelocityAttribute z:Ref="i186"/></URDFElement><URDFElement z:Id="i187" i:type="Calibration"><Attributes><Attribute z:Id="i188"><AttributeType>rising</AttributeType><IsRequired>false</IsRequired><Value i:nil="true"/></Attribute><Attribute z:Id="i189"><AttributeType>falling</AttributeType><IsRequired>false</IsRequired><Value i:nil="true"/></Attribute></Attributes><ChildElements/><ElementName>calibration</ElementName><required>false</required><FallingAttribute z:Ref="i189"/><RisingAttribute z:Ref="i188"/></URDFElement><URDFElement z:Id="i190" i:type="Dynamics"><Attributes><Attribute z:Id="i191"><AttributeType>damping</AttributeType><IsRequired>false</IsRequired><Value i:nil="true"/></Attribute><Attribute z:Id="i192"><AttributeType>friction</AttributeType><IsRequired>false</IsRequired><Value i:nil="true"/></Attribute></Attributes><ChildElements/><ElementName>dynamics</ElementName><required>false</required><DampingAttribute z:Ref="i191"/><FrictionAttribute z:Ref="i192"/></URDFElement><URDFElement z:Id="i193" i:type="SafetyController"><Attributes><Attribute z:Id="i194"><AttributeType>soft_upper_limit</AttributeType><IsRequired>false</IsRequired><Value i:nil="true"/></Attribute><Attribute z:Id="i195"><AttributeType>soft_lower_limit</AttributeType><IsRequired>false</IsRequired><Value i:nil="true"/></Attribute><Attribute z:Id="i196"><AttributeType>k_position</AttributeType><IsRequired>false</IsRequired><Value i:nil="true"/></Attribute><Attribute z:Id="i197"><AttributeType>k_velocity</AttributeType><IsRequired>true</IsRequired><Value i:nil="true"/></Attribute></Attributes><ChildElements/><ElementName>safety_controller</ElementName><required>false</required><KPositionAttribute z:Ref="i196"/><KVelocityAttribute z:Ref="i197"/><SoftLowerAttribute z:Ref="i195"/><SoftUpperAttribute z:Ref="i194"/></URDFElement><URDFElement z:Id="i198" i:type="Mimic"><Attributes><Attribute z:Id="i199"><AttributeType>joint</AttributeType><IsRequired>true</IsRequired><Value i:nil="true"/></Attribute><Attribute z:Id="i200"><AttributeType>multiplier</AttributeType><IsRequired>false</IsRequired><Value i:nil="true"/></Attribute><Attribute z:Id="i201"><AttributeType>offset</AttributeType><IsRequired>false</IsRequired><Value i:nil="true"/></Attribute></Attributes><ChildElements/><ElementName>mimic</ElementName><required>false</required><JointNameAttribute z:Ref="i199"/><MultiplierAttribute z:Ref="i200"/><OffsetAttribute z:Ref="i201"/></URDFElement></ChildElements><ElementName>joint</ElementName><required>false</required><Axis z:Ref="i180"/><AxisName>Automatically Generate</AxisName><Calibration z:Ref="i187"/><Child z:Ref="i178"/><CoordinateSystemName>Automatically Generate</CoordinateSystemName><Dynamics z:Ref="i190"/><Limit z:Ref="i182"/><Mimic z:Ref="i198"/><NameAttribute z:Ref="i171"/><Origin z:Ref="i173"/><Parent z:Ref="i176"/><Safety z:Ref="i193"/><TypeAttribute z:Ref="i172"/></URDFElement></ChildElements><ElementName>link</ElementName><required>true</required><Children><Link z:Id="i202"><Attributes><Attribute z:Id="i203"><AttributeType>name</AttributeType><IsRequired>true</IsRequired><Value i:type="a:string" xmlns:a="http://www.w3.org/2001/XMLSchema">link_3</Value></Attribute></Attributes><ChildElements><URDFElement z:Id="i204" i:type="Inertial"><Attributes/><ChildElements><URDFElement z:Id="i205" i:type="Origin"><Attributes><Attribute z:Id="i206"><AttributeType>xyz</AttributeType><IsRequired>true</IsRequired><Value i:type="a:ArrayOfdouble" xmlns:a="http://schemas.microsoft.com/2003/10/Serialization/Arrays"><a:double>0</a:double><a:double>0</a:double><a:double>0</a:double></Value></Attribute><Attribute z:Id="i207"><AttributeType>rpy</AttributeType><IsRequired>true</IsRequired><Value i:type="a:ArrayOfdouble" xmlns:a="http://schemas.microsoft.com/2003/10/Serialization/Arrays"><a:double>0</a:double><a:double>0</a:double><a:double>0</a:double></Value></Attribute></Attributes><ChildElements/><ElementName>origin</ElementName><required>false</required><RPYAttribute z:Ref="i207"/><XYZAttribute z:Ref="i206"/><isCustomized>false</isCustomized></URDFElement><URDFElement z:Id="i208" i:type="Mass"><Attributes><Attribute z:Id="i209"><AttributeType>value</AttributeType><IsRequired>true</IsRequired><Value i:type="a:double" xmlns:a="http://www.w3.org/2001/XMLSchema">0</Value></Attribute></Attributes><ChildElements/><ElementName>mass</ElementName><required>false</required><ValueAttribute z:Ref="i209"/></URDFElement><URDFElement z:Id="i210" i:type="Inertia"><Attributes><Attribute z:Id="i211"><AttributeType>ixx</AttributeType><IsRequired>true</IsRequired><Value i:type="a:double" xmlns:a="http://www.w3.org/2001/XMLSchema">0</Value></Attribute><Attribute z:Id="i212"><AttributeType>ixy</AttributeType><IsRequired>true</IsRequired><Value i:type="a:double" xmlns:a="http://www.w3.org/2001/XMLSchema">0</Value></Attribute><Attribute z:Id="i213"><AttributeType>ixz</AttributeType><IsRequired>true</IsRequired><Value i:type="a:double" xmlns:a="http://www.w3.org/2001/XMLSchema">0</Value></Attribute><Attribute z:Id="i214"><AttributeType>iyy</AttributeType><IsRequired>true</IsRequired><Value i:type="a:double" xmlns:a="http://www.w3.org/2001/XMLSchema">0</Value></Attribute><Attribute z:Id="i215"><AttributeType>iyz</AttributeType><IsRequired>true</IsRequired><Value i:type="a:double" xmlns:a="http://www.w3.org/2001/XMLSchema">0</Value></Attribute><Attribute z:Id="i216"><AttributeType>izz</AttributeType><IsRequired>true</IsRequired><Value i:type="a:double" xmlns:a="http://www.w3.org/2001/XMLSchema">0</Value></Attribute></Attributes><ChildElements/><ElementName>inertia</ElementName><required>false</required><IxxAttribute z:Ref="i211"/><IxyAttribute z:Ref="i212"/><IxzAttribute z:Ref="i213"/><IyyAttribute z:Ref="i214"/><IyzAttribute z:Ref="i215"/><IzzAttribute z:Ref="i216"/></URDFElement></ChildElements><ElementName>inertial</ElementName><required>false</required><Inertia z:Ref="i210"/><Mass z:Ref="i208"/><Origin z:Ref="i205"/></URDFElement><URDFElement z:Id="i217" i:type="Visual"><Attributes/><ChildElements><URDFElement z:Id="i218" i:type="Origin"><Attributes><Attribute z:Id="i219"><AttributeType>xyz</AttributeType><IsRequired>true</IsRequired><Value i:type="a:ArrayOfdouble" xmlns:a="http://schemas.microsoft.com/2003/10/Serialization/Arrays"><a:double>0</a:double><a:double>0</a:double><a:double>0</a:double></Value></Attribute><Attribute z:Id="i220"><AttributeType>rpy</AttributeType><IsRequired>true</IsRequired><Value i:type="a:ArrayOfdouble" xmlns:a="http://schemas.microsoft.com/2003/10/Serialization/Arrays"><a:double>0</a:double><a:double>0</a:double><a:double>0</a:double></Value></Attribute></Attributes><ChildElements/><ElementName>origin</ElementName><required>false</required><RPYAttribute z:Ref="i220"/><XYZAttribute z:Ref="i219"/><isCustomized>false</isCustomized></URDFElement><URDFElement z:Id="i221" i:type="Geometry"><Attributes/><ChildElements><URDFElement z:Id="i222" i:type="Mesh"><Attributes><Attribute z:Id="i223"><AttributeType>filename</AttributeType><IsRequired>true</IsRequired><Value i:nil="true"/></Attribute></Attributes><ChildElements/><ElementName>mesh</ElementName><required>false</required><FilenameAttribute z:Ref="i223"/></URDFElement></ChildElements><ElementName>geometry</ElementName><required>true</required><Mesh z:Ref="i222"/></URDFElement><URDFElement z:Id="i224" i:type="Material"><Attributes><Attribute z:Id="i225"><AttributeType>name</AttributeType><IsRequired>true</IsRequired><Value i:type="a:string" xmlns:a="http://www.w3.org/2001/XMLSchema"/></Attribute></Attributes><ChildElements><URDFElement z:Id="i226" i:type="Color"><Attributes><Attribute z:Id="i227"><AttributeType>rgba</AttributeType><IsRequired>true</IsRequired><Value i:type="a:ArrayOfdouble" xmlns:a="http://schemas.microsoft.com/2003/10/Serialization/Arrays"><a:double>1</a:double><a:double>1</a:double><a:double>1</a:double><a:double>1</a:double></Value></Attribute></Attributes><ChildElements/><ElementName>color</ElementName><required>false</required><RGBAAttribute z:Ref="i227"/></URDFElement><URDFElement z:Id="i228" i:type="Texture"><Attributes><Attribute z:Id="i229"><AttributeType>filename</AttributeType><IsRequired>true</IsRequired><Value i:nil="true"/></Attribute></Attributes><ChildElements/><ElementName>texture</ElementName><required>false</required><FilenameAttribute z:Ref="i229"/><wFilename/></URDFElement></ChildElements><ElementName>material</ElementName><required>false</required><Color z:Ref="i226"/><NameAttribute z:Ref="i225"/><Texture z:Ref="i228"/></URDFElement></ChildElements><ElementName>visual</ElementName><required>false</required><Geometry z:Ref="i221"/><Material z:Ref="i224"/><Origin z:Ref="i218"/></URDFElement><URDFElement z:Id="i230" i:type="Collision"><Attributes/><ChildElements><URDFElement z:Id="i231" i:type="Origin"><Attributes><Attribute z:Id="i232"><AttributeType>xyz</AttributeType><IsRequired>true</IsRequired><Value i:type="a:ArrayOfdouble" xmlns:a="http://schemas.microsoft.com/2003/10/Serialization/Arrays"><a:double>0</a:double><a:double>0</a:double><a:double>0</a:double></Value></Attribute><Attribute z:Id="i233"><AttributeType>rpy</AttributeType><IsRequired>true</IsRequired><Value i:type="a:ArrayOfdouble" xmlns:a="http://schemas.microsoft.com/2003/10/Serialization/Arrays"><a:double>0</a:double><a:double>0</a:double><a:double>0</a:double></Value></Attribute></Attributes><ChildElements/><ElementName>origin</ElementName><required>false</required><RPYAttribute z:Ref="i233"/><XYZAttribute z:Ref="i232"/><isCustomized>false</isCustomized></URDFElement><URDFElement z:Id="i234" i:type="Geometry"><Attributes/><ChildElements><URDFElement z:Id="i235" i:type="Mesh"><Attributes><Attribute z:Id="i236"><AttributeType>filename</AttributeType><IsRequired>true</IsRequired><Value i:nil="true"/></Attribute></Attributes><ChildElements/><ElementName>mesh</ElementName><required>false</required><FilenameAttribute z:Ref="i236"/></URDFElement></ChildElements><ElementName>geometry</ElementName><required>true</required><Mesh z:Ref="i235"/></URDFElement></ChildElements><ElementName>collision</ElementName><required>false</required><Geometry z:Ref="i234"/><Origin z:Ref="i231"/></URDFElement><URDFElement z:Id="i237" i:type="Joint"><Attributes><Attribute z:Id="i238"><AttributeType>name</AttributeType><IsRequired>true</IsRequired><Value i:type="a:string" xmlns:a="http://www.w3.org/2001/XMLSchema">joint_3</Value></Attribute><Attribute z:Id="i239"><AttributeType>type</AttributeType><IsRequired>true</IsRequired><Value i:type="a:string" xmlns:a="http://www.w3.org/2001/XMLSchema">Automatically Detect</Value></Attribute></Attributes><ChildElements><URDFElement z:Id="i240" i:type="Origin"><Attributes><Attribute z:Id="i241"><AttributeType>xyz</AttributeType><IsRequired>true</IsRequired><Value i:type="a:ArrayOfdouble" xmlns:a="http://schemas.microsoft.com/2003/10/Serialization/Arrays"><a:double>0</a:double><a:double>0</a:double><a:double>0</a:double></Value></Attribute><Attribute z:Id="i242"><AttributeType>rpy</AttributeType><IsRequired>true</IsRequired><Value i:type="a:ArrayOfdouble" xmlns:a="http://schemas.microsoft.com/2003/10/Serialization/Arrays"><a:double>0</a:double><a:double>0</a:double><a:double>0</a:double></Value></Attribute></Attributes><ChildElements/><ElementName>origin</ElementName><required>false</required><RPYAttribute z:Ref="i242"/><XYZAttribute z:Ref="i241"/><isCustomized>false</isCustomized></URDFElement><URDFElement z:Id="i243" i:type="ParentLink"><Attributes><Attribute z:Id="i244"><AttributeType>link</AttributeType><IsRequired>true</IsRequired><Value i:type="a:string" xmlns:a="http://www.w3.org/2001/XMLSchema"/></Attribute></Attributes><ChildElements/><ElementName>parent</ElementName><required>true</required><NameAttribute z:Ref="i244"/></URDFElement><URDFElement z:Id="i245" i:type="ChildLink"><Attributes><Attribute z:Id="i246"><AttributeType>link</AttributeType><IsRequired>true</IsRequired><Value i:type="a:string" xmlns:a="http://www.w3.org/2001/XMLSchema"/></Attribute></Attributes><ChildElements/><ElementName>child</ElementName><required>true</required><NameAttribute z:Ref="i246"/></URDFElement><URDFElement z:Id="i247" i:type="Axis"><Attributes><Attribute z:Id="i248"><AttributeType>xyz</AttributeType><IsRequired>true</IsRequired><Value i:type="a:ArrayOfdouble" xmlns:a="http://schemas.microsoft.com/2003/10/Serialization/Arrays"><a:double>0</a:double><a:double>0</a:double><a:double>0</a:double></Value></Attribute></Attributes><ChildElements/><ElementName>axis</ElementName><required>false</required><XYZAttribute z:Ref="i248"/></URDFElement><URDFElement z:Id="i249" i:type="Limit"><Attributes><Attribute z:Id="i250"><AttributeType>lower</AttributeType><IsRequired>false</IsRequired><Value i:nil="true"/></Attribute><Attribute z:Id="i251"><AttributeType>upper</AttributeType><IsRequired>false</IsRequired><Value i:nil="true"/></Attribute><Attribute z:Id="i252"><AttributeType>effort</AttributeType><IsRequired>true</IsRequired><Value i:nil="true"/></Attribute><Attribute z:Id="i253"><AttributeType>velocity</AttributeType><IsRequired>true</IsRequired><Value i:nil="true"/></Attribute></Attributes><ChildElements/><ElementName>limit</ElementName><required>false</required><EffortAttribute z:Ref="i252"/><LowerAttribute z:Ref="i250"/><UpperAttribute z:Ref="i251"/><VelocityAttribute z:Ref="i253"/></URDFElement><URDFElement z:Id="i254" i:type="Calibration"><Attributes><Attribute z:Id="i255"><AttributeType>rising</AttributeType><IsRequired>false</IsRequired><Value i:nil="true"/></Attribute><Attribute z:Id="i256"><AttributeType>falling</AttributeType><IsRequired>false</IsRequired><Value i:nil="true"/></Attribute></Attributes><ChildElements/><ElementName>calibration</ElementName><required>false</required><FallingAttribute z:Ref="i256"/><RisingAttribute z:Ref="i255"/></URDFElement><URDFElement z:Id="i257" i:type="Dynamics"><Attributes><Attribute z:Id="i258"><AttributeType>damping</AttributeType><IsRequired>false</IsRequired><Value i:nil="true"/></Attribute><Attribute z:Id="i259"><AttributeType>friction</AttributeType><IsRequired>false</IsRequired><Value i:nil="true"/></Attribute></Attributes><ChildElements/><ElementName>dynamics</ElementName><required>false</required><DampingAttribute z:Ref="i258"/><FrictionAttribute z:Ref="i259"/></URDFElement><URDFElement z:Id="i260" i:type="SafetyController"><Attributes><Attribute z:Id="i261"><AttributeType>soft_upper_limit</AttributeType><IsRequired>false</IsRequired><Value i:nil="true"/></Attribute><Attribute z:Id="i262"><AttributeType>soft_lower_limit</AttributeType><IsRequired>false</IsRequired><Value i:nil="true"/></Attribute><Attribute z:Id="i263"><AttributeType>k_position</AttributeType><IsRequired>false</IsRequired><Value i:nil="true"/></Attribute><Attribute z:Id="i264"><AttributeType>k_velocity</AttributeType><IsRequired>true</IsRequired><Value i:nil="true"/></Attribute></Attributes><ChildElements/><ElementName>safety_controller</ElementName><required>false</required><KPositionAttribute z:Ref="i263"/><KVelocityAttribute z:Ref="i264"/><SoftLowerAttribute z:Ref="i262"/><SoftUpperAttribute z:Ref="i261"/></URDFElement><URDFElement z:Id="i265" i:type="Mimic"><Attributes><Attribute z:Id="i266"><AttributeType>joint</AttributeType><IsRequired>true</IsRequired><Value i:nil="true"/></Attribute><Attribute z:Id="i267"><AttributeType>multiplier</AttributeType><IsRequired>false</IsRequired><Value i:nil="true"/></Attribute><Attribute z:Id="i268"><AttributeType>offset</AttributeType><IsRequired>false</IsRequired><Value i:nil="true"/></Attribute></Attributes><ChildElements/><ElementName>mimic</ElementName><required>false</required><JointNameAttribute z:Ref="i266"/><MultiplierAttribute z:Ref="i267"/><OffsetAttribute z:Ref="i268"/></URDFElement></ChildElements><ElementName>joint</ElementName><required>false</required><Axis z:Ref="i247"/><AxisName>Automatically Generate</AxisName><Calibration z:Ref="i254"/><Child z:Ref="i245"/><CoordinateSystemName>Automatically Generate</CoordinateSystemName><Dynamics z:Ref="i257"/><Limit z:Ref="i249"/><Mimic z:Ref="i265"/><NameAttribute z:Ref="i238"/><Origin z:Ref="i240"/><Parent z:Ref="i243"/><Safety z:Ref="i260"/><TypeAttribute z:Ref="i239"/></URDFElement></ChildElements><ElementName>link</ElementName><required>true</required><Children><Link z:Id="i269"><Attributes><Attribute z:Id="i270"><AttributeType>name</AttributeType><IsRequired>true</IsRequired><Value i:type="a:string" xmlns:a="http://www.w3.org/2001/XMLSchema">Link_4</Value></Attribute></Attributes><ChildElements><URDFElement z:Id="i271" i:type="Inertial"><Attributes/><ChildElements><URDFElement z:Id="i272" i:type="Origin"><Attributes><Attribute z:Id="i273"><AttributeType>xyz</AttributeType><IsRequired>true</IsRequired><Value i:type="a:ArrayOfdouble" xmlns:a="http://schemas.microsoft.com/2003/10/Serialization/Arrays"><a:double>0</a:double><a:double>0</a:double><a:double>0</a:double></Value></Attribute><Attribute z:Id="i274"><AttributeType>rpy</AttributeType><IsRequired>true</IsRequired><Value i:type="a:ArrayOfdouble" xmlns:a="http://schemas.microsoft.com/2003/10/Serialization/Arrays"><a:double>0</a:double><a:double>0</a:double><a:double>0</a:double></Value></Attribute></Attributes><ChildElements/><ElementName>origin</ElementName><required>false</required><RPYAttribute z:Ref="i274"/><XYZAttribute z:Ref="i273"/><isCustomized>false</isCustomized></URDFElement><URDFElement z:Id="i275" i:type="Mass"><Attributes><Attribute z:Id="i276"><AttributeType>value</AttributeType><IsRequired>true</IsRequired><Value i:type="a:double" xmlns:a="http://www.w3.org/2001/XMLSchema">0</Value></Attribute></Attributes><ChildElements/><ElementName>mass</ElementName><required>false</required><ValueAttribute z:Ref="i276"/></URDFElement><URDFElement z:Id="i277" i:type="Inertia"><Attributes><Attribute z:Id="i278"><AttributeType>ixx</AttributeType><IsRequired>true</IsRequired><Value i:type="a:double" xmlns:a="http://www.w3.org/2001/XMLSchema">0</Value></Attribute><Attribute z:Id="i279"><AttributeType>ixy</AttributeType><IsRequired>true</IsRequired><Value i:type="a:double" xmlns:a="http://www.w3.org/2001/XMLSchema">0</Value></Attribute><Attribute z:Id="i280"><AttributeType>ixz</AttributeType><IsRequired>true</IsRequired><Value i:type="a:double" xmlns:a="http://www.w3.org/2001/XMLSchema">0</Value></Attribute><Attribute z:Id="i281"><AttributeType>iyy</AttributeType><IsRequired>true</IsRequired><Value i:type="a:double" xmlns:a="http://www.w3.org/2001/XMLSchema">0</Value></Attribute><Attribute z:Id="i282"><AttributeType>iyz</AttributeType><IsRequired>true</IsRequired><Value i:type="a:double" xmlns:a="http://www.w3.org/2001/XMLSchema">0</Value></Attribute><Attribute z:Id="i283"><AttributeType>izz</AttributeType><IsRequired>true</IsRequired><Value i:type="a:double" xmlns:a="http://www.w3.org/2001/XMLSchema">0</Value></Attribute></Attributes><ChildElements/><ElementName>inertia</ElementName><required>false</required><IxxAttribute z:Ref="i278"/><IxyAttribute z:Ref="i279"/><IxzAttribute z:Ref="i280"/><IyyAttribute z:Ref="i281"/><IyzAttribute z:Ref="i282"/><IzzAttribute z:Ref="i283"/></URDFElement></ChildElements><ElementName>inertial</ElementName><required>false</required><Inertia z:Ref="i277"/><Mass z:Ref="i275"/><Origin z:Ref="i272"/></URDFElement><URDFElement z:Id="i284" i:type="Visual"><Attributes/><ChildElements><URDFElement z:Id="i285" i:type="Origin"><Attributes><Attribute z:Id="i286"><AttributeType>xyz</AttributeType><IsRequired>true</IsRequired><Value i:type="a:ArrayOfdouble" xmlns:a="http://schemas.microsoft.com/2003/10/Serialization/Arrays"><a:double>0</a:double><a:double>0</a:double><a:double>0</a:double></Value></Attribute><Attribute z:Id="i287"><AttributeType>rpy</AttributeType><IsRequired>true</IsRequired><Value i:type="a:ArrayOfdouble" xmlns:a="http://schemas.microsoft.com/2003/10/Serialization/Arrays"><a:double>0</a:double><a:double>0</a:double><a:double>0</a:double></Value></Attribute></Attributes><ChildElements/><ElementName>origin</ElementName><required>false</required><RPYAttribute z:Ref="i287"/><XYZAttribute z:Ref="i286"/><isCustomized>false</isCustomized></URDFElement><URDFElement z:Id="i288" i:type="Geometry"><Attributes/><ChildElements><URDFElement z:Id="i289" i:type="Mesh"><Attributes><Attribute z:Id="i290"><AttributeType>filename</AttributeType><IsRequired>true</IsRequired><Value i:nil="true"/></Attribute></Attributes><ChildElements/><ElementName>mesh</ElementName><required>false</required><FilenameAttribute z:Ref="i290"/></URDFElement></ChildElements><ElementName>geometry</ElementName><required>true</required><Mesh z:Ref="i289"/></URDFElement><URDFElement z:Id="i291" i:type="Material"><Attributes><Attribute z:Id="i292"><AttributeType>name</AttributeType><IsRequired>true</IsRequired><Value i:type="a:string" xmlns:a="http://www.w3.org/2001/XMLSchema"/></Attribute></Attributes><ChildElements><URDFElement z:Id="i293" i:type="Color"><Attributes><Attribute z:Id="i294"><AttributeType>rgba</AttributeType><IsRequired>true</IsRequired><Value i:type="a:ArrayOfdouble" xmlns:a="http://schemas.microsoft.com/2003/10/Serialization/Arrays"><a:double>1</a:double><a:double>1</a:double><a:double>1</a:double><a:double>1</a:double></Value></Attribute></Attributes><ChildElements/><ElementName>color</ElementName><required>false</required><RGBAAttribute z:Ref="i294"/></URDFElement><URDFElement z:Id="i295" i:type="Texture"><Attributes><Attribute z:Id="i296"><AttributeType>filename</AttributeType><IsRequired>true</IsRequired><Value i:nil="true"/></Attribute></Attributes><ChildElements/><ElementName>texture</ElementName><required>false</required><FilenameAttribute z:Ref="i296"/><wFilename/></URDFElement></ChildElements><ElementName>material</ElementName><required>false</required><Color z:Ref="i293"/><NameAttribute z:Ref="i292"/><Texture z:Ref="i295"/></URDFElement></ChildElements><ElementName>visual</ElementName><required>false</required><Geometry z:Ref="i288"/><Material z:Ref="i291"/><Origin z:Ref="i285"/></URDFElement><URDFElement z:Id="i297" i:type="Collision"><Attributes/><ChildElements><URDFElement z:Id="i298" i:type="Origin"><Attributes><Attribute z:Id="i299"><AttributeType>xyz</AttributeType><IsRequired>true</IsRequired><Value i:type="a:ArrayOfdouble" xmlns:a="http://schemas.microsoft.com/2003/10/Serialization/Arrays"><a:double>0</a:double><a:double>0</a:double><a:double>0</a:double></Value></Attribute><Attribute z:Id="i300"><AttributeType>rpy</AttributeType><IsRequired>true</IsRequired><Value i:type="a:ArrayOfdouble" xmlns:a="http://schemas.microsoft.com/2003/10/Serialization/Arrays"><a:double>0</a:double><a:double>0</a:double><a:double>0</a:double></Value></Attribute></Attributes><ChildElements/><ElementName>origin</ElementName><required>false</required><RPYAttribute z:Ref="i300"/><XYZAttribute z:Ref="i299"/><isCustomized>false</isCustomized></URDFElement><URDFElement z:Id="i301" i:type="Geometry"><Attributes/><ChildElements><URDFElement z:Id="i302" i:type="Mesh"><Attributes><Attribute z:Id="i303"><AttributeType>filename</AttributeType><IsRequired>true</IsRequired><Value i:nil="true"/></Attribute></Attributes><ChildElements/><ElementName>mesh</ElementName><required>false</required><FilenameAttribute z:Ref="i303"/></URDFElement></ChildElements><ElementName>geometry</ElementName><required>true</required><Mesh z:Ref="i302"/></URDFElement></ChildElements><ElementName>collision</ElementName><required>false</required><Geometry z:Ref="i301"/><Origin z:Ref="i298"/></URDFElement><URDFElement z:Id="i304" i:type="Joint"><Attributes><Attribute z:Id="i305"><AttributeType>name</AttributeType><IsRequired>true</IsRequired><Value i:type="a:string" xmlns:a="http://www.w3.org/2001/XMLSchema">joint_4</Value></Attribute><Attribute z:Id="i306"><AttributeType>type</AttributeType><IsRequired>true</IsRequired><Value i:type="a:string" xmlns:a="http://www.w3.org/2001/XMLSchema">Automatically Detect</Value></Attribute></Attributes><ChildElements><URDFElement z:Id="i307" i:type="Origin"><Attributes><Attribute z:Id="i308"><AttributeType>xyz</AttributeType><IsRequired>true</IsRequired><Value i:type="a:ArrayOfdouble" xmlns:a="http://schemas.microsoft.com/2003/10/Serialization/Arrays"><a:double>0</a:double><a:double>0</a:double><a:double>0</a:double></Value></Attribute><Attribute z:Id="i309"><AttributeType>rpy</AttributeType><IsRequired>true</IsRequired><Value i:type="a:ArrayOfdouble" xmlns:a="http://schemas.microsoft.com/2003/10/Serialization/Arrays"><a:double>0</a:double><a:double>0</a:double><a:double>0</a:double></Value></Attribute></Attributes><ChildElements/><ElementName>origin</ElementName><required>false</required><RPYAttribute z:Ref="i309"/><XYZAttribute z:Ref="i308"/><isCustomized>false</isCustomized></URDFElement><URDFElement z:Id="i310" i:type="ParentLink"><Attributes><Attribute z:Id="i311"><AttributeType>link</AttributeType><IsRequired>true</IsRequired><Value i:type="a:string" xmlns:a="http://www.w3.org/2001/XMLSchema"/></Attribute></Attributes><ChildElements/><ElementName>parent</ElementName><required>true</required><NameAttribute z:Ref="i311"/></URDFElement><URDFElement z:Id="i312" i:type="ChildLink"><Attributes><Attribute z:Id="i313"><AttributeType>link</AttributeType><IsRequired>true</IsRequired><Value i:type="a:string" xmlns:a="http://www.w3.org/2001/XMLSchema"/></Attribute></Attributes><ChildElements/><ElementName>child</ElementName><required>true</required><NameAttribute z:Ref="i313"/></URDFElement><URDFElement z:Id="i314" i:type="Axis"><Attributes><Attribute z:Id="i315"><AttributeType>xyz</AttributeType><IsRequired>true</IsRequired><Value i:type="a:ArrayOfdouble" xmlns:a="http://schemas.microsoft.com/2003/10/Serialization/Arrays"><a:double>0</a:double><a:double>0</a:double><a:double>0</a:double></Value></Attribute></Attributes><ChildElements/><ElementName>axis</ElementName><required>false</required><XYZAttribute z:Ref="i315"/></URDFElement><URDFElement z:Id="i316" i:type="Limit"><Attributes><Attribute z:Id="i317"><AttributeType>lower</AttributeType><IsRequired>false</IsRequired><Value i:nil="true"/></Attribute><Attribute z:Id="i318"><AttributeType>upper</AttributeType><IsRequired>false</IsRequired><Value i:nil="true"/></Attribute><Attribute z:Id="i319"><AttributeType>effort</AttributeType><IsRequired>true</IsRequired><Value i:nil="true"/></Attribute><Attribute z:Id="i320"><AttributeType>velocity</AttributeType><IsRequired>true</IsRequired><Value i:nil="true"/></Attribute></Attributes><ChildElements/><ElementName>limit</ElementName><required>false</required><EffortAttribute z:Ref="i319"/><LowerAttribute z:Ref="i317"/><UpperAttribute z:Ref="i318"/><VelocityAttribute z:Ref="i320"/></URDFElement><URDFElement z:Id="i321" i:type="Calibration"><Attributes><Attribute z:Id="i322"><AttributeType>rising</AttributeType><IsRequired>false</IsRequired><Value i:nil="true"/></Attribute><Attribute z:Id="i323"><AttributeType>falling</AttributeType><IsRequired>false</IsRequired><Value i:nil="true"/></Attribute></Attributes><ChildElements/><ElementName>calibration</ElementName><required>false</required><FallingAttribute z:Ref="i323"/><RisingAttribute z:Ref="i322"/></URDFElement><URDFElement z:Id="i324" i:type="Dynamics"><Attributes><Attribute z:Id="i325"><AttributeType>damping</AttributeType><IsRequired>false</IsRequired><Value i:nil="true"/></Attribute><Attribute z:Id="i326"><AttributeType>friction</AttributeType><IsRequired>false</IsRequired><Value i:nil="true"/></Attribute></Attributes><ChildElements/><ElementName>dynamics</ElementName><required>false</required><DampingAttribute z:Ref="i325"/><FrictionAttribute z:Ref="i326"/></URDFElement><URDFElement z:Id="i327" i:type="SafetyController"><Attributes><Attribute z:Id="i328"><AttributeType>soft_upper_limit</AttributeType><IsRequired>false</IsRequired><Value i:nil="true"/></Attribute><Attribute z:Id="i329"><AttributeType>soft_lower_limit</AttributeType><IsRequired>false</IsRequired><Value i:nil="true"/></Attribute><Attribute z:Id="i330"><AttributeType>k_position</AttributeType><IsRequired>false</IsRequired><Value i:nil="true"/></Attribute><Attribute z:Id="i331"><AttributeType>k_velocity</AttributeType><IsRequired>true</IsRequired><Value i:nil="true"/></Attribute></Attributes><ChildElements/><ElementName>safety_controller</ElementName><required>false</required><KPositionAttribute z:Ref="i330"/><KVelocityAttribute z:Ref="i331"/><SoftLowerAttribute z:Ref="i329"/><SoftUpperAttribute z:Ref="i328"/></URDFElement><URDFElement z:Id="i332" i:type="Mimic"><Attributes><Attribute z:Id="i333"><AttributeType>joint</AttributeType><IsRequired>true</IsRequired><Value i:nil="true"/></Attribute><Attribute z:Id="i334"><AttributeType>multiplier</AttributeType><IsRequired>false</IsRequired><Value i:nil="true"/></Attribute><Attribute z:Id="i335"><AttributeType>offset</AttributeType><IsRequired>false</IsRequired><Value i:nil="true"/></Attribute></Attributes><ChildElements/><ElementName>mimic</ElementName><required>false</required><JointNameAttribute z:Ref="i333"/><MultiplierAttribute z:Ref="i334"/><OffsetAttribute z:Ref="i335"/></URDFElement></ChildElements><ElementName>joint</ElementName><required>false</required><Axis z:Ref="i314"/><AxisName>Automatically Generate</AxisName><Calibration z:Ref="i321"/><Child z:Ref="i312"/><CoordinateSystemName>Automatically Generate</CoordinateSystemName><Dynamics z:Ref="i324"/><Limit z:Ref="i316"/><Mimic z:Ref="i332"/><NameAttribute z:Ref="i305"/><Origin z:Ref="i307"/><Parent z:Ref="i310"/><Safety z:Ref="i327"/><TypeAttribute z:Ref="i306"/></URDFElement></ChildElements><ElementName>link</ElementName><required>true</required><Children><Link z:Id="i336"><Attributes><Attribute z:Id="i337"><AttributeType>name</AttributeType><IsRequired>true</IsRequired><Value i:type="a:string" xmlns:a="http://www.w3.org/2001/XMLSchema">grab</Value></Attribute></Attributes><ChildElements><URDFElement z:Id="i338" i:type="Inertial"><Attributes/><ChildElements><URDFElement z:Id="i339" i:type="Origin"><Attributes><Attribute z:Id="i340"><AttributeType>xyz</AttributeType><IsRequired>true</IsRequired><Value i:type="a:ArrayOfdouble" xmlns:a="http://schemas.microsoft.com/2003/10/Serialization/Arrays"><a:double>0</a:double><a:double>0</a:double><a:double>0</a:double></Value></Attribute><Attribute z:Id="i341"><AttributeType>rpy</AttributeType><IsRequired>true</IsRequired><Value i:type="a:ArrayOfdouble" xmlns:a="http://schemas.microsoft.com/2003/10/Serialization/Arrays"><a:double>0</a:double><a:double>0</a:double><a:double>0</a:double></Value></Attribute></Attributes><ChildElements/><ElementName>origin</ElementName><required>false</required><RPYAttribute z:Ref="i341"/><XYZAttribute z:Ref="i340"/><isCustomized>false</isCustomized></URDFElement><URDFElement z:Id="i342" i:type="Mass"><Attributes><Attribute z:Id="i343"><AttributeType>value</AttributeType><IsRequired>true</IsRequired><Value i:type="a:double" xmlns:a="http://www.w3.org/2001/XMLSchema">0</Value></Attribute></Attributes><ChildElements/><ElementName>mass</ElementName><required>false</required><ValueAttribute z:Ref="i343"/></URDFElement><URDFElement z:Id="i344" i:type="Inertia"><Attributes><Attribute z:Id="i345"><AttributeType>ixx</AttributeType><IsRequired>true</IsRequired><Value i:type="a:double" xmlns:a="http://www.w3.org/2001/XMLSchema">0</Value></Attribute><Attribute z:Id="i346"><AttributeType>ixy</AttributeType><IsRequired>true</IsRequired><Value i:type="a:double" xmlns:a="http://www.w3.org/2001/XMLSchema">0</Value></Attribute><Attribute z:Id="i347"><AttributeType>ixz</AttributeType><IsRequired>true</IsRequired><Value i:type="a:double" xmlns:a="http://www.w3.org/2001/XMLSchema">0</Value></Attribute><Attribute z:Id="i348"><AttributeType>iyy</AttributeType><IsRequired>true</IsRequired><Value i:type="a:double" xmlns:a="http://www.w3.org/2001/XMLSchema">0</Value></Attribute><Attribute z:Id="i349"><AttributeType>iyz</AttributeType><IsRequired>true</IsRequired><Value i:type="a:double" xmlns:a="http://www.w3.org/2001/XMLSchema">0</Value></Attribute><Attribute z:Id="i350"><AttributeType>izz</AttributeType><IsRequired>true</IsRequired><Value i:type="a:double" xmlns:a="http://www.w3.org/2001/XMLSchema">0</Value></Attribute></Attributes><ChildElements/><ElementName>inertia</ElementName><required>false</required><IxxAttribute z:Ref="i345"/><IxyAttribute z:Ref="i346"/><IxzAttribute z:Ref="i347"/><IyyAttribute z:Ref="i348"/><IyzAttribute z:Ref="i349"/><IzzAttribute z:Ref="i350"/></URDFElement></ChildElements><ElementName>inertial</ElementName><required>false</required><Inertia z:Ref="i344"/><Mass z:Ref="i342"/><Origin z:Ref="i339"/></URDFElement><URDFElement z:Id="i351" i:type="Visual"><Attributes/><ChildElements><URDFElement z:Id="i352" i:type="Origin"><Attributes><Attribute z:Id="i353"><AttributeType>xyz</AttributeType><IsRequired>true</IsRequired><Value i:type="a:ArrayOfdouble" xmlns:a="http://schemas.microsoft.com/2003/10/Serialization/Arrays"><a:double>0</a:double><a:double>0</a:double><a:double>0</a:double></Value></Attribute><Attribute z:Id="i354"><AttributeType>rpy</AttributeType><IsRequired>true</IsRequired><Value i:type="a:ArrayOfdouble" xmlns:a="http://schemas.microsoft.com/2003/10/Serialization/Arrays"><a:double>0</a:double><a:double>0</a:double><a:double>0</a:double></Value></Attribute></Attributes><ChildElements/><ElementName>origin</ElementName><required>false</required><RPYAttribute z:Ref="i354"/><XYZAttribute z:Ref="i353"/><isCustomized>false</isCustomized></URDFElement><URDFElement z:Id="i355" i:type="Geometry"><Attributes/><ChildElements><URDFElement z:Id="i356" i:type="Mesh"><Attributes><Attribute z:Id="i357"><AttributeType>filename</AttributeType><IsRequired>true</IsRequired><Value i:nil="true"/></Attribute></Attributes><ChildElements/><ElementName>mesh</ElementName><required>false</required><FilenameAttribute z:Ref="i357"/></URDFElement></ChildElements><ElementName>geometry</ElementName><required>true</required><Mesh z:Ref="i356"/></URDFElement><URDFElement z:Id="i358" i:type="Material"><Attributes><Attribute z:Id="i359"><AttributeType>name</AttributeType><IsRequired>true</IsRequired><Value i:type="a:string" xmlns:a="http://www.w3.org/2001/XMLSchema"/></Attribute></Attributes><ChildElements><URDFElement z:Id="i360" i:type="Color"><Attributes><Attribute z:Id="i361"><AttributeType>rgba</AttributeType><IsRequired>true</IsRequired><Value i:type="a:ArrayOfdouble" xmlns:a="http://schemas.microsoft.com/2003/10/Serialization/Arrays"><a:double>1</a:double><a:double>1</a:double><a:double>1</a:double><a:double>1</a:double></Value></Attribute></Attributes><ChildElements/><ElementName>color</ElementName><required>false</required><RGBAAttribute z:Ref="i361"/></URDFElement><URDFElement z:Id="i362" i:type="Texture"><Attributes><Attribute z:Id="i363"><AttributeType>filename</AttributeType><IsRequired>true</IsRequired><Value i:nil="true"/></Attribute></Attributes><ChildElements/><ElementName>texture</ElementName><required>false</required><FilenameAttribute z:Ref="i363"/><wFilename/></URDFElement></ChildElements><ElementName>material</ElementName><required>false</required><Color z:Ref="i360"/><NameAttribute z:Ref="i359"/><Texture z:Ref="i362"/></URDFElement></ChildElements><ElementName>visual</ElementName><required>false</required><Geometry z:Ref="i355"/><Material z:Ref="i358"/><Origin z:Ref="i352"/></URDFElement><URDFElement z:Id="i364" i:type="Collision"><Attributes/><ChildElements><URDFElement z:Id="i365" i:type="Origin"><Attributes><Attribute z:Id="i366"><AttributeType>xyz</AttributeType><IsRequired>true</IsRequired><Value i:type="a:ArrayOfdouble" xmlns:a="http://schemas.microsoft.com/2003/10/Serialization/Arrays"><a:double>0</a:double><a:double>0</a:double><a:double>0</a:double></Value></Attribute><Attribute z:Id="i367"><AttributeType>rpy</AttributeType><IsRequired>true</IsRequired><Value i:type="a:ArrayOfdouble" xmlns:a="http://schemas.microsoft.com/2003/10/Serialization/Arrays"><a:double>0</a:double><a:double>0</a:double><a:double>0</a:double></Value></Attribute></Attributes><ChildElements/><ElementName>origin</ElementName><required>false</required><RPYAttribute z:Ref="i367"/><XYZAttribute z:Ref="i366"/><isCustomized>false</isCustomized></URDFElement><URDFElement z:Id="i368" i:type="Geometry"><Attributes/><ChildElements><URDFElement z:Id="i369" i:type="Mesh"><Attributes><Attribute z:Id="i370"><AttributeType>filename</AttributeType><IsRequired>true</IsRequired><Value i:nil="true"/></Attribute></Attributes><ChildElements/><ElementName>mesh</ElementName><required>false</required><FilenameAttribute z:Ref="i370"/></URDFElement></ChildElements><ElementName>geometry</ElementName><required>true</required><Mesh z:Ref="i369"/></URDFElement></ChildElements><ElementName>collision</ElementName><required>false</required><Geometry z:Ref="i368"/><Origin z:Ref="i365"/></URDFElement><URDFElement z:Id="i371" i:type="Joint"><Attributes><Attribute z:Id="i372"><AttributeType>name</AttributeType><IsRequired>true</IsRequired><Value i:type="a:string" xmlns:a="http://www.w3.org/2001/XMLSchema">joint_5</Value></Attribute><Attribute z:Id="i373"><AttributeType>type</AttributeType><IsRequired>true</IsRequired><Value i:type="a:string" xmlns:a="http://www.w3.org/2001/XMLSchema">Automatically Detect</Value></Attribute></Attributes><ChildElements><URDFElement z:Id="i374" i:type="Origin"><Attributes><Attribute z:Id="i375"><AttributeType>xyz</AttributeType><IsRequired>true</IsRequired><Value i:type="a:ArrayOfdouble" xmlns:a="http://schemas.microsoft.com/2003/10/Serialization/Arrays"><a:double>0</a:double><a:double>0</a:double><a:double>0</a:double></Value></Attribute><Attribute z:Id="i376"><AttributeType>rpy</AttributeType><IsRequired>true</IsRequired><Value i:type="a:ArrayOfdouble" xmlns:a="http://schemas.microsoft.com/2003/10/Serialization/Arrays"><a:double>0</a:double><a:double>0</a:double><a:double>0</a:double></Value></Attribute></Attributes><ChildElements/><ElementName>origin</ElementName><required>false</required><RPYAttribute z:Ref="i376"/><XYZAttribute z:Ref="i375"/><isCustomized>false</isCustomized></URDFElement><URDFElement z:Id="i377" i:type="ParentLink"><Attributes><Attribute z:Id="i378"><AttributeType>link</AttributeType><IsRequired>true</IsRequired><Value i:type="a:string" xmlns:a="http://www.w3.org/2001/XMLSchema"/></Attribute></Attributes><ChildElements/><ElementName>parent</ElementName><required>true</required><NameAttribute z:Ref="i378"/></URDFElement><URDFElement z:Id="i379" i:type="ChildLink"><Attributes><Attribute z:Id="i380"><AttributeType>link</AttributeType><IsRequired>true</IsRequired><Value i:type="a:string" xmlns:a="http://www.w3.org/2001/XMLSchema"/></Attribute></Attributes><ChildElements/><ElementName>child</ElementName><required>true</required><NameAttribute z:Ref="i380"/></URDFElement><URDFElement z:Id="i381" i:type="Axis"><Attributes><Attribute z:Id="i382"><AttributeType>xyz</AttributeType><IsRequired>true</IsRequired><Value i:type="a:ArrayOfdouble" xmlns:a="http://schemas.microsoft.com/2003/10/Serialization/Arrays"><a:double>0</a:double><a:double>0</a:double><a:double>0</a:double></Value></Attribute></Attributes><ChildElements/><ElementName>axis</ElementName><required>false</required><XYZAttribute z:Ref="i382"/></URDFElement><URDFElement z:Id="i383" i:type="Limit"><Attributes><Attribute z:Id="i384"><AttributeType>lower</AttributeType><IsRequired>false</IsRequired><Value i:nil="true"/></Attribute><Attribute z:Id="i385"><AttributeType>upper</AttributeType><IsRequired>false</IsRequired><Value i:nil="true"/></Attribute><Attribute z:Id="i386"><AttributeType>effort</AttributeType><IsRequired>true</IsRequired><Value i:nil="true"/></Attribute><Attribute z:Id="i387"><AttributeType>velocity</AttributeType><IsRequired>true</IsRequired><Value i:nil="true"/></Attribute></Attributes><ChildElements/><ElementName>limit</ElementName><required>false</required><EffortAttribute z:Ref="i386"/><LowerAttribute z:Ref="i384"/><UpperAttribute z:Ref="i385"/><VelocityAttribute z:Ref="i387"/></URDFElement><URDFElement z:Id="i388" i:type="Calibration"><Attributes><Attribute z:Id="i389"><AttributeType>rising</AttributeType><IsRequired>false</IsRequired><Value i:nil="true"/></Attribute><Attribute z:Id="i390"><AttributeType>falling</AttributeType><IsRequired>false</IsRequired><Value i:nil="true"/></Attribute></Attributes><ChildElements/><ElementName>calibration</ElementName><required>false</required><FallingAttribute z:Ref="i390"/><RisingAttribute z:Ref="i389"/></URDFElement><URDFElement z:Id="i391" i:type="Dynamics"><Attributes><Attribute z:Id="i392"><AttributeType>damping</AttributeType><IsRequired>false</IsRequired><Value i:nil="true"/></Attribute><Attribute z:Id="i393"><AttributeType>friction</AttributeType><IsRequired>false</IsRequired><Value i:nil="true"/></Attribute></Attributes><ChildElements/><ElementName>dynamics</ElementName><required>false</required><DampingAttribute z:Ref="i392"/><FrictionAttribute z:Ref="i393"/></URDFElement><URDFElement z:Id="i394" i:type="SafetyController"><Attributes><Attribute z:Id="i395"><AttributeType>soft_upper_limit</AttributeType><IsRequired>false</IsRequired><Value i:nil="true"/></Attribute><Attribute z:Id="i396"><AttributeType>soft_lower_limit</AttributeType><IsRequired>false</IsRequired><Value i:nil="true"/></Attribute><Attribute z:Id="i397"><AttributeType>k_position</AttributeType><IsRequired>false</IsRequired><Value i:nil="true"/></Attribute><Attribute z:Id="i398"><AttributeType>k_velocity</AttributeType><IsRequired>true</IsRequired><Value i:nil="true"/></Attribute></Attributes><ChildElements/><ElementName>safety_controller</ElementName><required>false</required><KPositionAttribute z:Ref="i397"/><KVelocityAttribute z:Ref="i398"/><SoftLowerAttribute z:Ref="i396"/><SoftUpperAttribute z:Ref="i395"/></URDFElement><URDFElement z:Id="i399" i:type="Mimic"><Attributes><Attribute z:Id="i400"><AttributeType>joint</AttributeType><IsRequired>true</IsRequired><Value i:nil="true"/></Attribute><Attribute z:Id="i401"><AttributeType>multiplier</AttributeType><IsRequired>false</IsRequired><Value i:nil="true"/></Attribute><Attribute z:Id="i402"><AttributeType>offset</AttributeType><IsRequired>false</IsRequired><Value i:nil="true"/></Attribute></Attributes><ChildElements/><ElementName>mimic</ElementName><required>false</required><JointNameAttribute z:Ref="i400"/><MultiplierAttribute z:Ref="i401"/><OffsetAttribute z:Ref="i402"/></URDFElement></ChildElements><ElementName>joint</ElementName><required>false</required><Axis z:Ref="i381"/><AxisName>Automatically Generate</AxisName><Calibration z:Ref="i388"/><Child z:Ref="i379"/><CoordinateSystemName>Automatically Generate</CoordinateSystemName><Dynamics z:Ref="i391"/><Limit z:Ref="i383"/><Mimic z:Ref="i399"/><NameAttribute z:Ref="i372"/><Origin z:Ref="i374"/><Parent z:Ref="i377"/><Safety z:Ref="i394"/><TypeAttribute z:Ref="i373"/></URDFElement></ChildElements><ElementName>link</ElementName><required>true</required><Children/><Collision z:Ref="i364"/><Inertial z:Ref="i338"/><Joint z:Ref="i371"/><NameAttribute z:Ref="i337"/><Parent z:Ref="i269"/><STLQualityFine>false</STLQualityFine><SWComponentPIDs xmlns:a="http://schemas.microsoft.com/2003/10/Serialization/Arrays"><a:base64Binary>mDoAAAUAAAD//v8gZwAgADEALgBTAFQARQBQAC0AMQBAAHIAbwBiAG8AdABpAGMAIABhAHIAbQAgAG0AaQBuAGUALgBTAFQARQBQAAQAAAAQAAAAAQAAAAEAAAAyAAAA</a:base64Binary><a:base64Binary>mDoAAAUAAAD//v8gZwAgADIALgBTAFQARQBQAC0AMgBAAHIAbwBiAG8AdABpAGMAIABhAHIAbQAgAG0AaQBuAGUALgBTAFQARQBQAAQAAAAQAAAAAQAAAAEAAAA3AAAA</a:base64Binary><a:base64Binary>mDoAAAUAAAD//v8gZwAgADIALgBTAFQARQBQAC0AMQBAAHIAbwBiAG8AdABpAGMAIABhAHIAbQAgAG0AaQBuAGUALgBTAFQARQBQAAQAAAAQAAAAAQAAAAEAAAAzAAAA</a:base64Binary><a:base64Binary>mDoAAAUAAAD//v8fZwA1AC4AUwBUAEUAUAAtADMAQAByAG8AYgBvAHQAaQBjACAAYQByAG0AIABtAGkAbgBlAC4AUwBUAEUAUAAEAAAAEAAAAAEAAAABAAAAOgAAAA==</a:base64Binary><a:base64Binary>mDoAAAUAAAD//v8gZwAgADMALgBTAFQARQBQAC0ANQBAAHIAbwBiAG8AdABpAGMAIABhAHIAbQAgAG0AaQBuAGUALgBTAFQARQBQAAQAAAAQAAAAAQAAAAEAAAA+AAAA</a:base64Binary><a:base64Binary>mDoAAAUAAAD//v8gZwAgADMALgBTAFQARQBQAC0AMQBAAHIAbwBiAG8AdABpAGMAIABhAHIAbQAgAG0AaQBuAGUALgBTAFQARQBQAAQAAAAQAAAAAQAAAAEAAAA0AAAA</a:base64Binary><a:base64Binary>mDoAAAUAAAD//v8gZwAgADMALgBTAFQARQBQAC0AMgBAAHIAbwBiAG8AdABpAGMAIABhAHIAbQAgAG0AaQBuAGUALgBTAFQARQBQAAQAAAAQAAAAAQAAAAEAAAA4AAAA</a:base64Binary><a:base64Binary>mDoAAAUAAAD//v8fZwA1AC4AUwBUAEUAUAAtADQAQAByAG8AYgBvAHQAaQBjACAAYQByAG0AIABtAGkAbgBlAC4AUwBUAEUAUAAEAAAAEAAAAAEAAAABAAAAOwAAAA==</a:base64Binary><a:base64Binary>mDoAAAUAAAD//v8gZwAgADMALgBTAFQARQBQAC0AMwBAAHIAbwBiAG8AdABpAGMAIABhAHIAbQAgAG0AaQBuAGUALgBTAFQARQBQAAQAAAAQAAAAAQAAAAEAAAA8AAAA</a:base64Binary><a:base64Binary>mDoAAAUAAAD//v8fZwA1AC4AUwBUAEUAUAAtADIAQAByAG8AYgBvAHQAaQBjACAAYQByAG0AIABtAGkAbgBlAC4AUwBUAEUAUAAEAAAAEAAAAAEAAAABAAAAOQAAAA==</a:base64Binary><a:base64Binary>mDoAAAUAAAD//v8gZwAgADMALgBTAFQARQBQAC0ANgBAAHIAbwBiAG8AdABpAGMAIABhAHIAbQAgAG0AaQBuAGUALgBTAFQARQBQAAQAAAAQAAAAAQAAAAEAAAA/AAAA</a:base64Binary><a:base64Binary>mDoAAAUAAAD//v8fZwA1AC4AUwBUAEUAUAAtADEAQAByAG8AYgBvAHQAaQBjACAAYQByAG0AIABtAGkAbgBlAC4AUwBUAEUAUAAEAAAAEAAAAAEAAAABAAAANQAAAA==</a:base64Binary><a:base64Binary>mDoAAAUAAAD//v8gZwAgADMALgBTAFQARQBQAC0ANABAAHIAbwBiAG8AdABpAGMAIABhAHIAbQAgAG0AaQBuAGUALgBTAFQARQBQAAQAAAAQAAAAAQAAAAEAAAA9AAAA</a:base64Binary></SWComponentPIDs><SWMainComponentPID i:nil="true"/><Visual z:Ref="i351"/><isFixedFrame>false</isFixedFrame><isIncomplete>false</isIncomplete></Link></Children><Collision z:Ref="i297"/><Inertial z:Ref="i271"/><Joint z:Ref="i304"/><NameAttribute z:Ref="i270"/><Parent z:Ref="i202"/><STLQualityFine>false</STLQualityFine><SWComponentPIDs xmlns:a="http://schemas.microsoft.com/2003/10/Serialization/Arrays"><a:base64Binary>mDoAAAUAAAD//v8nUwBIAE8AUgBUACAAUwBJAEQARQAuAFMAVABFAFAALQAyAEAAcgBvAGIAbwB0AGkAYwAgAGEAcgBtACAAbQBpAG4AZQAuAFMAVABFAFAABAAAABAAAAABAAAAAQAAAB0AAAA=</a:base64Binary><a:base64Binary>mDoAAAUAAAD//v8ocwBlAHIAdgBvACAAbQBvAHQAbwByAC4AUwBUAEUAUAAtADEAQAByAG8AYgBvAHQAaQBjACAAYQByAG0AIABtAGkAbgBlAC4AUwBUAEUAUAAEAAAAEAAAAAEAAAABAAAAJAAAAA==</a:base64Binary><a:base64Binary>mDoAAAUAAAD//v8gNgAuADIALgBTAFQARQBQAC0AMQBAAHIAbwBiAG8AdABpAGMAIABhAHIAbQAgAG0AaQBuAGUALgBTAFQARQBQAAQAAAAQAAAAAQAAAAEAAAAjAAAA</a:base64Binary><a:base64Binary>mDoAAAUAAAD//v8fZwA2AC4AUwBUAEUAUAAtADEAQAByAG8AYgBvAHQAaQBjACAAYQByAG0AIABtAGkAbgBlAC4AUwBUAEUAUAAEAAAAEAAAAAEAAAABAAAANgAAAA==</a:base64Binary></SWComponentPIDs><SWMainComponentPID i:nil="true"/><Visual z:Ref="i284"/><isFixedFrame>false</isFixedFrame><isIncomplete>false</isIncomplete></Link></Children><Collision z:Ref="i230"/><Inertial z:Ref="i204"/><Joint z:Ref="i237"/><NameAttribute z:Ref="i203"/><Parent z:Ref="i135"/><STLQualityFine>false</STLQualityFine><SWComponentPIDs xmlns:a="http://schemas.microsoft.com/2003/10/Serialization/Arrays"><a:base64Binary>mDoAAAUAAAD//v8fMQAzAC4AUwBUAEUAUAAtADEAQAByAG8AYgBvAHQAaQBjACAAYQByAG0AIABtAGkAbgBlAC4AUwBUAEUAUAAEAAAAEAAAAAEAAAABAAAAIgAAAA==</a:base64Binary><a:base64Binary>mDoAAAUAAAD//v8ocwBlAHIAdgBvACAAbQBvAHQAbwByAC4AUwBUAEUAUAAtADIAQAByAG8AYgBvAHQAaQBjACAAYQByAG0AIABtAGkAbgBlAC4AUwBUAEUAUAAEAAAAEAAAAAEAAAABAAAAKgAAAA==</a:base64Binary><a:base64Binary>mDoAAAUAAAD//v8lQgBJAEcAIABTAEkARABFAC4AUwBUAEUAUAAtADMAQAByAG8AYgBvAHQAaQBjACAAYQByAG0AIABtAGkAbgBlAC4AUwBUAEUAUAAEAAAAEAAAAAEAAAABAAAAHAAAAA==</a:base64Binary></SWComponentPIDs><SWMainComponentPID i:nil="true"/><Visual z:Ref="i217"/><isFixedFrame>false</isFixedFrame><isIncomplete>false</isIncomplete></Link></Children><Collision z:Ref="i163"/><Inertial z:Ref="i137"/><Joint z:Ref="i170"/><NameAttribute z:Ref="i136"/><Parent z:Ref="i68"/><STLQualityFine>false</STLQualityFine><SWComponentPIDs xmlns:a="http://schemas.microsoft.com/2003/10/Serialization/Arrays"><a:base64Binary>mDoAAAUAAAD//v8lQgBJAEcAIABTAEkARABFAC4AUwBUAEUAUAAtADEAQAByAG8AYgBvAHQAaQBjACAAYQByAG0AIABtAGkAbgBlAC4AUwBUAEUAUAAEAAAAEAAAAAEAAAABAAAAGQAAAA==</a:base64Binary><a:base64Binary>mDoAAAUAAAD//v8fMQA1AC4AUwBUAEUAUAAtADEAQAByAG8AYgBvAHQAaQBjACAAYQByAG0AIABtAGkAbgBlAC4AUwBUAEUAUAAEAAAAEAAAAAEAAAABAAAAIQAAAA==</a:base64Binary><a:base64Binary>mDoAAAUAAAD//v8lQgBJAEcAIABTAEkARABFAC4AUwBUAEUAUAAtADIAQAByAG8AYgBvAHQAaQBjACAAYQByAG0AIABtAGkAbgBlAC4AUwBUAEUAUAAEAAAAEAAAAAEAAAABAAAAGwAAAA==</a:base64Binary></SWComponentPIDs><SWMainComponentPID i:nil="true"/><Visual z:Ref="i150"/><isFixedFrame>false</isFixedFrame><isIncomplete>false</isIncomplete></Link></Children><Collision z:Ref="i96"/><Inertial z:Ref="i70"/><Joint z:Ref="i103"/><NameAttribute z:Ref="i69"/><Parent z:Ref="i1"/><STLQualityFine>false</STLQualityFine><SWComponentPIDs xmlns:a="http://schemas.microsoft.com/2003/10/Serialization/Arrays"><a:base64Binary>mDoAAAUAAAD//v8nUwBIAE8AUgBUACAAUwBJAEQARQAuAFMAVABFAFAALQAxAEAAcgBvAGIAbwB0AGkAYwAgAGEAcgBtACAAbQBpAG4AZQAuAFMAVABFAFAABAAAABAAAAABAAAAAQAAABoAAAA=</a:base64Binary><a:base64Binary>mDoAAAUAAAD//v8ocwBlAHIAdgBvACAAbQBvAHQAbwByAC4AUwBUAEUAUAAtADMAQAByAG8AYgBvAHQAaQBjACAAYQByAG0AIABtAGkAbgBlAC4AUwBUAEUAUAAEAAAAEAAAAAEAAAABAAAAMAAAAA==</a:base64Binary></SWComponentPIDs><SWMainComponentPID i:nil="true"/><Visual z:Ref="i83"/><isFixedFrame>false</isFixedFrame><isIncomplete>false</isIncomplete></Link></Children><Collision z:Ref="i29"/><Inertial z:Ref="i3"/><Joint z:Ref="i36"/><NameAttribute z:Ref="i2"/><Parent i:nil="true"/><STLQualityFine>false</STLQualityFine><SWComponentPIDs xmlns:a="http://schemas.microsoft.com/2003/10/Serialization/Arrays"><a:base64Binary>mDoAAAUAAAD//v8hcgBvAGwAbAAuAFMAVABFAFAALQAxAEAAcgBvAGIAbwB0AGkAYwAgAGEAcgBtACAAbQBpAG4AZQAuAFMAVABFAFAABAAAABAAAAABAAAAAQAAAEAAAAA=</a:base64Binary><a:base64Binary>mDoAAAUAAAD//v8hbgBhAGkAbAAuAFMAVABFAFAALQAyAEAAcgBvAGIAbwB0AGkAYwAgAGEAcgBtACAAbQBpAG4AZQAuAFMAVABFAFAABAAAABAAAAABAAAAAQAAAEMAAAA=</a:base64Binary><a:base64Binary>mDoAAAUAAAD//v8hbgBhAGkAbAAuAFMAVABFAFAALQAxAEAAcgBvAGIAbwB0AGkAYwAgAGEAcgBtACAAbQBpAG4AZQAuAFMAVABFAFAABAAAABAAAAABAAAAAQAAAEIAAAA=</a:base64Binary><a:base64Binary>mDoAAAUAAAD//v8jcgBvAGwAbAAgADIALgBTAFQARQBQAC0AMQBAAHIAbwBiAG8AdABpAGMAIABhAHIAbQAgAG0AaQBuAGUALgBTAFQARQBQAAQAAAAQAAAAAQAAAAEAAABBAAAA</a:base64Binary><a:base64Binary>mDoAAAUAAAD//v8hbgBhAGkAbAAuAFMAVABFAFAALQAzAEAAcgBvAGIAbwB0AGkAYwAgAGEAcgBtACAAbQBpAG4AZQAuAFMAVABFAFAABAAAABAAAAABAAAAAQAAAEQAAAA=</a:base64Binary><a:base64Binary>mDoAAAUAAAD//v8hbgBhAGkAbAAuAFMAVABFAFAALQA0AEAAcgBvAGIAbwB0AGkAYwAgAGEAcgBtACAAbQBpAG4AZQAuAFMAVABFAFAABAAAABAAAAABAAAAAQAAAEUAAAA=</a:base64Binary><a:base64Binary>mDoAAAUAAAD//v8icwBlAHIAdgBvAC4AUwBUAEUAUAAtADEAQAByAG8AYgBvAHQAaQBjACAAYQByAG0AIABtAGkAbgBlAC4AUwBUAEUAUAAEAAAAEAAAAAEAAAABAAAAHgAAAA==</a:base64Binary></SWComponentPIDs><SWMainComponentPID i:nil="true"/><Visual z:Ref="i16"/><isFixedFrame>false</isFixedFrame><isIncomplete>false</isIncomplete></Link>
2025-12-15 14:33:26,467 INFO  LinkNode.cs: 35 - Building node base_link
2025-12-15 14:33:26,468 INFO  LinkNode.cs: 35 - Building node link_1
2025-12-15 14:33:26,468 INFO  LinkNode.cs: 35 - Building node link_2
2025-12-15 14:33:26,468 INFO  LinkNode.cs: 35 - Building node link_3
2025-12-15 14:33:26,469 INFO  LinkNode.cs: 35 - Building node Link_4
2025-12-15 14:33:26,469 INFO  LinkNode.cs: 35 - Building node grab
2025-12-15 14:33:26,471 INFO  CommonSwOperations.cs: 221 - Loading SolidWorks components for base_link from C:\WINDOWS\system32\robotic arm mine.STEP.SLDASM
2025-12-15 14:33:26,474 INFO  CommonSwOperations.cs: 245 - Loading component with PID ?:     ???!r o l l . S T E P - 1 @ r o b o t i c   a r m   m i n e . S T E P             @   
2025-12-15 14:33:26,528 INFO  CommonSwOperations.cs: 254 - Successfully loaded component C:\WINDOWS\system32\roll.STEP.SLDPRT
2025-12-15 14:33:26,528 INFO  CommonSwOperations.cs: 245 - Loading component with PID ?:     ???!n a i l . S T E P - 2 @ r o b o t i c   a r m   m i n e . S T E P             C   
2025-12-15 14:33:26,529 INFO  CommonSwOperations.cs: 254 - Successfully loaded component C:\WINDOWS\system32\nail.STEP.SLDPRT
2025-12-15 14:33:26,529 INFO  CommonSwOperations.cs: 245 - Loading component with PID ?:     ???!n a i l . S T E P - 1 @ r o b o t i c   a r m   m i n e . S T E P             B   
2025-12-15 14:33:26,529 INFO  CommonSwOperations.cs: 254 - Successfully loaded component C:\WINDOWS\system32\nail.STEP.SLDPRT
2025-12-15 14:33:26,530 INFO  CommonSwOperations.cs: 245 - Loading component with PID ?:     ???#r o l l   2 . S T E P - 1 @ r o b o t i c   a r m   m i n e . S T E P             A   
2025-12-15 14:33:26,530 INFO  CommonSwOperations.cs: 254 - Successfully loaded component C:\WINDOWS\system32\roll 2.STEP.SLDPRT
2025-12-15 14:33:26,530 INFO  CommonSwOperations.cs: 245 - Loading component with PID ?:     ???!n a i l . S T E P - 3 @ r o b o t i c   a r m   m i n e . S T E P             D   
2025-12-15 14:33:26,531 INFO  CommonSwOperations.cs: 254 - Successfully loaded component C:\WINDOWS\system32\nail.STEP.SLDPRT
2025-12-15 14:33:26,531 INFO  CommonSwOperations.cs: 245 - Loading component with PID ?:     ???!n a i l . S T E P - 4 @ r o b o t i c   a r m   m i n e . S T E P             E   
2025-12-15 14:33:26,531 INFO  CommonSwOperations.cs: 254 - Successfully loaded component C:\WINDOWS\system32\nail.STEP.SLDPRT
2025-12-15 14:33:26,531 INFO  CommonSwOperations.cs: 245 - Loading component with PID ?:     ???"s e r v o . S T E P - 1 @ r o b o t i c   a r m   m i n e . S T E P                
2025-12-15 14:33:26,532 INFO  CommonSwOperations.cs: 254 - Successfully loaded component C:\WINDOWS\system32\servo.STEP.SLDPRT
2025-12-15 14:33:26,532 INFO  CommonSwOperations.cs: 230 - Loaded 7 components for link base_link
2025-12-15 14:33:26,532 INFO  CommonSwOperations.cs: 221 - Loading SolidWorks components for link_1 from C:\WINDOWS\system32\robotic arm mine.STEP.SLDASM
2025-12-15 14:33:26,533 INFO  CommonSwOperations.cs: 245 - Loading component with PID ?:     ???'S H O R T   S I D E . S T E P - 1 @ r o b o t i c   a r m   m i n e . S T E P                
2025-12-15 14:33:26,533 INFO  CommonSwOperations.cs: 254 - Successfully loaded component C:\WINDOWS\system32\SHORT SIDE.STEP.SLDPRT
2025-12-15 14:33:26,533 INFO  CommonSwOperations.cs: 245 - Loading component with PID ?:     ???(s e r v o   m o t o r . S T E P - 3 @ r o b o t i c   a r m   m i n e . S T E P             0   
2025-12-15 14:33:26,534 INFO  CommonSwOperations.cs: 254 - Successfully loaded component C:\WINDOWS\system32\servo motor.STEP.SLDPRT
2025-12-15 14:33:26,534 INFO  CommonSwOperations.cs: 230 - Loaded 2 components for link link_1
2025-12-15 14:33:26,534 INFO  CommonSwOperations.cs: 221 - Loading SolidWorks components for link_2 from C:\WINDOWS\system32\robotic arm mine.STEP.SLDASM
2025-12-15 14:33:26,534 INFO  CommonSwOperations.cs: 245 - Loading component with PID ?:     ???%B I G   S I D E . S T E P - 1 @ r o b o t i c   a r m   m i n e . S T E P                
2025-12-15 14:33:26,534 INFO  CommonSwOperations.cs: 254 - Successfully loaded component C:\WINDOWS\system32\BIG SIDE.STEP.SLDPRT
2025-12-15 14:33:26,534 INFO  CommonSwOperations.cs: 245 - Loading component with PID ?:     ???1 5 . S T E P - 1 @ r o b o t i c   a r m   m i n e . S T E P             !   
2025-12-15 14:33:26,535 INFO  CommonSwOperations.cs: 254 - Successfully loaded component C:\WINDOWS\system32\15.STEP.SLDPRT
2025-12-15 14:33:26,535 INFO  CommonSwOperations.cs: 245 - Loading component with PID ?:     ???%B I G   S I D E . S T E P - 2 @ r o b o t i c   a r m   m i n e . S T E P                
2025-12-15 14:33:26,535 INFO  CommonSwOperations.cs: 254 - Successfully loaded component C:\WINDOWS\system32\BIG SIDE.STEP.SLDPRT
2025-12-15 14:33:26,536 INFO  CommonSwOperations.cs: 230 - Loaded 3 components for link link_2
2025-12-15 14:33:26,536 INFO  CommonSwOperations.cs: 221 - Loading SolidWorks components for link_3 from C:\WINDOWS\system32\robotic arm mine.STEP.SLDASM
2025-12-15 14:33:26,536 INFO  CommonSwOperations.cs: 245 - Loading component with PID ?:     ???1 3 . S T E P - 1 @ r o b o t i c   a r m   m i n e . S T E P             "   
2025-12-15 14:33:26,536 INFO  CommonSwOperations.cs: 254 - Successfully loaded component C:\WINDOWS\system32\13.STEP.SLDPRT
2025-12-15 14:33:26,537 INFO  CommonSwOperations.cs: 245 - Loading component with PID ?:     ???(s e r v o   m o t o r . S T E P - 2 @ r o b o t i c   a r m   m i n e . S T E P             *   
2025-12-15 14:33:26,537 INFO  CommonSwOperations.cs: 254 - Successfully loaded component C:\WINDOWS\system32\servo motor.STEP.SLDPRT
2025-12-15 14:33:26,537 INFO  CommonSwOperations.cs: 245 - Loading component with PID ?:     ???%B I G   S I D E . S T E P - 3 @ r o b o t i c   a r m   m i n e . S T E P                
2025-12-15 14:33:26,538 INFO  CommonSwOperations.cs: 254 - Successfully loaded component C:\WINDOWS\system32\BIG SIDE.STEP.SLDPRT
2025-12-15 14:33:26,538 INFO  CommonSwOperations.cs: 230 - Loaded 3 components for link link_3
2025-12-15 14:33:26,538 INFO  CommonSwOperations.cs: 221 - Loading SolidWorks components for Link_4 from C:\WINDOWS\system32\robotic arm mine.STEP.SLDASM
2025-12-15 14:33:26,538 INFO  CommonSwOperations.cs: 245 - Loading component with PID ?:     ???'S H O R T   S I D E . S T E P - 2 @ r o b o t i c   a r m   m i n e . S T E P                
2025-12-15 14:33:26,539 INFO  CommonSwOperations.cs: 254 - Successfully loaded component C:\WINDOWS\system32\SHORT SIDE.STEP.SLDPRT
2025-12-15 14:33:26,539 INFO  CommonSwOperations.cs: 245 - Loading component with PID ?:     ???(s e r v o   m o t o r . S T E P - 1 @ r o b o t i c   a r m   m i n e . S T E P             $   
2025-12-15 14:33:26,539 INFO  CommonSwOperations.cs: 254 - Successfully loaded component C:\WINDOWS\system32\servo motor.STEP.SLDPRT
2025-12-15 14:33:26,539 INFO  CommonSwOperations.cs: 245 - Loading component with PID ?:     ??? 6 . 2 . S T E P - 1 @ r o b o t i c   a r m   m i n e . S T E P             #   
2025-12-15 14:33:26,540 INFO  CommonSwOperations.cs: 254 - Successfully loaded component C:\WINDOWS\system32\6.2.STEP.SLDPRT
2025-12-15 14:33:26,540 INFO  CommonSwOperations.cs: 245 - Loading component with PID ?:     ???g 6 . S T E P - 1 @ r o b o t i c   a r m   m i n e . S T E P             6   
2025-12-15 14:33:26,541 INFO  CommonSwOperations.cs: 254 - Successfully loaded component C:\WINDOWS\system32\g6.STEP.SLDPRT
2025-12-15 14:33:26,541 INFO  CommonSwOperations.cs: 230 - Loaded 4 components for link Link_4
2025-12-15 14:33:26,541 INFO  CommonSwOperations.cs: 221 - Loading SolidWorks components for grab from C:\WINDOWS\system32\robotic arm mine.STEP.SLDASM
2025-12-15 14:33:26,542 INFO  CommonSwOperations.cs: 245 - Loading component with PID ?:     ??? g   1 . S T E P - 1 @ r o b o t i c   a r m   m i n e . S T E P             2   
2025-12-15 14:33:26,542 INFO  CommonSwOperations.cs: 254 - Successfully loaded component C:\WINDOWS\system32\g 1.STEP.SLDPRT
2025-12-15 14:33:26,542 INFO  CommonSwOperations.cs: 245 - Loading component with PID ?:     ??? g   2 . S T E P - 2 @ r o b o t i c   a r m   m i n e . S T E P             7   
2025-12-15 14:33:26,542 INFO  CommonSwOperations.cs: 254 - Successfully loaded component C:\WINDOWS\system32\g 2.STEP.SLDPRT
2025-12-15 14:33:26,542 INFO  CommonSwOperations.cs: 245 - Loading component with PID ?:     ??? g   2 . S T E P - 1 @ r o b o t i c   a r m   m i n e . S T E P             3   
2025-12-15 14:33:26,544 INFO  CommonSwOperations.cs: 254 - Successfully loaded component C:\WINDOWS\system32\g 2.STEP.SLDPRT
2025-12-15 14:33:26,544 INFO  CommonSwOperations.cs: 245 - Loading component with PID ?:     ???g 5 . S T E P - 3 @ r o b o t i c   a r m   m i n e . S T E P             :   
2025-12-15 14:33:26,544 INFO  CommonSwOperations.cs: 254 - Successfully loaded component C:\WINDOWS\system32\g5.STEP.SLDPRT
2025-12-15 14:33:26,545 INFO  CommonSwOperations.cs: 245 - Loading component with PID ?:     ??? g   3 . S T E P - 5 @ r o b o t i c   a r m   m i n e . S T E P             >   
2025-12-15 14:33:26,545 INFO  CommonSwOperations.cs: 254 - Successfully loaded component C:\WINDOWS\system32\g 3.STEP.SLDPRT
2025-12-15 14:33:26,545 INFO  CommonSwOperations.cs: 245 - Loading component with PID ?:     ??? g   3 . S T E P - 1 @ r o b o t i c   a r m   m i n e . S T E P             4   
2025-12-15 14:33:26,546 INFO  CommonSwOperations.cs: 254 - Successfully loaded component C:\WINDOWS\system32\g 3.STEP.SLDPRT
2025-12-15 14:33:26,546 INFO  CommonSwOperations.cs: 245 - Loading component with PID ?:     ??? g   3 . S T E P - 2 @ r o b o t i c   a r m   m i n e . S T E P             8   
2025-12-15 14:33:26,546 INFO  CommonSwOperations.cs: 254 - Successfully loaded component C:\WINDOWS\system32\g 3.STEP.SLDPRT
2025-12-15 14:33:26,546 INFO  CommonSwOperations.cs: 245 - Loading component with PID ?:     ???g 5 . S T E P - 4 @ r o b o t i c   a r m   m i n e . S T E P             ;   
2025-12-15 14:33:26,547 INFO  CommonSwOperations.cs: 254 - Successfully loaded component C:\WINDOWS\system32\g5.STEP.SLDPRT
2025-12-15 14:33:26,547 INFO  CommonSwOperations.cs: 245 - Loading component with PID ?:     ??? g   3 . S T E P - 3 @ r o b o t i c   a r m   m i n e . S T E P             <   
2025-12-15 14:33:26,547 INFO  CommonSwOperations.cs: 254 - Successfully loaded component C:\WINDOWS\system32\g 3.STEP.SLDPRT
2025-12-15 14:33:26,548 INFO  CommonSwOperations.cs: 245 - Loading component with PID ?:     ???g 5 . S T E P - 2 @ r o b o t i c   a r m   m i n e . S T E P             9   
2025-12-15 14:33:26,548 INFO  CommonSwOperations.cs: 254 - Successfully loaded component C:\WINDOWS\system32\g5.STEP.SLDPRT
2025-12-15 14:33:26,548 INFO  CommonSwOperations.cs: 245 - Loading component with PID ?:     ??? g   3 . S T E P - 6 @ r o b o t i c   a r m   m i n e . S T E P             ?   
2025-12-15 14:33:26,548 INFO  CommonSwOperations.cs: 254 - Successfully loaded component C:\WINDOWS\system32\g 3.STEP.SLDPRT
2025-12-15 14:33:26,549 INFO  CommonSwOperations.cs: 245 - Loading component with PID ?:     ???g 5 . S T E P - 1 @ r o b o t i c   a r m   m i n e . S T E P             5   
2025-12-15 14:33:26,549 INFO  CommonSwOperations.cs: 254 - Successfully loaded component C:\WINDOWS\system32\g5.STEP.SLDPRT
2025-12-15 14:33:26,549 INFO  CommonSwOperations.cs: 245 - Loading component with PID ?:     ??? g   3 . S T E P - 4 @ r o b o t i c   a r m   m i n e . S T E P             =   
2025-12-15 14:33:26,550 INFO  CommonSwOperations.cs: 254 - Successfully loaded component C:\WINDOWS\system32\g 3.STEP.SLDPRT
2025-12-15 14:33:26,550 INFO  CommonSwOperations.cs: 230 - Loaded 13 components for link grab
2025-12-15 14:33:26,782 INFO  SwAddin.cs: 344 - Showing property manager
2025-12-15 14:36:54,905 INFO  ExportPropertyManager.cs: 1036 - OnListboxSelectionChanged called. This method no longer throws an Exception. It just silently does nothing. Ok, except for this logging message
2025-12-15 14:36:55,320 INFO  ExportPropertyManager.cs: 1036 - OnListboxSelectionChanged called. This method no longer throws an Exception. It just silently does nothing. Ok, except for this logging message
2025-12-15 14:36:55,654 INFO  ExportPropertyManager.cs: 1036 - OnListboxSelectionChanged called. This method no longer throws an Exception. It just silently does nothing. Ok, except for this logging message
2025-12-15 14:36:56,055 INFO  ExportPropertyManager.cs: 1036 - OnListboxSelectionChanged called. This method no longer throws an Exception. It just silently does nothing. Ok, except for this logging message
2025-12-15 14:36:56,510 INFO  ExportPropertyManager.cs: 1036 - OnListboxSelectionChanged called. This method no longer throws an Exception. It just silently does nothing. Ok, except for this logging message
2025-12-15 14:38:36,312 INFO  ExportPropertyManager.cs: 1036 - OnListboxSelectionChanged called. This method no longer throws an Exception. It just silently does nothing. Ok, except for this logging message
2025-12-15 14:38:38,783 INFO  ExportPropertyManager.cs: 1036 - OnListboxSelectionChanged called. This method no longer throws an Exception. It just silently does nothing. Ok, except for this logging message
2025-12-15 14:38:39,867 INFO  ExportPropertyManager.cs: 1036 - OnListboxSelectionChanged called. This method no longer throws an Exception. It just silently does nothing. Ok, except for this logging message
2025-12-15 14:38:40,210 INFO  ExportPropertyManager.cs: 1036 - OnListboxSelectionChanged called. This method no longer throws an Exception. It just silently does nothing. Ok, except for this logging message
2025-12-15 14:43:38,133 INFO  ExportPropertyManager.cs: 422 - Configuration saved
2025-12-15 14:43:38,136 INFO  ConfigurationSerialization.cs: 276 - URDF Configuration found
<Link z:Id="i1" xmlns="http://schemas.datacontract.org/2004/07/SW2URDF" xmlns:i="http://www.w3.org/2001/XMLSchema-instance" xmlns:z="http://schemas.microsoft.com/2003/10/Serialization/"><Attributes><Attribute z:Id="i2"><AttributeType>name</AttributeType><IsRequired>true</IsRequired><Value i:type="a:string" xmlns:a="http://www.w3.org/2001/XMLSchema">base_link</Value></Attribute></Attributes><ChildElements><URDFElement z:Id="i3" i:type="Inertial"><Attributes/><ChildElements><URDFElement z:Id="i4" i:type="Origin"><Attributes><Attribute z:Id="i5"><AttributeType>xyz</AttributeType><IsRequired>true</IsRequired><Value i:type="a:ArrayOfdouble" xmlns:a="http://schemas.microsoft.com/2003/10/Serialization/Arrays"><a:double>0</a:double><a:double>0</a:double><a:double>0</a:double></Value></Attribute><Attribute z:Id="i6"><AttributeType>rpy</AttributeType><IsRequired>true</IsRequired><Value i:type="a:ArrayOfdouble" xmlns:a="http://schemas.microsoft.com/2003/10/Serialization/Arrays"><a:double>0</a:double><a:double>0</a:double><a:double>0</a:double></Value></Attribute></Attributes><ChildElements/><ElementName>origin</ElementName><required>false</required><RPYAttribute z:Ref="i6"/><XYZAttribute z:Ref="i5"/><isCustomized>false</isCustomized></URDFElement><URDFElement z:Id="i7" i:type="Mass"><Attributes><Attribute z:Id="i8"><AttributeType>value</AttributeType><IsRequired>true</IsRequired><Value i:type="a:double" xmlns:a="http://www.w3.org/2001/XMLSchema">0</Value></Attribute></Attributes><ChildElements/><ElementName>mass</ElementName><required>false</required><ValueAttribute z:Ref="i8"/></URDFElement><URDFElement z:Id="i9" i:type="Inertia"><Attributes><Attribute z:Id="i10"><AttributeType>ixx</AttributeType><IsRequired>true</IsRequired><Value i:type="a:double" xmlns:a="http://www.w3.org/2001/XMLSchema">0</Value></Attribute><Attribute z:Id="i11"><AttributeType>ixy</AttributeType><IsRequired>true</IsRequired><Value i:type="a:double" xmlns:a="http://www.w3.org/2001/XMLSchema">0</Value></Attribute><Attribute z:Id="i12"><AttributeType>ixz</AttributeType><IsRequired>true</IsRequired><Value i:type="a:double" xmlns:a="http://www.w3.org/2001/XMLSchema">0</Value></Attribute><Attribute z:Id="i13"><AttributeType>iyy</AttributeType><IsRequired>true</IsRequired><Value i:type="a:double" xmlns:a="http://www.w3.org/2001/XMLSchema">0</Value></Attribute><Attribute z:Id="i14"><AttributeType>iyz</AttributeType><IsRequired>true</IsRequired><Value i:type="a:double" xmlns:a="http://www.w3.org/2001/XMLSchema">0</Value></Attribute><Attribute z:Id="i15"><AttributeType>izz</AttributeType><IsRequired>true</IsRequired><Value i:type="a:double" xmlns:a="http://www.w3.org/2001/XMLSchema">0</Value></Attribute></Attributes><ChildElements/><ElementName>inertia</ElementName><required>false</required><IxxAttribute z:Ref="i10"/><IxyAttribute z:Ref="i11"/><IxzAttribute z:Ref="i12"/><IyyAttribute z:Ref="i13"/><IyzAttribute z:Ref="i14"/><IzzAttribute z:Ref="i15"/></URDFElement></ChildElements><ElementName>inertial</ElementName><required>false</required><Inertia z:Ref="i9"/><Mass z:Ref="i7"/><Origin z:Ref="i4"/></URDFElement><URDFElement z:Id="i16" i:type="Visual"><Attributes/><ChildElements><URDFElement z:Id="i17" i:type="Origin"><Attributes><Attribute z:Id="i18"><AttributeType>xyz</AttributeType><IsRequired>true</IsRequired><Value i:type="a:ArrayOfdouble" xmlns:a="http://schemas.microsoft.com/2003/10/Serialization/Arrays"><a:double>0</a:double><a:double>0</a:double><a:double>0</a:double></Value></Attribute><Attribute z:Id="i19"><AttributeType>rpy</AttributeType><IsRequired>true</IsRequired><Value i:type="a:ArrayOfdouble" xmlns:a="http://schemas.microsoft.com/2003/10/Serialization/Arrays"><a:double>0</a:double><a:double>0</a:double><a:double>0</a:double></Value></Attribute></Attributes><ChildElements/><ElementName>origin</ElementName><required>false</required><RPYAttribute z:Ref="i19"/><XYZAttribute z:Ref="i18"/><isCustomized>false</isCustomized></URDFElement><URDFElement z:Id="i20" i:type="Geometry"><Attributes/><ChildElements><URDFElement z:Id="i21" i:type="Mesh"><Attributes><Attribute z:Id="i22"><AttributeType>filename</AttributeType><IsRequired>true</IsRequired><Value i:nil="true"/></Attribute></Attributes><ChildElements/><ElementName>mesh</ElementName><required>false</required><FilenameAttribute z:Ref="i22"/></URDFElement></ChildElements><ElementName>geometry</ElementName><required>true</required><Mesh z:Ref="i21"/></URDFElement><URDFElement z:Id="i23" i:type="Material"><Attributes><Attribute z:Id="i24"><AttributeType>name</AttributeType><IsRequired>true</IsRequired><Value i:type="a:string" xmlns:a="http://www.w3.org/2001/XMLSchema"/></Attribute></Attributes><ChildElements><URDFElement z:Id="i25" i:type="Color"><Attributes><Attribute z:Id="i26"><AttributeType>rgba</AttributeType><IsRequired>true</IsRequired><Value i:type="a:ArrayOfdouble" xmlns:a="http://schemas.microsoft.com/2003/10/Serialization/Arrays"><a:double>1</a:double><a:double>1</a:double><a:double>1</a:double><a:double>1</a:double></Value></Attribute></Attributes><ChildElements/><ElementName>color</ElementName><required>false</required><RGBAAttribute z:Ref="i26"/></URDFElement><URDFElement z:Id="i27" i:type="Texture"><Attributes><Attribute z:Id="i28"><AttributeType>filename</AttributeType><IsRequired>true</IsRequired><Value i:nil="true"/></Attribute></Attributes><ChildElements/><ElementName>texture</ElementName><required>false</required><FilenameAttribute z:Ref="i28"/><wFilename/></URDFElement></ChildElements><ElementName>material</ElementName><required>false</required><Color z:Ref="i25"/><NameAttribute z:Ref="i24"/><Texture z:Ref="i27"/></URDFElement></ChildElements><ElementName>visual</ElementName><required>false</required><Geometry z:Ref="i20"/><Material z:Ref="i23"/><Origin z:Ref="i17"/></URDFElement><URDFElement z:Id="i29" i:type="Collision"><Attributes/><ChildElements><URDFElement z:Id="i30" i:type="Origin"><Attributes><Attribute z:Id="i31"><AttributeType>xyz</AttributeType><IsRequired>true</IsRequired><Value i:type="a:ArrayOfdouble" xmlns:a="http://schemas.microsoft.com/2003/10/Serialization/Arrays"><a:double>0</a:double><a:double>0</a:double><a:double>0</a:double></Value></Attribute><Attribute z:Id="i32"><AttributeType>rpy</AttributeType><IsRequired>true</IsRequired><Value i:type="a:ArrayOfdouble" xmlns:a="http://schemas.microsoft.com/2003/10/Serialization/Arrays"><a:double>0</a:double><a:double>0</a:double><a:double>0</a:double></Value></Attribute></Attributes><ChildElements/><ElementName>origin</ElementName><required>false</required><RPYAttribute z:Ref="i32"/><XYZAttribute z:Ref="i31"/><isCustomized>false</isCustomized></URDFElement><URDFElement z:Id="i33" i:type="Geometry"><Attributes/><ChildElements><URDFElement z:Id="i34" i:type="Mesh"><Attributes><Attribute z:Id="i35"><AttributeType>filename</AttributeType><IsRequired>true</IsRequired><Value i:nil="true"/></Attribute></Attributes><ChildElements/><ElementName>mesh</ElementName><required>false</required><FilenameAttribute z:Ref="i35"/></URDFElement></ChildElements><ElementName>geometry</ElementName><required>true</required><Mesh z:Ref="i34"/></URDFElement></ChildElements><ElementName>collision</ElementName><required>false</required><Geometry z:Ref="i33"/><Origin z:Ref="i30"/></URDFElement><URDFElement z:Id="i36" i:type="Joint"><Attributes><Attribute z:Id="i37"><AttributeType>name</AttributeType><IsRequired>true</IsRequired><Value i:type="a:string" xmlns:a="http://www.w3.org/2001/XMLSchema"/></Attribute><Attribute z:Id="i38"><AttributeType>type</AttributeType><IsRequired>true</IsRequired><Value i:type="a:string" xmlns:a="http://www.w3.org/2001/XMLSchema"/></Attribute></Attributes><ChildElements><URDFElement z:Id="i39" i:type="Origin"><Attributes><Attribute z:Id="i40"><AttributeType>xyz</AttributeType><IsRequired>true</IsRequired><Value i:type="a:ArrayOfdouble" xmlns:a="http://schemas.microsoft.com/2003/10/Serialization/Arrays"><a:double>0</a:double><a:double>0</a:double><a:double>0</a:double></Value></Attribute><Attribute z:Id="i41"><AttributeType>rpy</AttributeType><IsRequired>true</IsRequired><Value i:type="a:ArrayOfdouble" xmlns:a="http://schemas.microsoft.com/2003/10/Serialization/Arrays"><a:double>0</a:double><a:double>0</a:double><a:double>0</a:double></Value></Attribute></Attributes><ChildElements/><ElementName>origin</ElementName><required>false</required><RPYAttribute z:Ref="i41"/><XYZAttribute z:Ref="i40"/><isCustomized>false</isCustomized></URDFElement><URDFElement z:Id="i42" i:type="ParentLink"><Attributes><Attribute z:Id="i43"><AttributeType>link</AttributeType><IsRequired>true</IsRequired><Value i:type="a:string" xmlns:a="http://www.w3.org/2001/XMLSchema"/></Attribute></Attributes><ChildElements/><ElementName>parent</ElementName><required>true</required><NameAttribute z:Ref="i43"/></URDFElement><URDFElement z:Id="i44" i:type="ChildLink"><Attributes><Attribute z:Id="i45"><AttributeType>link</AttributeType><IsRequired>true</IsRequired><Value i:type="a:string" xmlns:a="http://www.w3.org/2001/XMLSchema"/></Attribute></Attributes><ChildElements/><ElementName>child</ElementName><required>true</required><NameAttribute z:Ref="i45"/></URDFElement><URDFElement z:Id="i46" i:type="Axis"><Attributes><Attribute z:Id="i47"><AttributeType>xyz</AttributeType><IsRequired>true</IsRequired><Value i:type="a:ArrayOfdouble" xmlns:a="http://schemas.microsoft.com/2003/10/Serialization/Arrays"><a:double>0</a:double><a:double>0</a:double><a:double>0</a:double></Value></Attribute></Attributes><ChildElements/><ElementName>axis</ElementName><required>false</required><XYZAttribute z:Ref="i47"/></URDFElement><URDFElement z:Id="i48" i:type="Limit"><Attributes><Attribute z:Id="i49"><AttributeType>lower</AttributeType><IsRequired>false</IsRequired><Value i:nil="true"/></Attribute><Attribute z:Id="i50"><AttributeType>upper</AttributeType><IsRequired>false</IsRequired><Value i:nil="true"/></Attribute><Attribute z:Id="i51"><AttributeType>effort</AttributeType><IsRequired>true</IsRequired><Value i:nil="true"/></Attribute><Attribute z:Id="i52"><AttributeType>velocity</AttributeType><IsRequired>true</IsRequired><Value i:nil="true"/></Attribute></Attributes><ChildElements/><ElementName>limit</ElementName><required>false</required><EffortAttribute z:Ref="i51"/><LowerAttribute z:Ref="i49"/><UpperAttribute z:Ref="i50"/><VelocityAttribute z:Ref="i52"/></URDFElement><URDFElement z:Id="i53" i:type="Calibration"><Attributes><Attribute z:Id="i54"><AttributeType>rising</AttributeType><IsRequired>false</IsRequired><Value i:nil="true"/></Attribute><Attribute z:Id="i55"><AttributeType>falling</AttributeType><IsRequired>false</IsRequired><Value i:nil="true"/></Attribute></Attributes><ChildElements/><ElementName>calibration</ElementName><required>false</required><FallingAttribute z:Ref="i55"/><RisingAttribute z:Ref="i54"/></URDFElement><URDFElement z:Id="i56" i:type="Dynamics"><Attributes><Attribute z:Id="i57"><AttributeType>damping</AttributeType><IsRequired>false</IsRequired><Value i:nil="true"/></Attribute><Attribute z:Id="i58"><AttributeType>friction</AttributeType><IsRequired>false</IsRequired><Value i:nil="true"/></Attribute></Attributes><ChildElements/><ElementName>dynamics</ElementName><required>false</required><DampingAttribute z:Ref="i57"/><FrictionAttribute z:Ref="i58"/></URDFElement><URDFElement z:Id="i59" i:type="SafetyController"><Attributes><Attribute z:Id="i60"><AttributeType>soft_upper_limit</AttributeType><IsRequired>false</IsRequired><Value i:nil="true"/></Attribute><Attribute z:Id="i61"><AttributeType>soft_lower_limit</AttributeType><IsRequired>false</IsRequired><Value i:nil="true"/></Attribute><Attribute z:Id="i62"><AttributeType>k_position</AttributeType><IsRequired>false</IsRequired><Value i:nil="true"/></Attribute><Attribute z:Id="i63"><AttributeType>k_velocity</AttributeType><IsRequired>true</IsRequired><Value i:nil="true"/></Attribute></Attributes><ChildElements/><ElementName>safety_controller</ElementName><required>false</required><KPositionAttribute z:Ref="i62"/><KVelocityAttribute z:Ref="i63"/><SoftLowerAttribute z:Ref="i61"/><SoftUpperAttribute z:Ref="i60"/></URDFElement><URDFElement z:Id="i64" i:type="Mimic"><Attributes><Attribute z:Id="i65"><AttributeType>joint</AttributeType><IsRequired>true</IsRequired><Value i:nil="true"/></Attribute><Attribute z:Id="i66"><AttributeType>multiplier</AttributeType><IsRequired>false</IsRequired><Value i:nil="true"/></Attribute><Attribute z:Id="i67"><AttributeType>offset</AttributeType><IsRequired>false</IsRequired><Value i:nil="true"/></Attribute></Attributes><ChildElements/><ElementName>mimic</ElementName><required>false</required><JointNameAttribute z:Ref="i65"/><MultiplierAttribute z:Ref="i66"/><OffsetAttribute z:Ref="i67"/></URDFElement></ChildElements><ElementName>joint</ElementName><required>false</required><Axis z:Ref="i46"/><AxisName/><Calibration z:Ref="i53"/><Child z:Ref="i44"/><CoordinateSystemName>Automatically Generate</CoordinateSystemName><Dynamics z:Ref="i56"/><Limit z:Ref="i48"/><Mimic z:Ref="i64"/><NameAttribute z:Ref="i37"/><Origin z:Ref="i39"/><Parent z:Ref="i42"/><Safety z:Ref="i59"/><TypeAttribute z:Ref="i38"/></URDFElement></ChildElements><ElementName>link</ElementName><required>true</required><Children><Link z:Id="i68"><Attributes><Attribute z:Id="i69"><AttributeType>name</AttributeType><IsRequired>true</IsRequired><Value i:type="a:string" xmlns:a="http://www.w3.org/2001/XMLSchema">link_1</Value></Attribute></Attributes><ChildElements><URDFElement z:Id="i70" i:type="Inertial"><Attributes/><ChildElements><URDFElement z:Id="i71" i:type="Origin"><Attributes><Attribute z:Id="i72"><AttributeType>xyz</AttributeType><IsRequired>true</IsRequired><Value i:type="a:ArrayOfdouble" xmlns:a="http://schemas.microsoft.com/2003/10/Serialization/Arrays"><a:double>0</a:double><a:double>0</a:double><a:double>0</a:double></Value></Attribute><Attribute z:Id="i73"><AttributeType>rpy</AttributeType><IsRequired>true</IsRequired><Value i:type="a:ArrayOfdouble" xmlns:a="http://schemas.microsoft.com/2003/10/Serialization/Arrays"><a:double>0</a:double><a:double>0</a:double><a:double>0</a:double></Value></Attribute></Attributes><ChildElements/><ElementName>origin</ElementName><required>false</required><RPYAttribute z:Ref="i73"/><XYZAttribute z:Ref="i72"/><isCustomized>false</isCustomized></URDFElement><URDFElement z:Id="i74" i:type="Mass"><Attributes><Attribute z:Id="i75"><AttributeType>value</AttributeType><IsRequired>true</IsRequired><Value i:type="a:double" xmlns:a="http://www.w3.org/2001/XMLSchema">0</Value></Attribute></Attributes><ChildElements/><ElementName>mass</ElementName><required>false</required><ValueAttribute z:Ref="i75"/></URDFElement><URDFElement z:Id="i76" i:type="Inertia"><Attributes><Attribute z:Id="i77"><AttributeType>ixx</AttributeType><IsRequired>true</IsRequired><Value i:type="a:double" xmlns:a="http://www.w3.org/2001/XMLSchema">0</Value></Attribute><Attribute z:Id="i78"><AttributeType>ixy</AttributeType><IsRequired>true</IsRequired><Value i:type="a:double" xmlns:a="http://www.w3.org/2001/XMLSchema">0</Value></Attribute><Attribute z:Id="i79"><AttributeType>ixz</AttributeType><IsRequired>true</IsRequired><Value i:type="a:double" xmlns:a="http://www.w3.org/2001/XMLSchema">0</Value></Attribute><Attribute z:Id="i80"><AttributeType>iyy</AttributeType><IsRequired>true</IsRequired><Value i:type="a:double" xmlns:a="http://www.w3.org/2001/XMLSchema">0</Value></Attribute><Attribute z:Id="i81"><AttributeType>iyz</AttributeType><IsRequired>true</IsRequired><Value i:type="a:double" xmlns:a="http://www.w3.org/2001/XMLSchema">0</Value></Attribute><Attribute z:Id="i82"><AttributeType>izz</AttributeType><IsRequired>true</IsRequired><Value i:type="a:double" xmlns:a="http://www.w3.org/2001/XMLSchema">0</Value></Attribute></Attributes><ChildElements/><ElementName>inertia</ElementName><required>false</required><IxxAttribute z:Ref="i77"/><IxyAttribute z:Ref="i78"/><IxzAttribute z:Ref="i79"/><IyyAttribute z:Ref="i80"/><IyzAttribute z:Ref="i81"/><IzzAttribute z:Ref="i82"/></URDFElement></ChildElements><ElementName>inertial</ElementName><required>false</required><Inertia z:Ref="i76"/><Mass z:Ref="i74"/><Origin z:Ref="i71"/></URDFElement><URDFElement z:Id="i83" i:type="Visual"><Attributes/><ChildElements><URDFElement z:Id="i84" i:type="Origin"><Attributes><Attribute z:Id="i85"><AttributeType>xyz</AttributeType><IsRequired>true</IsRequired><Value i:type="a:ArrayOfdouble" xmlns:a="http://schemas.microsoft.com/2003/10/Serialization/Arrays"><a:double>0</a:double><a:double>0</a:double><a:double>0</a:double></Value></Attribute><Attribute z:Id="i86"><AttributeType>rpy</AttributeType><IsRequired>true</IsRequired><Value i:type="a:ArrayOfdouble" xmlns:a="http://schemas.microsoft.com/2003/10/Serialization/Arrays"><a:double>0</a:double><a:double>0</a:double><a:double>0</a:double></Value></Attribute></Attributes><ChildElements/><ElementName>origin</ElementName><required>false</required><RPYAttribute z:Ref="i86"/><XYZAttribute z:Ref="i85"/><isCustomized>false</isCustomized></URDFElement><URDFElement z:Id="i87" i:type="Geometry"><Attributes/><ChildElements><URDFElement z:Id="i88" i:type="Mesh"><Attributes><Attribute z:Id="i89"><AttributeType>filename</AttributeType><IsRequired>true</IsRequired><Value i:nil="true"/></Attribute></Attributes><ChildElements/><ElementName>mesh</ElementName><required>false</required><FilenameAttribute z:Ref="i89"/></URDFElement></ChildElements><ElementName>geometry</ElementName><required>true</required><Mesh z:Ref="i88"/></URDFElement><URDFElement z:Id="i90" i:type="Material"><Attributes><Attribute z:Id="i91"><AttributeType>name</AttributeType><IsRequired>true</IsRequired><Value i:type="a:string" xmlns:a="http://www.w3.org/2001/XMLSchema"/></Attribute></Attributes><ChildElements><URDFElement z:Id="i92" i:type="Color"><Attributes><Attribute z:Id="i93"><AttributeType>rgba</AttributeType><IsRequired>true</IsRequired><Value i:type="a:ArrayOfdouble" xmlns:a="http://schemas.microsoft.com/2003/10/Serialization/Arrays"><a:double>1</a:double><a:double>1</a:double><a:double>1</a:double><a:double>1</a:double></Value></Attribute></Attributes><ChildElements/><ElementName>color</ElementName><required>false</required><RGBAAttribute z:Ref="i93"/></URDFElement><URDFElement z:Id="i94" i:type="Texture"><Attributes><Attribute z:Id="i95"><AttributeType>filename</AttributeType><IsRequired>true</IsRequired><Value i:nil="true"/></Attribute></Attributes><ChildElements/><ElementName>texture</ElementName><required>false</required><FilenameAttribute z:Ref="i95"/><wFilename/></URDFElement></ChildElements><ElementName>material</ElementName><required>false</required><Color z:Ref="i92"/><NameAttribute z:Ref="i91"/><Texture z:Ref="i94"/></URDFElement></ChildElements><ElementName>visual</ElementName><required>false</required><Geometry z:Ref="i87"/><Material z:Ref="i90"/><Origin z:Ref="i84"/></URDFElement><URDFElement z:Id="i96" i:type="Collision"><Attributes/><ChildElements><URDFElement z:Id="i97" i:type="Origin"><Attributes><Attribute z:Id="i98"><AttributeType>xyz</AttributeType><IsRequired>true</IsRequired><Value i:type="a:ArrayOfdouble" xmlns:a="http://schemas.microsoft.com/2003/10/Serialization/Arrays"><a:double>0</a:double><a:double>0</a:double><a:double>0</a:double></Value></Attribute><Attribute z:Id="i99"><AttributeType>rpy</AttributeType><IsRequired>true</IsRequired><Value i:type="a:ArrayOfdouble" xmlns:a="http://schemas.microsoft.com/2003/10/Serialization/Arrays"><a:double>0</a:double><a:double>0</a:double><a:double>0</a:double></Value></Attribute></Attributes><ChildElements/><ElementName>origin</ElementName><required>false</required><RPYAttribute z:Ref="i99"/><XYZAttribute z:Ref="i98"/><isCustomized>false</isCustomized></URDFElement><URDFElement z:Id="i100" i:type="Geometry"><Attributes/><ChildElements><URDFElement z:Id="i101" i:type="Mesh"><Attributes><Attribute z:Id="i102"><AttributeType>filename</AttributeType><IsRequired>true</IsRequired><Value i:nil="true"/></Attribute></Attributes><ChildElements/><ElementName>mesh</ElementName><required>false</required><FilenameAttribute z:Ref="i102"/></URDFElement></ChildElements><ElementName>geometry</ElementName><required>true</required><Mesh z:Ref="i101"/></URDFElement></ChildElements><ElementName>collision</ElementName><required>false</required><Geometry z:Ref="i100"/><Origin z:Ref="i97"/></URDFElement><URDFElement z:Id="i103" i:type="Joint"><Attributes><Attribute z:Id="i104"><AttributeType>name</AttributeType><IsRequired>true</IsRequired><Value i:type="a:string" xmlns:a="http://www.w3.org/2001/XMLSchema">joint_1</Value></Attribute><Attribute z:Id="i105"><AttributeType>type</AttributeType><IsRequired>true</IsRequired><Value i:type="a:string" xmlns:a="http://www.w3.org/2001/XMLSchema">Automatically Detect</Value></Attribute></Attributes><ChildElements><URDFElement z:Id="i106" i:type="Origin"><Attributes><Attribute z:Id="i107"><AttributeType>xyz</AttributeType><IsRequired>true</IsRequired><Value i:type="a:ArrayOfdouble" xmlns:a="http://schemas.microsoft.com/2003/10/Serialization/Arrays"><a:double>0</a:double><a:double>0</a:double><a:double>0</a:double></Value></Attribute><Attribute z:Id="i108"><AttributeType>rpy</AttributeType><IsRequired>true</IsRequired><Value i:type="a:ArrayOfdouble" xmlns:a="http://schemas.microsoft.com/2003/10/Serialization/Arrays"><a:double>0</a:double><a:double>0</a:double><a:double>0</a:double></Value></Attribute></Attributes><ChildElements/><ElementName>origin</ElementName><required>false</required><RPYAttribute z:Ref="i108"/><XYZAttribute z:Ref="i107"/><isCustomized>false</isCustomized></URDFElement><URDFElement z:Id="i109" i:type="ParentLink"><Attributes><Attribute z:Id="i110"><AttributeType>link</AttributeType><IsRequired>true</IsRequired><Value i:type="a:string" xmlns:a="http://www.w3.org/2001/XMLSchema"/></Attribute></Attributes><ChildElements/><ElementName>parent</ElementName><required>true</required><NameAttribute z:Ref="i110"/></URDFElement><URDFElement z:Id="i111" i:type="ChildLink"><Attributes><Attribute z:Id="i112"><AttributeType>link</AttributeType><IsRequired>true</IsRequired><Value i:type="a:string" xmlns:a="http://www.w3.org/2001/XMLSchema"/></Attribute></Attributes><ChildElements/><ElementName>child</ElementName><required>true</required><NameAttribute z:Ref="i112"/></URDFElement><URDFElement z:Id="i113" i:type="Axis"><Attributes><Attribute z:Id="i114"><AttributeType>xyz</AttributeType><IsRequired>true</IsRequired><Value i:type="a:ArrayOfdouble" xmlns:a="http://schemas.microsoft.com/2003/10/Serialization/Arrays"><a:double>0</a:double><a:double>0</a:double><a:double>0</a:double></Value></Attribute></Attributes><ChildElements/><ElementName>axis</ElementName><required>false</required><XYZAttribute z:Ref="i114"/></URDFElement><URDFElement z:Id="i115" i:type="Limit"><Attributes><Attribute z:Id="i116"><AttributeType>lower</AttributeType><IsRequired>false</IsRequired><Value i:nil="true"/></Attribute><Attribute z:Id="i117"><AttributeType>upper</AttributeType><IsRequired>false</IsRequired><Value i:nil="true"/></Attribute><Attribute z:Id="i118"><AttributeType>effort</AttributeType><IsRequired>true</IsRequired><Value i:nil="true"/></Attribute><Attribute z:Id="i119"><AttributeType>velocity</AttributeType><IsRequired>true</IsRequired><Value i:nil="true"/></Attribute></Attributes><ChildElements/><ElementName>limit</ElementName><required>false</required><EffortAttribute z:Ref="i118"/><LowerAttribute z:Ref="i116"/><UpperAttribute z:Ref="i117"/><VelocityAttribute z:Ref="i119"/></URDFElement><URDFElement z:Id="i120" i:type="Calibration"><Attributes><Attribute z:Id="i121"><AttributeType>rising</AttributeType><IsRequired>false</IsRequired><Value i:nil="true"/></Attribute><Attribute z:Id="i122"><AttributeType>falling</AttributeType><IsRequired>false</IsRequired><Value i:nil="true"/></Attribute></Attributes><ChildElements/><ElementName>calibration</ElementName><required>false</required><FallingAttribute z:Ref="i122"/><RisingAttribute z:Ref="i121"/></URDFElement><URDFElement z:Id="i123" i:type="Dynamics"><Attributes><Attribute z:Id="i124"><AttributeType>damping</AttributeType><IsRequired>false</IsRequired><Value i:nil="true"/></Attribute><Attribute z:Id="i125"><AttributeType>friction</AttributeType><IsRequired>false</IsRequired><Value i:nil="true"/></Attribute></Attributes><ChildElements/><ElementName>dynamics</ElementName><required>false</required><DampingAttribute z:Ref="i124"/><FrictionAttribute z:Ref="i125"/></URDFElement><URDFElement z:Id="i126" i:type="SafetyController"><Attributes><Attribute z:Id="i127"><AttributeType>soft_upper_limit</AttributeType><IsRequired>false</IsRequired><Value i:nil="true"/></Attribute><Attribute z:Id="i128"><AttributeType>soft_lower_limit</AttributeType><IsRequired>false</IsRequired><Value i:nil="true"/></Attribute><Attribute z:Id="i129"><AttributeType>k_position</AttributeType><IsRequired>false</IsRequired><Value i:nil="true"/></Attribute><Attribute z:Id="i130"><AttributeType>k_velocity</AttributeType><IsRequired>true</IsRequired><Value i:nil="true"/></Attribute></Attributes><ChildElements/><ElementName>safety_controller</ElementName><required>false</required><KPositionAttribute z:Ref="i129"/><KVelocityAttribute z:Ref="i130"/><SoftLowerAttribute z:Ref="i128"/><SoftUpperAttribute z:Ref="i127"/></URDFElement><URDFElement z:Id="i131" i:type="Mimic"><Attributes><Attribute z:Id="i132"><AttributeType>joint</AttributeType><IsRequired>true</IsRequired><Value i:nil="true"/></Attribute><Attribute z:Id="i133"><AttributeType>multiplier</AttributeType><IsRequired>false</IsRequired><Value i:nil="true"/></Attribute><Attribute z:Id="i134"><AttributeType>offset</AttributeType><IsRequired>false</IsRequired><Value i:nil="true"/></Attribute></Attributes><ChildElements/><ElementName>mimic</ElementName><required>false</required><JointNameAttribute z:Ref="i132"/><MultiplierAttribute z:Ref="i133"/><OffsetAttribute z:Ref="i134"/></URDFElement></ChildElements><ElementName>joint</ElementName><required>false</required><Axis z:Ref="i113"/><AxisName>Automatically Generate</AxisName><Calibration z:Ref="i120"/><Child z:Ref="i111"/><CoordinateSystemName>Automatically Generate</CoordinateSystemName><Dynamics z:Ref="i123"/><Limit z:Ref="i115"/><Mimic z:Ref="i131"/><NameAttribute z:Ref="i104"/><Origin z:Ref="i106"/><Parent z:Ref="i109"/><Safety z:Ref="i126"/><TypeAttribute z:Ref="i105"/></URDFElement></ChildElements><ElementName>link</ElementName><required>true</required><Children><Link z:Id="i135"><Attributes><Attribute z:Id="i136"><AttributeType>name</AttributeType><IsRequired>true</IsRequired><Value i:type="a:string" xmlns:a="http://www.w3.org/2001/XMLSchema">link_2</Value></Attribute></Attributes><ChildElements><URDFElement z:Id="i137" i:type="Inertial"><Attributes/><ChildElements><URDFElement z:Id="i138" i:type="Origin"><Attributes><Attribute z:Id="i139"><AttributeType>xyz</AttributeType><IsRequired>true</IsRequired><Value i:type="a:ArrayOfdouble" xmlns:a="http://schemas.microsoft.com/2003/10/Serialization/Arrays"><a:double>0</a:double><a:double>0</a:double><a:double>0</a:double></Value></Attribute><Attribute z:Id="i140"><AttributeType>rpy</AttributeType><IsRequired>true</IsRequired><Value i:type="a:ArrayOfdouble" xmlns:a="http://schemas.microsoft.com/2003/10/Serialization/Arrays"><a:double>0</a:double><a:double>0</a:double><a:double>0</a:double></Value></Attribute></Attributes><ChildElements/><ElementName>origin</ElementName><required>false</required><RPYAttribute z:Ref="i140"/><XYZAttribute z:Ref="i139"/><isCustomized>false</isCustomized></URDFElement><URDFElement z:Id="i141" i:type="Mass"><Attributes><Attribute z:Id="i142"><AttributeType>value</AttributeType><IsRequired>true</IsRequired><Value i:type="a:double" xmlns:a="http://www.w3.org/2001/XMLSchema">0</Value></Attribute></Attributes><ChildElements/><ElementName>mass</ElementName><required>false</required><ValueAttribute z:Ref="i142"/></URDFElement><URDFElement z:Id="i143" i:type="Inertia"><Attributes><Attribute z:Id="i144"><AttributeType>ixx</AttributeType><IsRequired>true</IsRequired><Value i:type="a:double" xmlns:a="http://www.w3.org/2001/XMLSchema">0</Value></Attribute><Attribute z:Id="i145"><AttributeType>ixy</AttributeType><IsRequired>true</IsRequired><Value i:type="a:double" xmlns:a="http://www.w3.org/2001/XMLSchema">0</Value></Attribute><Attribute z:Id="i146"><AttributeType>ixz</AttributeType><IsRequired>true</IsRequired><Value i:type="a:double" xmlns:a="http://www.w3.org/2001/XMLSchema">0</Value></Attribute><Attribute z:Id="i147"><AttributeType>iyy</AttributeType><IsRequired>true</IsRequired><Value i:type="a:double" xmlns:a="http://www.w3.org/2001/XMLSchema">0</Value></Attribute><Attribute z:Id="i148"><AttributeType>iyz</AttributeType><IsRequired>true</IsRequired><Value i:type="a:double" xmlns:a="http://www.w3.org/2001/XMLSchema">0</Value></Attribute><Attribute z:Id="i149"><AttributeType>izz</AttributeType><IsRequired>true</IsRequired><Value i:type="a:double" xmlns:a="http://www.w3.org/2001/XMLSchema">0</Value></Attribute></Attributes><ChildElements/><ElementName>inertia</ElementName><required>false</required><IxxAttribute z:Ref="i144"/><IxyAttribute z:Ref="i145"/><IxzAttribute z:Ref="i146"/><IyyAttribute z:Ref="i147"/><IyzAttribute z:Ref="i148"/><IzzAttribute z:Ref="i149"/></URDFElement></ChildElements><ElementName>inertial</ElementName><required>false</required><Inertia z:Ref="i143"/><Mass z:Ref="i141"/><Origin z:Ref="i138"/></URDFElement><URDFElement z:Id="i150" i:type="Visual"><Attributes/><ChildElements><URDFElement z:Id="i151" i:type="Origin"><Attributes><Attribute z:Id="i152"><AttributeType>xyz</AttributeType><IsRequired>true</IsRequired><Value i:type="a:ArrayOfdouble" xmlns:a="http://schemas.microsoft.com/2003/10/Serialization/Arrays"><a:double>0</a:double><a:double>0</a:double><a:double>0</a:double></Value></Attribute><Attribute z:Id="i153"><AttributeType>rpy</AttributeType><IsRequired>true</IsRequired><Value i:type="a:ArrayOfdouble" xmlns:a="http://schemas.microsoft.com/2003/10/Serialization/Arrays"><a:double>0</a:double><a:double>0</a:double><a:double>0</a:double></Value></Attribute></Attributes><ChildElements/><ElementName>origin</ElementName><required>false</required><RPYAttribute z:Ref="i153"/><XYZAttribute z:Ref="i152"/><isCustomized>false</isCustomized></URDFElement><URDFElement z:Id="i154" i:type="Geometry"><Attributes/><ChildElements><URDFElement z:Id="i155" i:type="Mesh"><Attributes><Attribute z:Id="i156"><AttributeType>filename</AttributeType><IsRequired>true</IsRequired><Value i:nil="true"/></Attribute></Attributes><ChildElements/><ElementName>mesh</ElementName><required>false</required><FilenameAttribute z:Ref="i156"/></URDFElement></ChildElements><ElementName>geometry</ElementName><required>true</required><Mesh z:Ref="i155"/></URDFElement><URDFElement z:Id="i157" i:type="Material"><Attributes><Attribute z:Id="i158"><AttributeType>name</AttributeType><IsRequired>true</IsRequired><Value i:type="a:string" xmlns:a="http://www.w3.org/2001/XMLSchema"/></Attribute></Attributes><ChildElements><URDFElement z:Id="i159" i:type="Color"><Attributes><Attribute z:Id="i160"><AttributeType>rgba</AttributeType><IsRequired>true</IsRequired><Value i:type="a:ArrayOfdouble" xmlns:a="http://schemas.microsoft.com/2003/10/Serialization/Arrays"><a:double>1</a:double><a:double>1</a:double><a:double>1</a:double><a:double>1</a:double></Value></Attribute></Attributes><ChildElements/><ElementName>color</ElementName><required>false</required><RGBAAttribute z:Ref="i160"/></URDFElement><URDFElement z:Id="i161" i:type="Texture"><Attributes><Attribute z:Id="i162"><AttributeType>filename</AttributeType><IsRequired>true</IsRequired><Value i:nil="true"/></Attribute></Attributes><ChildElements/><ElementName>texture</ElementName><required>false</required><FilenameAttribute z:Ref="i162"/><wFilename/></URDFElement></ChildElements><ElementName>material</ElementName><required>false</required><Color z:Ref="i159"/><NameAttribute z:Ref="i158"/><Texture z:Ref="i161"/></URDFElement></ChildElements><ElementName>visual</ElementName><required>false</required><Geometry z:Ref="i154"/><Material z:Ref="i157"/><Origin z:Ref="i151"/></URDFElement><URDFElement z:Id="i163" i:type="Collision"><Attributes/><ChildElements><URDFElement z:Id="i164" i:type="Origin"><Attributes><Attribute z:Id="i165"><AttributeType>xyz</AttributeType><IsRequired>true</IsRequired><Value i:type="a:ArrayOfdouble" xmlns:a="http://schemas.microsoft.com/2003/10/Serialization/Arrays"><a:double>0</a:double><a:double>0</a:double><a:double>0</a:double></Value></Attribute><Attribute z:Id="i166"><AttributeType>rpy</AttributeType><IsRequired>true</IsRequired><Value i:type="a:ArrayOfdouble" xmlns:a="http://schemas.microsoft.com/2003/10/Serialization/Arrays"><a:double>0</a:double><a:double>0</a:double><a:double>0</a:double></Value></Attribute></Attributes><ChildElements/><ElementName>origin</ElementName><required>false</required><RPYAttribute z:Ref="i166"/><XYZAttribute z:Ref="i165"/><isCustomized>false</isCustomized></URDFElement><URDFElement z:Id="i167" i:type="Geometry"><Attributes/><ChildElements><URDFElement z:Id="i168" i:type="Mesh"><Attributes><Attribute z:Id="i169"><AttributeType>filename</AttributeType><IsRequired>true</IsRequired><Value i:nil="true"/></Attribute></Attributes><ChildElements/><ElementName>mesh</ElementName><required>false</required><FilenameAttribute z:Ref="i169"/></URDFElement></ChildElements><ElementName>geometry</ElementName><required>true</required><Mesh z:Ref="i168"/></URDFElement></ChildElements><ElementName>collision</ElementName><required>false</required><Geometry z:Ref="i167"/><Origin z:Ref="i164"/></URDFElement><URDFElement z:Id="i170" i:type="Joint"><Attributes><Attribute z:Id="i171"><AttributeType>name</AttributeType><IsRequired>true</IsRequired><Value i:type="a:string" xmlns:a="http://www.w3.org/2001/XMLSchema">joint_2</Value></Attribute><Attribute z:Id="i172"><AttributeType>type</AttributeType><IsRequired>true</IsRequired><Value i:type="a:string" xmlns:a="http://www.w3.org/2001/XMLSchema">Automatically Detect</Value></Attribute></Attributes><ChildElements><URDFElement z:Id="i173" i:type="Origin"><Attributes><Attribute z:Id="i174"><AttributeType>xyz</AttributeType><IsRequired>true</IsRequired><Value i:type="a:ArrayOfdouble" xmlns:a="http://schemas.microsoft.com/2003/10/Serialization/Arrays"><a:double>0</a:double><a:double>0</a:double><a:double>0</a:double></Value></Attribute><Attribute z:Id="i175"><AttributeType>rpy</AttributeType><IsRequired>true</IsRequired><Value i:type="a:ArrayOfdouble" xmlns:a="http://schemas.microsoft.com/2003/10/Serialization/Arrays"><a:double>0</a:double><a:double>0</a:double><a:double>0</a:double></Value></Attribute></Attributes><ChildElements/><ElementName>origin</ElementName><required>false</required><RPYAttribute z:Ref="i175"/><XYZAttribute z:Ref="i174"/><isCustomized>false</isCustomized></URDFElement><URDFElement z:Id="i176" i:type="ParentLink"><Attributes><Attribute z:Id="i177"><AttributeType>link</AttributeType><IsRequired>true</IsRequired><Value i:type="a:string" xmlns:a="http://www.w3.org/2001/XMLSchema"/></Attribute></Attributes><ChildElements/><ElementName>parent</ElementName><required>true</required><NameAttribute z:Ref="i177"/></URDFElement><URDFElement z:Id="i178" i:type="ChildLink"><Attributes><Attribute z:Id="i179"><AttributeType>link</AttributeType><IsRequired>true</IsRequired><Value i:type="a:string" xmlns:a="http://www.w3.org/2001/XMLSchema"/></Attribute></Attributes><ChildElements/><ElementName>child</ElementName><required>true</required><NameAttribute z:Ref="i179"/></URDFElement><URDFElement z:Id="i180" i:type="Axis"><Attributes><Attribute z:Id="i181"><AttributeType>xyz</AttributeType><IsRequired>true</IsRequired><Value i:type="a:ArrayOfdouble" xmlns:a="http://schemas.microsoft.com/2003/10/Serialization/Arrays"><a:double>0</a:double><a:double>0</a:double><a:double>0</a:double></Value></Attribute></Attributes><ChildElements/><ElementName>axis</ElementName><required>false</required><XYZAttribute z:Ref="i181"/></URDFElement><URDFElement z:Id="i182" i:type="Limit"><Attributes><Attribute z:Id="i183"><AttributeType>lower</AttributeType><IsRequired>false</IsRequired><Value i:nil="true"/></Attribute><Attribute z:Id="i184"><AttributeType>upper</AttributeType><IsRequired>false</IsRequired><Value i:nil="true"/></Attribute><Attribute z:Id="i185"><AttributeType>effort</AttributeType><IsRequired>true</IsRequired><Value i:nil="true"/></Attribute><Attribute z:Id="i186"><AttributeType>velocity</AttributeType><IsRequired>true</IsRequired><Value i:nil="true"/></Attribute></Attributes><ChildElements/><ElementName>limit</ElementName><required>false</required><EffortAttribute z:Ref="i185"/><LowerAttribute z:Ref="i183"/><UpperAttribute z:Ref="i184"/><VelocityAttribute z:Ref="i186"/></URDFElement><URDFElement z:Id="i187" i:type="Calibration"><Attributes><Attribute z:Id="i188"><AttributeType>rising</AttributeType><IsRequired>false</IsRequired><Value i:nil="true"/></Attribute><Attribute z:Id="i189"><AttributeType>falling</AttributeType><IsRequired>false</IsRequired><Value i:nil="true"/></Attribute></Attributes><ChildElements/><ElementName>calibration</ElementName><required>false</required><FallingAttribute z:Ref="i189"/><RisingAttribute z:Ref="i188"/></URDFElement><URDFElement z:Id="i190" i:type="Dynamics"><Attributes><Attribute z:Id="i191"><AttributeType>damping</AttributeType><IsRequired>false</IsRequired><Value i:nil="true"/></Attribute><Attribute z:Id="i192"><AttributeType>friction</AttributeType><IsRequired>false</IsRequired><Value i:nil="true"/></Attribute></Attributes><ChildElements/><ElementName>dynamics</ElementName><required>false</required><DampingAttribute z:Ref="i191"/><FrictionAttribute z:Ref="i192"/></URDFElement><URDFElement z:Id="i193" i:type="SafetyController"><Attributes><Attribute z:Id="i194"><AttributeType>soft_upper_limit</AttributeType><IsRequired>false</IsRequired><Value i:nil="true"/></Attribute><Attribute z:Id="i195"><AttributeType>soft_lower_limit</AttributeType><IsRequired>false</IsRequired><Value i:nil="true"/></Attribute><Attribute z:Id="i196"><AttributeType>k_position</AttributeType><IsRequired>false</IsRequired><Value i:nil="true"/></Attribute><Attribute z:Id="i197"><AttributeType>k_velocity</AttributeType><IsRequired>true</IsRequired><Value i:nil="true"/></Attribute></Attributes><ChildElements/><ElementName>safety_controller</ElementName><required>false</required><KPositionAttribute z:Ref="i196"/><KVelocityAttribute z:Ref="i197"/><SoftLowerAttribute z:Ref="i195"/><SoftUpperAttribute z:Ref="i194"/></URDFElement><URDFElement z:Id="i198" i:type="Mimic"><Attributes><Attribute z:Id="i199"><AttributeType>joint</AttributeType><IsRequired>true</IsRequired><Value i:nil="true"/></Attribute><Attribute z:Id="i200"><AttributeType>multiplier</AttributeType><IsRequired>false</IsRequired><Value i:nil="true"/></Attribute><Attribute z:Id="i201"><AttributeType>offset</AttributeType><IsRequired>false</IsRequired><Value i:nil="true"/></Attribute></Attributes><ChildElements/><ElementName>mimic</ElementName><required>false</required><JointNameAttribute z:Ref="i199"/><MultiplierAttribute z:Ref="i200"/><OffsetAttribute z:Ref="i201"/></URDFElement></ChildElements><ElementName>joint</ElementName><required>false</required><Axis z:Ref="i180"/><AxisName>Automatically Generate</AxisName><Calibration z:Ref="i187"/><Child z:Ref="i178"/><CoordinateSystemName>Automatically Generate</CoordinateSystemName><Dynamics z:Ref="i190"/><Limit z:Ref="i182"/><Mimic z:Ref="i198"/><NameAttribute z:Ref="i171"/><Origin z:Ref="i173"/><Parent z:Ref="i176"/><Safety z:Ref="i193"/><TypeAttribute z:Ref="i172"/></URDFElement></ChildElements><ElementName>link</ElementName><required>true</required><Children><Link z:Id="i202"><Attributes><Attribute z:Id="i203"><AttributeType>name</AttributeType><IsRequired>true</IsRequired><Value i:type="a:string" xmlns:a="http://www.w3.org/2001/XMLSchema">link_3</Value></Attribute></Attributes><ChildElements><URDFElement z:Id="i204" i:type="Inertial"><Attributes/><ChildElements><URDFElement z:Id="i205" i:type="Origin"><Attributes><Attribute z:Id="i206"><AttributeType>xyz</AttributeType><IsRequired>true</IsRequired><Value i:type="a:ArrayOfdouble" xmlns:a="http://schemas.microsoft.com/2003/10/Serialization/Arrays"><a:double>0</a:double><a:double>0</a:double><a:double>0</a:double></Value></Attribute><Attribute z:Id="i207"><AttributeType>rpy</AttributeType><IsRequired>true</IsRequired><Value i:type="a:ArrayOfdouble" xmlns:a="http://schemas.microsoft.com/2003/10/Serialization/Arrays"><a:double>0</a:double><a:double>0</a:double><a:double>0</a:double></Value></Attribute></Attributes><ChildElements/><ElementName>origin</ElementName><required>false</required><RPYAttribute z:Ref="i207"/><XYZAttribute z:Ref="i206"/><isCustomized>false</isCustomized></URDFElement><URDFElement z:Id="i208" i:type="Mass"><Attributes><Attribute z:Id="i209"><AttributeType>value</AttributeType><IsRequired>true</IsRequired><Value i:type="a:double" xmlns:a="http://www.w3.org/2001/XMLSchema">0</Value></Attribute></Attributes><ChildElements/><ElementName>mass</ElementName><required>false</required><ValueAttribute z:Ref="i209"/></URDFElement><URDFElement z:Id="i210" i:type="Inertia"><Attributes><Attribute z:Id="i211"><AttributeType>ixx</AttributeType><IsRequired>true</IsRequired><Value i:type="a:double" xmlns:a="http://www.w3.org/2001/XMLSchema">0</Value></Attribute><Attribute z:Id="i212"><AttributeType>ixy</AttributeType><IsRequired>true</IsRequired><Value i:type="a:double" xmlns:a="http://www.w3.org/2001/XMLSchema">0</Value></Attribute><Attribute z:Id="i213"><AttributeType>ixz</AttributeType><IsRequired>true</IsRequired><Value i:type="a:double" xmlns:a="http://www.w3.org/2001/XMLSchema">0</Value></Attribute><Attribute z:Id="i214"><AttributeType>iyy</AttributeType><IsRequired>true</IsRequired><Value i:type="a:double" xmlns:a="http://www.w3.org/2001/XMLSchema">0</Value></Attribute><Attribute z:Id="i215"><AttributeType>iyz</AttributeType><IsRequired>true</IsRequired><Value i:type="a:double" xmlns:a="http://www.w3.org/2001/XMLSchema">0</Value></Attribute><Attribute z:Id="i216"><AttributeType>izz</AttributeType><IsRequired>true</IsRequired><Value i:type="a:double" xmlns:a="http://www.w3.org/2001/XMLSchema">0</Value></Attribute></Attributes><ChildElements/><ElementName>inertia</ElementName><required>false</required><IxxAttribute z:Ref="i211"/><IxyAttribute z:Ref="i212"/><IxzAttribute z:Ref="i213"/><IyyAttribute z:Ref="i214"/><IyzAttribute z:Ref="i215"/><IzzAttribute z:Ref="i216"/></URDFElement></ChildElements><ElementName>inertial</ElementName><required>false</required><Inertia z:Ref="i210"/><Mass z:Ref="i208"/><Origin z:Ref="i205"/></URDFElement><URDFElement z:Id="i217" i:type="Visual"><Attributes/><ChildElements><URDFElement z:Id="i218" i:type="Origin"><Attributes><Attribute z:Id="i219"><AttributeType>xyz</AttributeType><IsRequired>true</IsRequired><Value i:type="a:ArrayOfdouble" xmlns:a="http://schemas.microsoft.com/2003/10/Serialization/Arrays"><a:double>0</a:double><a:double>0</a:double><a:double>0</a:double></Value></Attribute><Attribute z:Id="i220"><AttributeType>rpy</AttributeType><IsRequired>true</IsRequired><Value i:type="a:ArrayOfdouble" xmlns:a="http://schemas.microsoft.com/2003/10/Serialization/Arrays"><a:double>0</a:double><a:double>0</a:double><a:double>0</a:double></Value></Attribute></Attributes><ChildElements/><ElementName>origin</ElementName><required>false</required><RPYAttribute z:Ref="i220"/><XYZAttribute z:Ref="i219"/><isCustomized>false</isCustomized></URDFElement><URDFElement z:Id="i221" i:type="Geometry"><Attributes/><ChildElements><URDFElement z:Id="i222" i:type="Mesh"><Attributes><Attribute z:Id="i223"><AttributeType>filename</AttributeType><IsRequired>true</IsRequired><Value i:nil="true"/></Attribute></Attributes><ChildElements/><ElementName>mesh</ElementName><required>false</required><FilenameAttribute z:Ref="i223"/></URDFElement></ChildElements><ElementName>geometry</ElementName><required>true</required><Mesh z:Ref="i222"/></URDFElement><URDFElement z:Id="i224" i:type="Material"><Attributes><Attribute z:Id="i225"><AttributeType>name</AttributeType><IsRequired>true</IsRequired><Value i:type="a:string" xmlns:a="http://www.w3.org/2001/XMLSchema"/></Attribute></Attributes><ChildElements><URDFElement z:Id="i226" i:type="Color"><Attributes><Attribute z:Id="i227"><AttributeType>rgba</AttributeType><IsRequired>true</IsRequired><Value i:type="a:ArrayOfdouble" xmlns:a="http://schemas.microsoft.com/2003/10/Serialization/Arrays"><a:double>1</a:double><a:double>1</a:double><a:double>1</a:double><a:double>1</a:double></Value></Attribute></Attributes><ChildElements/><ElementName>color</ElementName><required>false</required><RGBAAttribute z:Ref="i227"/></URDFElement><URDFElement z:Id="i228" i:type="Texture"><Attributes><Attribute z:Id="i229"><AttributeType>filename</AttributeType><IsRequired>true</IsRequired><Value i:nil="true"/></Attribute></Attributes><ChildElements/><ElementName>texture</ElementName><required>false</required><FilenameAttribute z:Ref="i229"/><wFilename/></URDFElement></ChildElements><ElementName>material</ElementName><required>false</required><Color z:Ref="i226"/><NameAttribute z:Ref="i225"/><Texture z:Ref="i228"/></URDFElement></ChildElements><ElementName>visual</ElementName><required>false</required><Geometry z:Ref="i221"/><Material z:Ref="i224"/><Origin z:Ref="i218"/></URDFElement><URDFElement z:Id="i230" i:type="Collision"><Attributes/><ChildElements><URDFElement z:Id="i231" i:type="Origin"><Attributes><Attribute z:Id="i232"><AttributeType>xyz</AttributeType><IsRequired>true</IsRequired><Value i:type="a:ArrayOfdouble" xmlns:a="http://schemas.microsoft.com/2003/10/Serialization/Arrays"><a:double>0</a:double><a:double>0</a:double><a:double>0</a:double></Value></Attribute><Attribute z:Id="i233"><AttributeType>rpy</AttributeType><IsRequired>true</IsRequired><Value i:type="a:ArrayOfdouble" xmlns:a="http://schemas.microsoft.com/2003/10/Serialization/Arrays"><a:double>0</a:double><a:double>0</a:double><a:double>0</a:double></Value></Attribute></Attributes><ChildElements/><ElementName>origin</ElementName><required>false</required><RPYAttribute z:Ref="i233"/><XYZAttribute z:Ref="i232"/><isCustomized>false</isCustomized></URDFElement><URDFElement z:Id="i234" i:type="Geometry"><Attributes/><ChildElements><URDFElement z:Id="i235" i:type="Mesh"><Attributes><Attribute z:Id="i236"><AttributeType>filename</AttributeType><IsRequired>true</IsRequired><Value i:nil="true"/></Attribute></Attributes><ChildElements/><ElementName>mesh</ElementName><required>false</required><FilenameAttribute z:Ref="i236"/></URDFElement></ChildElements><ElementName>geometry</ElementName><required>true</required><Mesh z:Ref="i235"/></URDFElement></ChildElements><ElementName>collision</ElementName><required>false</required><Geometry z:Ref="i234"/><Origin z:Ref="i231"/></URDFElement><URDFElement z:Id="i237" i:type="Joint"><Attributes><Attribute z:Id="i238"><AttributeType>name</AttributeType><IsRequired>true</IsRequired><Value i:type="a:string" xmlns:a="http://www.w3.org/2001/XMLSchema">joint_3</Value></Attribute><Attribute z:Id="i239"><AttributeType>type</AttributeType><IsRequired>true</IsRequired><Value i:type="a:string" xmlns:a="http://www.w3.org/2001/XMLSchema">Automatically Detect</Value></Attribute></Attributes><ChildElements><URDFElement z:Id="i240" i:type="Origin"><Attributes><Attribute z:Id="i241"><AttributeType>xyz</AttributeType><IsRequired>true</IsRequired><Value i:type="a:ArrayOfdouble" xmlns:a="http://schemas.microsoft.com/2003/10/Serialization/Arrays"><a:double>0</a:double><a:double>0</a:double><a:double>0</a:double></Value></Attribute><Attribute z:Id="i242"><AttributeType>rpy</AttributeType><IsRequired>true</IsRequired><Value i:type="a:ArrayOfdouble" xmlns:a="http://schemas.microsoft.com/2003/10/Serialization/Arrays"><a:double>0</a:double><a:double>0</a:double><a:double>0</a:double></Value></Attribute></Attributes><ChildElements/><ElementName>origin</ElementName><required>false</required><RPYAttribute z:Ref="i242"/><XYZAttribute z:Ref="i241"/><isCustomized>false</isCustomized></URDFElement><URDFElement z:Id="i243" i:type="ParentLink"><Attributes><Attribute z:Id="i244"><AttributeType>link</AttributeType><IsRequired>true</IsRequired><Value i:type="a:string" xmlns:a="http://www.w3.org/2001/XMLSchema"/></Attribute></Attributes><ChildElements/><ElementName>parent</ElementName><required>true</required><NameAttribute z:Ref="i244"/></URDFElement><URDFElement z:Id="i245" i:type="ChildLink"><Attributes><Attribute z:Id="i246"><AttributeType>link</AttributeType><IsRequired>true</IsRequired><Value i:type="a:string" xmlns:a="http://www.w3.org/2001/XMLSchema"/></Attribute></Attributes><ChildElements/><ElementName>child</ElementName><required>true</required><NameAttribute z:Ref="i246"/></URDFElement><URDFElement z:Id="i247" i:type="Axis"><Attributes><Attribute z:Id="i248"><AttributeType>xyz</AttributeType><IsRequired>true</IsRequired><Value i:type="a:ArrayOfdouble" xmlns:a="http://schemas.microsoft.com/2003/10/Serialization/Arrays"><a:double>0</a:double><a:double>0</a:double><a:double>0</a:double></Value></Attribute></Attributes><ChildElements/><ElementName>axis</ElementName><required>false</required><XYZAttribute z:Ref="i248"/></URDFElement><URDFElement z:Id="i249" i:type="Limit"><Attributes><Attribute z:Id="i250"><AttributeType>lower</AttributeType><IsRequired>false</IsRequired><Value i:nil="true"/></Attribute><Attribute z:Id="i251"><AttributeType>upper</AttributeType><IsRequired>false</IsRequired><Value i:nil="true"/></Attribute><Attribute z:Id="i252"><AttributeType>effort</AttributeType><IsRequired>true</IsRequired><Value i:nil="true"/></Attribute><Attribute z:Id="i253"><AttributeType>velocity</AttributeType><IsRequired>true</IsRequired><Value i:nil="true"/></Attribute></Attributes><ChildElements/><ElementName>limit</ElementName><required>false</required><EffortAttribute z:Ref="i252"/><LowerAttribute z:Ref="i250"/><UpperAttribute z:Ref="i251"/><VelocityAttribute z:Ref="i253"/></URDFElement><URDFElement z:Id="i254" i:type="Calibration"><Attributes><Attribute z:Id="i255"><AttributeType>rising</AttributeType><IsRequired>false</IsRequired><Value i:nil="true"/></Attribute><Attribute z:Id="i256"><AttributeType>falling</AttributeType><IsRequired>false</IsRequired><Value i:nil="true"/></Attribute></Attributes><ChildElements/><ElementName>calibration</ElementName><required>false</required><FallingAttribute z:Ref="i256"/><RisingAttribute z:Ref="i255"/></URDFElement><URDFElement z:Id="i257" i:type="Dynamics"><Attributes><Attribute z:Id="i258"><AttributeType>damping</AttributeType><IsRequired>false</IsRequired><Value i:nil="true"/></Attribute><Attribute z:Id="i259"><AttributeType>friction</AttributeType><IsRequired>false</IsRequired><Value i:nil="true"/></Attribute></Attributes><ChildElements/><ElementName>dynamics</ElementName><required>false</required><DampingAttribute z:Ref="i258"/><FrictionAttribute z:Ref="i259"/></URDFElement><URDFElement z:Id="i260" i:type="SafetyController"><Attributes><Attribute z:Id="i261"><AttributeType>soft_upper_limit</AttributeType><IsRequired>false</IsRequired><Value i:nil="true"/></Attribute><Attribute z:Id="i262"><AttributeType>soft_lower_limit</AttributeType><IsRequired>false</IsRequired><Value i:nil="true"/></Attribute><Attribute z:Id="i263"><AttributeType>k_position</AttributeType><IsRequired>false</IsRequired><Value i:nil="true"/></Attribute><Attribute z:Id="i264"><AttributeType>k_velocity</AttributeType><IsRequired>true</IsRequired><Value i:nil="true"/></Attribute></Attributes><ChildElements/><ElementName>safety_controller</ElementName><required>false</required><KPositionAttribute z:Ref="i263"/><KVelocityAttribute z:Ref="i264"/><SoftLowerAttribute z:Ref="i262"/><SoftUpperAttribute z:Ref="i261"/></URDFElement><URDFElement z:Id="i265" i:type="Mimic"><Attributes><Attribute z:Id="i266"><AttributeType>joint</AttributeType><IsRequired>true</IsRequired><Value i:nil="true"/></Attribute><Attribute z:Id="i267"><AttributeType>multiplier</AttributeType><IsRequired>false</IsRequired><Value i:nil="true"/></Attribute><Attribute z:Id="i268"><AttributeType>offset</AttributeType><IsRequired>false</IsRequired><Value i:nil="true"/></Attribute></Attributes><ChildElements/><ElementName>mimic</ElementName><required>false</required><JointNameAttribute z:Ref="i266"/><MultiplierAttribute z:Ref="i267"/><OffsetAttribute z:Ref="i268"/></URDFElement></ChildElements><ElementName>joint</ElementName><required>false</required><Axis z:Ref="i247"/><AxisName>Automatically Generate</AxisName><Calibration z:Ref="i254"/><Child z:Ref="i245"/><CoordinateSystemName>Automatically Generate</CoordinateSystemName><Dynamics z:Ref="i257"/><Limit z:Ref="i249"/><Mimic z:Ref="i265"/><NameAttribute z:Ref="i238"/><Origin z:Ref="i240"/><Parent z:Ref="i243"/><Safety z:Ref="i260"/><TypeAttribute z:Ref="i239"/></URDFElement></ChildElements><ElementName>link</ElementName><required>true</required><Children><Link z:Id="i269"><Attributes><Attribute z:Id="i270"><AttributeType>name</AttributeType><IsRequired>true</IsRequired><Value i:type="a:string" xmlns:a="http://www.w3.org/2001/XMLSchema">Link_4</Value></Attribute></Attributes><ChildElements><URDFElement z:Id="i271" i:type="Inertial"><Attributes/><ChildElements><URDFElement z:Id="i272" i:type="Origin"><Attributes><Attribute z:Id="i273"><AttributeType>xyz</AttributeType><IsRequired>true</IsRequired><Value i:type="a:ArrayOfdouble" xmlns:a="http://schemas.microsoft.com/2003/10/Serialization/Arrays"><a:double>0</a:double><a:double>0</a:double><a:double>0</a:double></Value></Attribute><Attribute z:Id="i274"><AttributeType>rpy</AttributeType><IsRequired>true</IsRequired><Value i:type="a:ArrayOfdouble" xmlns:a="http://schemas.microsoft.com/2003/10/Serialization/Arrays"><a:double>0</a:double><a:double>0</a:double><a:double>0</a:double></Value></Attribute></Attributes><ChildElements/><ElementName>origin</ElementName><required>false</required><RPYAttribute z:Ref="i274"/><XYZAttribute z:Ref="i273"/><isCustomized>false</isCustomized></URDFElement><URDFElement z:Id="i275" i:type="Mass"><Attributes><Attribute z:Id="i276"><AttributeType>value</AttributeType><IsRequired>true</IsRequired><Value i:type="a:double" xmlns:a="http://www.w3.org/2001/XMLSchema">0</Value></Attribute></Attributes><ChildElements/><ElementName>mass</ElementName><required>false</required><ValueAttribute z:Ref="i276"/></URDFElement><URDFElement z:Id="i277" i:type="Inertia"><Attributes><Attribute z:Id="i278"><AttributeType>ixx</AttributeType><IsRequired>true</IsRequired><Value i:type="a:double" xmlns:a="http://www.w3.org/2001/XMLSchema">0</Value></Attribute><Attribute z:Id="i279"><AttributeType>ixy</AttributeType><IsRequired>true</IsRequired><Value i:type="a:double" xmlns:a="http://www.w3.org/2001/XMLSchema">0</Value></Attribute><Attribute z:Id="i280"><AttributeType>ixz</AttributeType><IsRequired>true</IsRequired><Value i:type="a:double" xmlns:a="http://www.w3.org/2001/XMLSchema">0</Value></Attribute><Attribute z:Id="i281"><AttributeType>iyy</AttributeType><IsRequired>true</IsRequired><Value i:type="a:double" xmlns:a="http://www.w3.org/2001/XMLSchema">0</Value></Attribute><Attribute z:Id="i282"><AttributeType>iyz</AttributeType><IsRequired>true</IsRequired><Value i:type="a:double" xmlns:a="http://www.w3.org/2001/XMLSchema">0</Value></Attribute><Attribute z:Id="i283"><AttributeType>izz</AttributeType><IsRequired>true</IsRequired><Value i:type="a:double" xmlns:a="http://www.w3.org/2001/XMLSchema">0</Value></Attribute></Attributes><ChildElements/><ElementName>inertia</ElementName><required>false</required><IxxAttribute z:Ref="i278"/><IxyAttribute z:Ref="i279"/><IxzAttribute z:Ref="i280"/><IyyAttribute z:Ref="i281"/><IyzAttribute z:Ref="i282"/><IzzAttribute z:Ref="i283"/></URDFElement></ChildElements><ElementName>inertial</ElementName><required>false</required><Inertia z:Ref="i277"/><Mass z:Ref="i275"/><Origin z:Ref="i272"/></URDFElement><URDFElement z:Id="i284" i:type="Visual"><Attributes/><ChildElements><URDFElement z:Id="i285" i:type="Origin"><Attributes><Attribute z:Id="i286"><AttributeType>xyz</AttributeType><IsRequired>true</IsRequired><Value i:type="a:ArrayOfdouble" xmlns:a="http://schemas.microsoft.com/2003/10/Serialization/Arrays"><a:double>0</a:double><a:double>0</a:double><a:double>0</a:double></Value></Attribute><Attribute z:Id="i287"><AttributeType>rpy</AttributeType><IsRequired>true</IsRequired><Value i:type="a:ArrayOfdouble" xmlns:a="http://schemas.microsoft.com/2003/10/Serialization/Arrays"><a:double>0</a:double><a:double>0</a:double><a:double>0</a:double></Value></Attribute></Attributes><ChildElements/><ElementName>origin</ElementName><required>false</required><RPYAttribute z:Ref="i287"/><XYZAttribute z:Ref="i286"/><isCustomized>false</isCustomized></URDFElement><URDFElement z:Id="i288" i:type="Geometry"><Attributes/><ChildElements><URDFElement z:Id="i289" i:type="Mesh"><Attributes><Attribute z:Id="i290"><AttributeType>filename</AttributeType><IsRequired>true</IsRequired><Value i:nil="true"/></Attribute></Attributes><ChildElements/><ElementName>mesh</ElementName><required>false</required><FilenameAttribute z:Ref="i290"/></URDFElement></ChildElements><ElementName>geometry</ElementName><required>true</required><Mesh z:Ref="i289"/></URDFElement><URDFElement z:Id="i291" i:type="Material"><Attributes><Attribute z:Id="i292"><AttributeType>name</AttributeType><IsRequired>true</IsRequired><Value i:type="a:string" xmlns:a="http://www.w3.org/2001/XMLSchema"/></Attribute></Attributes><ChildElements><URDFElement z:Id="i293" i:type="Color"><Attributes><Attribute z:Id="i294"><AttributeType>rgba</AttributeType><IsRequired>true</IsRequired><Value i:type="a:ArrayOfdouble" xmlns:a="http://schemas.microsoft.com/2003/10/Serialization/Arrays"><a:double>1</a:double><a:double>1</a:double><a:double>1</a:double><a:double>1</a:double></Value></Attribute></Attributes><ChildElements/><ElementName>color</ElementName><required>false</required><RGBAAttribute z:Ref="i294"/></URDFElement><URDFElement z:Id="i295" i:type="Texture"><Attributes><Attribute z:Id="i296"><AttributeType>filename</AttributeType><IsRequired>true</IsRequired><Value i:nil="true"/></Attribute></Attributes><ChildElements/><ElementName>texture</ElementName><required>false</required><FilenameAttribute z:Ref="i296"/><wFilename/></URDFElement></ChildElements><ElementName>material</ElementName><required>false</required><Color z:Ref="i293"/><NameAttribute z:Ref="i292"/><Texture z:Ref="i295"/></URDFElement></ChildElements><ElementName>visual</ElementName><required>false</required><Geometry z:Ref="i288"/><Material z:Ref="i291"/><Origin z:Ref="i285"/></URDFElement><URDFElement z:Id="i297" i:type="Collision"><Attributes/><ChildElements><URDFElement z:Id="i298" i:type="Origin"><Attributes><Attribute z:Id="i299"><AttributeType>xyz</AttributeType><IsRequired>true</IsRequired><Value i:type="a:ArrayOfdouble" xmlns:a="http://schemas.microsoft.com/2003/10/Serialization/Arrays"><a:double>0</a:double><a:double>0</a:double><a:double>0</a:double></Value></Attribute><Attribute z:Id="i300"><AttributeType>rpy</AttributeType><IsRequired>true</IsRequired><Value i:type="a:ArrayOfdouble" xmlns:a="http://schemas.microsoft.com/2003/10/Serialization/Arrays"><a:double>0</a:double><a:double>0</a:double><a:double>0</a:double></Value></Attribute></Attributes><ChildElements/><ElementName>origin</ElementName><required>false</required><RPYAttribute z:Ref="i300"/><XYZAttribute z:Ref="i299"/><isCustomized>false</isCustomized></URDFElement><URDFElement z:Id="i301" i:type="Geometry"><Attributes/><ChildElements><URDFElement z:Id="i302" i:type="Mesh"><Attributes><Attribute z:Id="i303"><AttributeType>filename</AttributeType><IsRequired>true</IsRequired><Value i:nil="true"/></Attribute></Attributes><ChildElements/><ElementName>mesh</ElementName><required>false</required><FilenameAttribute z:Ref="i303"/></URDFElement></ChildElements><ElementName>geometry</ElementName><required>true</required><Mesh z:Ref="i302"/></URDFElement></ChildElements><ElementName>collision</ElementName><required>false</required><Geometry z:Ref="i301"/><Origin z:Ref="i298"/></URDFElement><URDFElement z:Id="i304" i:type="Joint"><Attributes><Attribute z:Id="i305"><AttributeType>name</AttributeType><IsRequired>true</IsRequired><Value i:type="a:string" xmlns:a="http://www.w3.org/2001/XMLSchema">joint_4</Value></Attribute><Attribute z:Id="i306"><AttributeType>type</AttributeType><IsRequired>true</IsRequired><Value i:type="a:string" xmlns:a="http://www.w3.org/2001/XMLSchema">Automatically Detect</Value></Attribute></Attributes><ChildElements><URDFElement z:Id="i307" i:type="Origin"><Attributes><Attribute z:Id="i308"><AttributeType>xyz</AttributeType><IsRequired>true</IsRequired><Value i:type="a:ArrayOfdouble" xmlns:a="http://schemas.microsoft.com/2003/10/Serialization/Arrays"><a:double>0</a:double><a:double>0</a:double><a:double>0</a:double></Value></Attribute><Attribute z:Id="i309"><AttributeType>rpy</AttributeType><IsRequired>true</IsRequired><Value i:type="a:ArrayOfdouble" xmlns:a="http://schemas.microsoft.com/2003/10/Serialization/Arrays"><a:double>0</a:double><a:double>0</a:double><a:double>0</a:double></Value></Attribute></Attributes><ChildElements/><ElementName>origin</ElementName><required>false</required><RPYAttribute z:Ref="i309"/><XYZAttribute z:Ref="i308"/><isCustomized>false</isCustomized></URDFElement><URDFElement z:Id="i310" i:type="ParentLink"><Attributes><Attribute z:Id="i311"><AttributeType>link</AttributeType><IsRequired>true</IsRequired><Value i:type="a:string" xmlns:a="http://www.w3.org/2001/XMLSchema"/></Attribute></Attributes><ChildElements/><ElementName>parent</ElementName><required>true</required><NameAttribute z:Ref="i311"/></URDFElement><URDFElement z:Id="i312" i:type="ChildLink"><Attributes><Attribute z:Id="i313"><AttributeType>link</AttributeType><IsRequired>true</IsRequired><Value i:type="a:string" xmlns:a="http://www.w3.org/2001/XMLSchema"/></Attribute></Attributes><ChildElements/><ElementName>child</ElementName><required>true</required><NameAttribute z:Ref="i313"/></URDFElement><URDFElement z:Id="i314" i:type="Axis"><Attributes><Attribute z:Id="i315"><AttributeType>xyz</AttributeType><IsRequired>true</IsRequired><Value i:type="a:ArrayOfdouble" xmlns:a="http://schemas.microsoft.com/2003/10/Serialization/Arrays"><a:double>0</a:double><a:double>0</a:double><a:double>0</a:double></Value></Attribute></Attributes><ChildElements/><ElementName>axis</ElementName><required>false</required><XYZAttribute z:Ref="i315"/></URDFElement><URDFElement z:Id="i316" i:type="Limit"><Attributes><Attribute z:Id="i317"><AttributeType>lower</AttributeType><IsRequired>false</IsRequired><Value i:nil="true"/></Attribute><Attribute z:Id="i318"><AttributeType>upper</AttributeType><IsRequired>false</IsRequired><Value i:nil="true"/></Attribute><Attribute z:Id="i319"><AttributeType>effort</AttributeType><IsRequired>true</IsRequired><Value i:nil="true"/></Attribute><Attribute z:Id="i320"><AttributeType>velocity</AttributeType><IsRequired>true</IsRequired><Value i:nil="true"/></Attribute></Attributes><ChildElements/><ElementName>limit</ElementName><required>false</required><EffortAttribute z:Ref="i319"/><LowerAttribute z:Ref="i317"/><UpperAttribute z:Ref="i318"/><VelocityAttribute z:Ref="i320"/></URDFElement><URDFElement z:Id="i321" i:type="Calibration"><Attributes><Attribute z:Id="i322"><AttributeType>rising</AttributeType><IsRequired>false</IsRequired><Value i:nil="true"/></Attribute><Attribute z:Id="i323"><AttributeType>falling</AttributeType><IsRequired>false</IsRequired><Value i:nil="true"/></Attribute></Attributes><ChildElements/><ElementName>calibration</ElementName><required>false</required><FallingAttribute z:Ref="i323"/><RisingAttribute z:Ref="i322"/></URDFElement><URDFElement z:Id="i324" i:type="Dynamics"><Attributes><Attribute z:Id="i325"><AttributeType>damping</AttributeType><IsRequired>false</IsRequired><Value i:nil="true"/></Attribute><Attribute z:Id="i326"><AttributeType>friction</AttributeType><IsRequired>false</IsRequired><Value i:nil="true"/></Attribute></Attributes><ChildElements/><ElementName>dynamics</ElementName><required>false</required><DampingAttribute z:Ref="i325"/><FrictionAttribute z:Ref="i326"/></URDFElement><URDFElement z:Id="i327" i:type="SafetyController"><Attributes><Attribute z:Id="i328"><AttributeType>soft_upper_limit</AttributeType><IsRequired>false</IsRequired><Value i:nil="true"/></Attribute><Attribute z:Id="i329"><AttributeType>soft_lower_limit</AttributeType><IsRequired>false</IsRequired><Value i:nil="true"/></Attribute><Attribute z:Id="i330"><AttributeType>k_position</AttributeType><IsRequired>false</IsRequired><Value i:nil="true"/></Attribute><Attribute z:Id="i331"><AttributeType>k_velocity</AttributeType><IsRequired>true</IsRequired><Value i:nil="true"/></Attribute></Attributes><ChildElements/><ElementName>safety_controller</ElementName><required>false</required><KPositionAttribute z:Ref="i330"/><KVelocityAttribute z:Ref="i331"/><SoftLowerAttribute z:Ref="i329"/><SoftUpperAttribute z:Ref="i328"/></URDFElement><URDFElement z:Id="i332" i:type="Mimic"><Attributes><Attribute z:Id="i333"><AttributeType>joint</AttributeType><IsRequired>true</IsRequired><Value i:nil="true"/></Attribute><Attribute z:Id="i334"><AttributeType>multiplier</AttributeType><IsRequired>false</IsRequired><Value i:nil="true"/></Attribute><Attribute z:Id="i335"><AttributeType>offset</AttributeType><IsRequired>false</IsRequired><Value i:nil="true"/></Attribute></Attributes><ChildElements/><ElementName>mimic</ElementName><required>false</required><JointNameAttribute z:Ref="i333"/><MultiplierAttribute z:Ref="i334"/><OffsetAttribute z:Ref="i335"/></URDFElement></ChildElements><ElementName>joint</ElementName><required>false</required><Axis z:Ref="i314"/><AxisName>Automatically Generate</AxisName><Calibration z:Ref="i321"/><Child z:Ref="i312"/><CoordinateSystemName>Automatically Generate</CoordinateSystemName><Dynamics z:Ref="i324"/><Limit z:Ref="i316"/><Mimic z:Ref="i332"/><NameAttribute z:Ref="i305"/><Origin z:Ref="i307"/><Parent z:Ref="i310"/><Safety z:Ref="i327"/><TypeAttribute z:Ref="i306"/></URDFElement></ChildElements><ElementName>link</ElementName><required>true</required><Children><Link z:Id="i336"><Attributes><Attribute z:Id="i337"><AttributeType>name</AttributeType><IsRequired>true</IsRequired><Value i:type="a:string" xmlns:a="http://www.w3.org/2001/XMLSchema">grab</Value></Attribute></Attributes><ChildElements><URDFElement z:Id="i338" i:type="Inertial"><Attributes/><ChildElements><URDFElement z:Id="i339" i:type="Origin"><Attributes><Attribute z:Id="i340"><AttributeType>xyz</AttributeType><IsRequired>true</IsRequired><Value i:type="a:ArrayOfdouble" xmlns:a="http://schemas.microsoft.com/2003/10/Serialization/Arrays"><a:double>0</a:double><a:double>0</a:double><a:double>0</a:double></Value></Attribute><Attribute z:Id="i341"><AttributeType>rpy</AttributeType><IsRequired>true</IsRequired><Value i:type="a:ArrayOfdouble" xmlns:a="http://schemas.microsoft.com/2003/10/Serialization/Arrays"><a:double>0</a:double><a:double>0</a:double><a:double>0</a:double></Value></Attribute></Attributes><ChildElements/><ElementName>origin</ElementName><required>false</required><RPYAttribute z:Ref="i341"/><XYZAttribute z:Ref="i340"/><isCustomized>false</isCustomized></URDFElement><URDFElement z:Id="i342" i:type="Mass"><Attributes><Attribute z:Id="i343"><AttributeType>value</AttributeType><IsRequired>true</IsRequired><Value i:type="a:double" xmlns:a="http://www.w3.org/2001/XMLSchema">0</Value></Attribute></Attributes><ChildElements/><ElementName>mass</ElementName><required>false</required><ValueAttribute z:Ref="i343"/></URDFElement><URDFElement z:Id="i344" i:type="Inertia"><Attributes><Attribute z:Id="i345"><AttributeType>ixx</AttributeType><IsRequired>true</IsRequired><Value i:type="a:double" xmlns:a="http://www.w3.org/2001/XMLSchema">0</Value></Attribute><Attribute z:Id="i346"><AttributeType>ixy</AttributeType><IsRequired>true</IsRequired><Value i:type="a:double" xmlns:a="http://www.w3.org/2001/XMLSchema">0</Value></Attribute><Attribute z:Id="i347"><AttributeType>ixz</AttributeType><IsRequired>true</IsRequired><Value i:type="a:double" xmlns:a="http://www.w3.org/2001/XMLSchema">0</Value></Attribute><Attribute z:Id="i348"><AttributeType>iyy</AttributeType><IsRequired>true</IsRequired><Value i:type="a:double" xmlns:a="http://www.w3.org/2001/XMLSchema">0</Value></Attribute><Attribute z:Id="i349"><AttributeType>iyz</AttributeType><IsRequired>true</IsRequired><Value i:type="a:double" xmlns:a="http://www.w3.org/2001/XMLSchema">0</Value></Attribute><Attribute z:Id="i350"><AttributeType>izz</AttributeType><IsRequired>true</IsRequired><Value i:type="a:double" xmlns:a="http://www.w3.org/2001/XMLSchema">0</Value></Attribute></Attributes><ChildElements/><ElementName>inertia</ElementName><required>false</required><IxxAttribute z:Ref="i345"/><IxyAttribute z:Ref="i346"/><IxzAttribute z:Ref="i347"/><IyyAttribute z:Ref="i348"/><IyzAttribute z:Ref="i349"/><IzzAttribute z:Ref="i350"/></URDFElement></ChildElements><ElementName>inertial</ElementName><required>false</required><Inertia z:Ref="i344"/><Mass z:Ref="i342"/><Origin z:Ref="i339"/></URDFElement><URDFElement z:Id="i351" i:type="Visual"><Attributes/><ChildElements><URDFElement z:Id="i352" i:type="Origin"><Attributes><Attribute z:Id="i353"><AttributeType>xyz</AttributeType><IsRequired>true</IsRequired><Value i:type="a:ArrayOfdouble" xmlns:a="http://schemas.microsoft.com/2003/10/Serialization/Arrays"><a:double>0</a:double><a:double>0</a:double><a:double>0</a:double></Value></Attribute><Attribute z:Id="i354"><AttributeType>rpy</AttributeType><IsRequired>true</IsRequired><Value i:type="a:ArrayOfdouble" xmlns:a="http://schemas.microsoft.com/2003/10/Serialization/Arrays"><a:double>0</a:double><a:double>0</a:double><a:double>0</a:double></Value></Attribute></Attributes><ChildElements/><ElementName>origin</ElementName><required>false</required><RPYAttribute z:Ref="i354"/><XYZAttribute z:Ref="i353"/><isCustomized>false</isCustomized></URDFElement><URDFElement z:Id="i355" i:type="Geometry"><Attributes/><ChildElements><URDFElement z:Id="i356" i:type="Mesh"><Attributes><Attribute z:Id="i357"><AttributeType>filename</AttributeType><IsRequired>true</IsRequired><Value i:nil="true"/></Attribute></Attributes><ChildElements/><ElementName>mesh</ElementName><required>false</required><FilenameAttribute z:Ref="i357"/></URDFElement></ChildElements><ElementName>geometry</ElementName><required>true</required><Mesh z:Ref="i356"/></URDFElement><URDFElement z:Id="i358" i:type="Material"><Attributes><Attribute z:Id="i359"><AttributeType>name</AttributeType><IsRequired>true</IsRequired><Value i:type="a:string" xmlns:a="http://www.w3.org/2001/XMLSchema"/></Attribute></Attributes><ChildElements><URDFElement z:Id="i360" i:type="Color"><Attributes><Attribute z:Id="i361"><AttributeType>rgba</AttributeType><IsRequired>true</IsRequired><Value i:type="a:ArrayOfdouble" xmlns:a="http://schemas.microsoft.com/2003/10/Serialization/Arrays"><a:double>1</a:double><a:double>1</a:double><a:double>1</a:double><a:double>1</a:double></Value></Attribute></Attributes><ChildElements/><ElementName>color</ElementName><required>false</required><RGBAAttribute z:Ref="i361"/></URDFElement><URDFElement z:Id="i362" i:type="Texture"><Attributes><Attribute z:Id="i363"><AttributeType>filename</AttributeType><IsRequired>true</IsRequired><Value i:nil="true"/></Attribute></Attributes><ChildElements/><ElementName>texture</ElementName><required>false</required><FilenameAttribute z:Ref="i363"/><wFilename/></URDFElement></ChildElements><ElementName>material</ElementName><required>false</required><Color z:Ref="i360"/><NameAttribute z:Ref="i359"/><Texture z:Ref="i362"/></URDFElement></ChildElements><ElementName>visual</ElementName><required>false</required><Geometry z:Ref="i355"/><Material z:Ref="i358"/><Origin z:Ref="i352"/></URDFElement><URDFElement z:Id="i364" i:type="Collision"><Attributes/><ChildElements><URDFElement z:Id="i365" i:type="Origin"><Attributes><Attribute z:Id="i366"><AttributeType>xyz</AttributeType><IsRequired>true</IsRequired><Value i:type="a:ArrayOfdouble" xmlns:a="http://schemas.microsoft.com/2003/10/Serialization/Arrays"><a:double>0</a:double><a:double>0</a:double><a:double>0</a:double></Value></Attribute><Attribute z:Id="i367"><AttributeType>rpy</AttributeType><IsRequired>true</IsRequired><Value i:type="a:ArrayOfdouble" xmlns:a="http://schemas.microsoft.com/2003/10/Serialization/Arrays"><a:double>0</a:double><a:double>0</a:double><a:double>0</a:double></Value></Attribute></Attributes><ChildElements/><ElementName>origin</ElementName><required>false</required><RPYAttribute z:Ref="i367"/><XYZAttribute z:Ref="i366"/><isCustomized>false</isCustomized></URDFElement><URDFElement z:Id="i368" i:type="Geometry"><Attributes/><ChildElements><URDFElement z:Id="i369" i:type="Mesh"><Attributes><Attribute z:Id="i370"><AttributeType>filename</AttributeType><IsRequired>true</IsRequired><Value i:nil="true"/></Attribute></Attributes><ChildElements/><ElementName>mesh</ElementName><required>false</required><FilenameAttribute z:Ref="i370"/></URDFElement></ChildElements><ElementName>geometry</ElementName><required>true</required><Mesh z:Ref="i369"/></URDFElement></ChildElements><ElementName>collision</ElementName><required>false</required><Geometry z:Ref="i368"/><Origin z:Ref="i365"/></URDFElement><URDFElement z:Id="i371" i:type="Joint"><Attributes><Attribute z:Id="i372"><AttributeType>name</AttributeType><IsRequired>true</IsRequired><Value i:type="a:string" xmlns:a="http://www.w3.org/2001/XMLSchema">joint_5</Value></Attribute><Attribute z:Id="i373"><AttributeType>type</AttributeType><IsRequired>true</IsRequired><Value i:type="a:string" xmlns:a="http://www.w3.org/2001/XMLSchema">Automatically Detect</Value></Attribute></Attributes><ChildElements><URDFElement z:Id="i374" i:type="Origin"><Attributes><Attribute z:Id="i375"><AttributeType>xyz</AttributeType><IsRequired>true</IsRequired><Value i:type="a:ArrayOfdouble" xmlns:a="http://schemas.microsoft.com/2003/10/Serialization/Arrays"><a:double>0</a:double><a:double>0</a:double><a:double>0</a:double></Value></Attribute><Attribute z:Id="i376"><AttributeType>rpy</AttributeType><IsRequired>true</IsRequired><Value i:type="a:ArrayOfdouble" xmlns:a="http://schemas.microsoft.com/2003/10/Serialization/Arrays"><a:double>0</a:double><a:double>0</a:double><a:double>0</a:double></Value></Attribute></Attributes><ChildElements/><ElementName>origin</ElementName><required>false</required><RPYAttribute z:Ref="i376"/><XYZAttribute z:Ref="i375"/><isCustomized>false</isCustomized></URDFElement><URDFElement z:Id="i377" i:type="ParentLink"><Attributes><Attribute z:Id="i378"><AttributeType>link</AttributeType><IsRequired>true</IsRequired><Value i:type="a:string" xmlns:a="http://www.w3.org/2001/XMLSchema"/></Attribute></Attributes><ChildElements/><ElementName>parent</ElementName><required>true</required><NameAttribute z:Ref="i378"/></URDFElement><URDFElement z:Id="i379" i:type="ChildLink"><Attributes><Attribute z:Id="i380"><AttributeType>link</AttributeType><IsRequired>true</IsRequired><Value i:type="a:string" xmlns:a="http://www.w3.org/2001/XMLSchema"/></Attribute></Attributes><ChildElements/><ElementName>child</ElementName><required>true</required><NameAttribute z:Ref="i380"/></URDFElement><URDFElement z:Id="i381" i:type="Axis"><Attributes><Attribute z:Id="i382"><AttributeType>xyz</AttributeType><IsRequired>true</IsRequired><Value i:type="a:ArrayOfdouble" xmlns:a="http://schemas.microsoft.com/2003/10/Serialization/Arrays"><a:double>0</a:double><a:double>0</a:double><a:double>0</a:double></Value></Attribute></Attributes><ChildElements/><ElementName>axis</ElementName><required>false</required><XYZAttribute z:Ref="i382"/></URDFElement><URDFElement z:Id="i383" i:type="Limit"><Attributes><Attribute z:Id="i384"><AttributeType>lower</AttributeType><IsRequired>false</IsRequired><Value i:nil="true"/></Attribute><Attribute z:Id="i385"><AttributeType>upper</AttributeType><IsRequired>false</IsRequired><Value i:nil="true"/></Attribute><Attribute z:Id="i386"><AttributeType>effort</AttributeType><IsRequired>true</IsRequired><Value i:nil="true"/></Attribute><Attribute z:Id="i387"><AttributeType>velocity</AttributeType><IsRequired>true</IsRequired><Value i:nil="true"/></Attribute></Attributes><ChildElements/><ElementName>limit</ElementName><required>false</required><EffortAttribute z:Ref="i386"/><LowerAttribute z:Ref="i384"/><UpperAttribute z:Ref="i385"/><VelocityAttribute z:Ref="i387"/></URDFElement><URDFElement z:Id="i388" i:type="Calibration"><Attributes><Attribute z:Id="i389"><AttributeType>rising</AttributeType><IsRequired>false</IsRequired><Value i:nil="true"/></Attribute><Attribute z:Id="i390"><AttributeType>falling</AttributeType><IsRequired>false</IsRequired><Value i:nil="true"/></Attribute></Attributes><ChildElements/><ElementName>calibration</ElementName><required>false</required><FallingAttribute z:Ref="i390"/><RisingAttribute z:Ref="i389"/></URDFElement><URDFElement z:Id="i391" i:type="Dynamics"><Attributes><Attribute z:Id="i392"><AttributeType>damping</AttributeType><IsRequired>false</IsRequired><Value i:nil="true"/></Attribute><Attribute z:Id="i393"><AttributeType>friction</AttributeType><IsRequired>false</IsRequired><Value i:nil="true"/></Attribute></Attributes><ChildElements/><ElementName>dynamics</ElementName><required>false</required><DampingAttribute z:Ref="i392"/><FrictionAttribute z:Ref="i393"/></URDFElement><URDFElement z:Id="i394" i:type="SafetyController"><Attributes><Attribute z:Id="i395"><AttributeType>soft_upper_limit</AttributeType><IsRequired>false</IsRequired><Value i:nil="true"/></Attribute><Attribute z:Id="i396"><AttributeType>soft_lower_limit</AttributeType><IsRequired>false</IsRequired><Value i:nil="true"/></Attribute><Attribute z:Id="i397"><AttributeType>k_position</AttributeType><IsRequired>false</IsRequired><Value i:nil="true"/></Attribute><Attribute z:Id="i398"><AttributeType>k_velocity</AttributeType><IsRequired>true</IsRequired><Value i:nil="true"/></Attribute></Attributes><ChildElements/><ElementName>safety_controller</ElementName><required>false</required><KPositionAttribute z:Ref="i397"/><KVelocityAttribute z:Ref="i398"/><SoftLowerAttribute z:Ref="i396"/><SoftUpperAttribute z:Ref="i395"/></URDFElement><URDFElement z:Id="i399" i:type="Mimic"><Attributes><Attribute z:Id="i400"><AttributeType>joint</AttributeType><IsRequired>true</IsRequired><Value i:nil="true"/></Attribute><Attribute z:Id="i401"><AttributeType>multiplier</AttributeType><IsRequired>false</IsRequired><Value i:nil="true"/></Attribute><Attribute z:Id="i402"><AttributeType>offset</AttributeType><IsRequired>false</IsRequired><Value i:nil="true"/></Attribute></Attributes><ChildElements/><ElementName>mimic</ElementName><required>false</required><JointNameAttribute z:Ref="i400"/><MultiplierAttribute z:Ref="i401"/><OffsetAttribute z:Ref="i402"/></URDFElement></ChildElements><ElementName>joint</ElementName><required>false</required><Axis z:Ref="i381"/><AxisName>Automatically Generate</AxisName><Calibration z:Ref="i388"/><Child z:Ref="i379"/><CoordinateSystemName>Automatically Generate</CoordinateSystemName><Dynamics z:Ref="i391"/><Limit z:Ref="i383"/><Mimic z:Ref="i399"/><NameAttribute z:Ref="i372"/><Origin z:Ref="i374"/><Parent z:Ref="i377"/><Safety z:Ref="i394"/><TypeAttribute z:Ref="i373"/></URDFElement></ChildElements><ElementName>link</ElementName><required>true</required><Children/><Collision z:Ref="i364"/><Inertial z:Ref="i338"/><Joint z:Ref="i371"/><NameAttribute z:Ref="i337"/><Parent z:Ref="i269"/><STLQualityFine>false</STLQualityFine><SWComponentPIDs xmlns:a="http://schemas.microsoft.com/2003/10/Serialization/Arrays"><a:base64Binary>mDoAAAUAAAD//v8gZwAgADEALgBTAFQARQBQAC0AMQBAAHIAbwBiAG8AdABpAGMAIABhAHIAbQAgAG0AaQBuAGUALgBTAFQARQBQAAQAAAAQAAAAAQAAAAEAAAAyAAAA</a:base64Binary><a:base64Binary>mDoAAAUAAAD//v8gZwAgADIALgBTAFQARQBQAC0AMgBAAHIAbwBiAG8AdABpAGMAIABhAHIAbQAgAG0AaQBuAGUALgBTAFQARQBQAAQAAAAQAAAAAQAAAAEAAAA3AAAA</a:base64Binary><a:base64Binary>mDoAAAUAAAD//v8gZwAgADIALgBTAFQARQBQAC0AMQBAAHIAbwBiAG8AdABpAGMAIABhAHIAbQAgAG0AaQBuAGUALgBTAFQARQBQAAQAAAAQAAAAAQAAAAEAAAAzAAAA</a:base64Binary><a:base64Binary>mDoAAAUAAAD//v8fZwA1AC4AUwBUAEUAUAAtADMAQAByAG8AYgBvAHQAaQBjACAAYQByAG0AIABtAGkAbgBlAC4AUwBUAEUAUAAEAAAAEAAAAAEAAAABAAAAOgAAAA==</a:base64Binary><a:base64Binary>mDoAAAUAAAD//v8gZwAgADMALgBTAFQARQBQAC0ANQBAAHIAbwBiAG8AdABpAGMAIABhAHIAbQAgAG0AaQBuAGUALgBTAFQARQBQAAQAAAAQAAAAAQAAAAEAAAA+AAAA</a:base64Binary><a:base64Binary>mDoAAAUAAAD//v8gZwAgADMALgBTAFQARQBQAC0AMQBAAHIAbwBiAG8AdABpAGMAIABhAHIAbQAgAG0AaQBuAGUALgBTAFQARQBQAAQAAAAQAAAAAQAAAAEAAAA0AAAA</a:base64Binary><a:base64Binary>mDoAAAUAAAD//v8gZwAgADMALgBTAFQARQBQAC0AMgBAAHIAbwBiAG8AdABpAGMAIABhAHIAbQAgAG0AaQBuAGUALgBTAFQARQBQAAQAAAAQAAAAAQAAAAEAAAA4AAAA</a:base64Binary><a:base64Binary>mDoAAAUAAAD//v8fZwA1AC4AUwBUAEUAUAAtADQAQAByAG8AYgBvAHQAaQBjACAAYQByAG0AIABtAGkAbgBlAC4AUwBUAEUAUAAEAAAAEAAAAAEAAAABAAAAOwAAAA==</a:base64Binary><a:base64Binary>mDoAAAUAAAD//v8gZwAgADMALgBTAFQARQBQAC0AMwBAAHIAbwBiAG8AdABpAGMAIABhAHIAbQAgAG0AaQBuAGUALgBTAFQARQBQAAQAAAAQAAAAAQAAAAEAAAA8AAAA</a:base64Binary><a:base64Binary>mDoAAAUAAAD//v8fZwA1AC4AUwBUAEUAUAAtADIAQAByAG8AYgBvAHQAaQBjACAAYQByAG0AIABtAGkAbgBlAC4AUwBUAEUAUAAEAAAAEAAAAAEAAAABAAAAOQAAAA==</a:base64Binary><a:base64Binary>mDoAAAUAAAD//v8gZwAgADMALgBTAFQARQBQAC0ANgBAAHIAbwBiAG8AdABpAGMAIABhAHIAbQAgAG0AaQBuAGUALgBTAFQARQBQAAQAAAAQAAAAAQAAAAEAAAA/AAAA</a:base64Binary><a:base64Binary>mDoAAAUAAAD//v8fZwA1AC4AUwBUAEUAUAAtADEAQAByAG8AYgBvAHQAaQBjACAAYQByAG0AIABtAGkAbgBlAC4AUwBUAEUAUAAEAAAAEAAAAAEAAAABAAAANQAAAA==</a:base64Binary><a:base64Binary>mDoAAAUAAAD//v8gZwAgADMALgBTAFQARQBQAC0ANABAAHIAbwBiAG8AdABpAGMAIABhAHIAbQAgAG0AaQBuAGUALgBTAFQARQBQAAQAAAAQAAAAAQAAAAEAAAA9AAAA</a:base64Binary></SWComponentPIDs><SWMainComponentPID i:nil="true"/><Visual z:Ref="i351"/><isFixedFrame>false</isFixedFrame><isIncomplete>false</isIncomplete></Link></Children><Collision z:Ref="i297"/><Inertial z:Ref="i271"/><Joint z:Ref="i304"/><NameAttribute z:Ref="i270"/><Parent z:Ref="i202"/><STLQualityFine>false</STLQualityFine><SWComponentPIDs xmlns:a="http://schemas.microsoft.com/2003/10/Serialization/Arrays"><a:base64Binary>mDoAAAUAAAD//v8nUwBIAE8AUgBUACAAUwBJAEQARQAuAFMAVABFAFAALQAyAEAAcgBvAGIAbwB0AGkAYwAgAGEAcgBtACAAbQBpAG4AZQAuAFMAVABFAFAABAAAABAAAAABAAAAAQAAAB0AAAA=</a:base64Binary><a:base64Binary>mDoAAAUAAAD//v8ocwBlAHIAdgBvACAAbQBvAHQAbwByAC4AUwBUAEUAUAAtADEAQAByAG8AYgBvAHQAaQBjACAAYQByAG0AIABtAGkAbgBlAC4AUwBUAEUAUAAEAAAAEAAAAAEAAAABAAAAJAAAAA==</a:base64Binary><a:base64Binary>mDoAAAUAAAD//v8gNgAuADIALgBTAFQARQBQAC0AMQBAAHIAbwBiAG8AdABpAGMAIABhAHIAbQAgAG0AaQBuAGUALgBTAFQARQBQAAQAAAAQAAAAAQAAAAEAAAAjAAAA</a:base64Binary><a:base64Binary>mDoAAAUAAAD//v8fZwA2AC4AUwBUAEUAUAAtADEAQAByAG8AYgBvAHQAaQBjACAAYQByAG0AIABtAGkAbgBlAC4AUwBUAEUAUAAEAAAAEAAAAAEAAAABAAAANgAAAA==</a:base64Binary></SWComponentPIDs><SWMainComponentPID i:nil="true"/><Visual z:Ref="i284"/><isFixedFrame>false</isFixedFrame><isIncomplete>false</isIncomplete></Link></Children><Collision z:Ref="i230"/><Inertial z:Ref="i204"/><Joint z:Ref="i237"/><NameAttribute z:Ref="i203"/><Parent z:Ref="i135"/><STLQualityFine>false</STLQualityFine><SWComponentPIDs xmlns:a="http://schemas.microsoft.com/2003/10/Serialization/Arrays"><a:base64Binary>mDoAAAUAAAD//v8fMQAzAC4AUwBUAEUAUAAtADEAQAByAG8AYgBvAHQAaQBjACAAYQByAG0AIABtAGkAbgBlAC4AUwBUAEUAUAAEAAAAEAAAAAEAAAABAAAAIgAAAA==</a:base64Binary><a:base64Binary>mDoAAAUAAAD//v8ocwBlAHIAdgBvACAAbQBvAHQAbwByAC4AUwBUAEUAUAAtADIAQAByAG8AYgBvAHQAaQBjACAAYQByAG0AIABtAGkAbgBlAC4AUwBUAEUAUAAEAAAAEAAAAAEAAAABAAAAKgAAAA==</a:base64Binary><a:base64Binary>mDoAAAUAAAD//v8lQgBJAEcAIABTAEkARABFAC4AUwBUAEUAUAAtADMAQAByAG8AYgBvAHQAaQBjACAAYQByAG0AIABtAGkAbgBlAC4AUwBUAEUAUAAEAAAAEAAAAAEAAAABAAAAHAAAAA==</a:base64Binary></SWComponentPIDs><SWMainComponentPID i:nil="true"/><Visual z:Ref="i217"/><isFixedFrame>false</isFixedFrame><isIncomplete>false</isIncomplete></Link></Children><Collision z:Ref="i163"/><Inertial z:Ref="i137"/><Joint z:Ref="i170"/><NameAttribute z:Ref="i136"/><Parent z:Ref="i68"/><STLQualityFine>false</STLQualityFine><SWComponentPIDs xmlns:a="http://schemas.microsoft.com/2003/10/Serialization/Arrays"><a:base64Binary>mDoAAAUAAAD//v8lQgBJAEcAIABTAEkARABFAC4AUwBUAEUAUAAtADEAQAByAG8AYgBvAHQAaQBjACAAYQByAG0AIABtAGkAbgBlAC4AUwBUAEUAUAAEAAAAEAAAAAEAAAABAAAAGQAAAA==</a:base64Binary><a:base64Binary>mDoAAAUAAAD//v8fMQA1AC4AUwBUAEUAUAAtADEAQAByAG8AYgBvAHQAaQBjACAAYQByAG0AIABtAGkAbgBlAC4AUwBUAEUAUAAEAAAAEAAAAAEAAAABAAAAIQAAAA==</a:base64Binary><a:base64Binary>mDoAAAUAAAD//v8lQgBJAEcAIABTAEkARABFAC4AUwBUAEUAUAAtADIAQAByAG8AYgBvAHQAaQBjACAAYQByAG0AIABtAGkAbgBlAC4AUwBUAEUAUAAEAAAAEAAAAAEAAAABAAAAGwAAAA==</a:base64Binary></SWComponentPIDs><SWMainComponentPID i:nil="true"/><Visual z:Ref="i150"/><isFixedFrame>false</isFixedFrame><isIncomplete>false</isIncomplete></Link></Children><Collision z:Ref="i96"/><Inertial z:Ref="i70"/><Joint z:Ref="i103"/><NameAttribute z:Ref="i69"/><Parent z:Ref="i1"/><STLQualityFine>false</STLQualityFine><SWComponentPIDs xmlns:a="http://schemas.microsoft.com/2003/10/Serialization/Arrays"><a:base64Binary>mDoAAAUAAAD//v8nUwBIAE8AUgBUACAAUwBJAEQARQAuAFMAVABFAFAALQAxAEAAcgBvAGIAbwB0AGkAYwAgAGEAcgBtACAAbQBpAG4AZQAuAFMAVABFAFAABAAAABAAAAABAAAAAQAAABoAAAA=</a:base64Binary><a:base64Binary>mDoAAAUAAAD//v8ocwBlAHIAdgBvACAAbQBvAHQAbwByAC4AUwBUAEUAUAAtADMAQAByAG8AYgBvAHQAaQBjACAAYQByAG0AIABtAGkAbgBlAC4AUwBUAEUAUAAEAAAAEAAAAAEAAAABAAAAMAAAAA==</a:base64Binary></SWComponentPIDs><SWMainComponentPID i:nil="true"/><Visual z:Ref="i83"/><isFixedFrame>false</isFixedFrame><isIncomplete>false</isIncomplete></Link></Children><Collision z:Ref="i29"/><Inertial z:Ref="i3"/><Joint z:Ref="i36"/><NameAttribute z:Ref="i2"/><Parent i:nil="true"/><STLQualityFine>false</STLQualityFine><SWComponentPIDs xmlns:a="http://schemas.microsoft.com/2003/10/Serialization/Arrays"><a:base64Binary>mDoAAAUAAAD//v8hcgBvAGwAbAAuAFMAVABFAFAALQAxAEAAcgBvAGIAbwB0AGkAYwAgAGEAcgBtACAAbQBpAG4AZQAuAFMAVABFAFAABAAAABAAAAABAAAAAQAAAEAAAAA=</a:base64Binary><a:base64Binary>mDoAAAUAAAD//v8hbgBhAGkAbAAuAFMAVABFAFAALQAyAEAAcgBvAGIAbwB0AGkAYwAgAGEAcgBtACAAbQBpAG4AZQAuAFMAVABFAFAABAAAABAAAAABAAAAAQAAAEMAAAA=</a:base64Binary><a:base64Binary>mDoAAAUAAAD//v8hbgBhAGkAbAAuAFMAVABFAFAALQAxAEAAcgBvAGIAbwB0AGkAYwAgAGEAcgBtACAAbQBpAG4AZQAuAFMAVABFAFAABAAAABAAAAABAAAAAQAAAEIAAAA=</a:base64Binary><a:base64Binary>mDoAAAUAAAD//v8jcgBvAGwAbAAgADIALgBTAFQARQBQAC0AMQBAAHIAbwBiAG8AdABpAGMAIABhAHIAbQAgAG0AaQBuAGUALgBTAFQARQBQAAQAAAAQAAAAAQAAAAEAAABBAAAA</a:base64Binary><a:base64Binary>mDoAAAUAAAD//v8hbgBhAGkAbAAuAFMAVABFAFAALQAzAEAAcgBvAGIAbwB0AGkAYwAgAGEAcgBtACAAbQBpAG4AZQAuAFMAVABFAFAABAAAABAAAAABAAAAAQAAAEQAAAA=</a:base64Binary><a:base64Binary>mDoAAAUAAAD//v8hbgBhAGkAbAAuAFMAVABFAFAALQA0AEAAcgBvAGIAbwB0AGkAYwAgAGEAcgBtACAAbQBpAG4AZQAuAFMAVABFAFAABAAAABAAAAABAAAAAQAAAEUAAAA=</a:base64Binary><a:base64Binary>mDoAAAUAAAD//v8icwBlAHIAdgBvAC4AUwBUAEUAUAAtADEAQAByAG8AYgBvAHQAaQBjACAAYQByAG0AIABtAGkAbgBlAC4AUwBUAEUAUAAEAAAAEAAAAAEAAAABAAAAHgAAAA==</a:base64Binary></SWComponentPIDs><SWMainComponentPID i:nil="true"/><Visual z:Ref="i16"/><isFixedFrame>false</isFixedFrame><isIncomplete>false</isIncomplete></Link>
2025-12-15 14:43:38,600 INFO  ExportHelperExtension.cs: 347 - Creating joint link_1
2025-12-15 14:43:38,601 INFO  ExportHelperExtension.cs: 1397 - Fixing components for base_link
2025-12-15 14:43:38,601 INFO  ExportHelperExtension.cs: 1402 - Fixing 65
2025-12-15 14:43:38,603 INFO  ExportHelperExtension.cs: 1409 - Component 65 is already fixed
2025-12-15 14:43:38,603 INFO  ExportHelperExtension.cs: 1402 - Fixing 46
2025-12-15 14:43:38,603 INFO  ExportHelperExtension.cs: 1409 - Component 46 is already fixed
2025-12-15 14:43:38,604 INFO  ExportHelperExtension.cs: 1402 - Fixing 31
2025-12-15 14:43:38,605 INFO  ExportHelperExtension.cs: 1409 - Component 31 is already fixed
2025-12-15 14:43:38,605 INFO  ExportHelperExtension.cs: 1402 - Fixing 69
2025-12-15 14:43:38,605 INFO  ExportHelperExtension.cs: 1409 - Component 69 is already fixed
2025-12-15 14:43:38,605 INFO  ExportHelperExtension.cs: 1402 - Fixing 66
2025-12-15 14:43:38,606 INFO  ExportHelperExtension.cs: 1409 - Component 66 is already fixed
2025-12-15 14:43:38,606 INFO  ExportHelperExtension.cs: 1402 - Fixing 30
2025-12-15 14:43:38,606 INFO  ExportHelperExtension.cs: 1409 - Component 30 is already fixed
2025-12-15 14:43:38,606 INFO  ExportHelperExtension.cs: 1402 - Fixing 64
2025-12-15 14:43:38,606 INFO  ExportHelperExtension.cs: 1409 - Component 64 is already fixed
2025-12-15 14:43:38,607 INFO  ExportHelperExtension.cs: 1402 - Fixing 68
2025-12-15 14:43:38,607 INFO  ExportHelperExtension.cs: 1409 - Component 68 is already fixed
2025-12-15 14:43:38,607 INFO  ExportHelperExtension.cs: 1402 - Fixing 67
2025-12-15 14:43:38,607 INFO  ExportHelperExtension.cs: 1409 - Component 67 is already fixed
2025-12-15 14:43:39,132 INFO  ExportHelperExtension.cs: 832 - R1: 0, 0
2025-12-15 14:43:39,133 INFO  ExportHelperExtension.cs: 841 - R2: 0, 0
2025-12-15 14:43:39,133 INFO  ExportHelperExtension.cs: 849 - L1: 0
2025-12-15 14:43:39,133 INFO  ExportHelperExtension.cs: 857 - L2: 0
2025-12-15 14:43:41,635 WARN  ExportHelperExtension.cs: 351 - Creating joint from parent base_link to child link_1 failed
2025-12-15 14:43:41,706 INFO  ExportHelperExtension.cs: 347 - Creating joint link_2
2025-12-15 14:43:41,706 INFO  ExportHelperExtension.cs: 1397 - Fixing components for link_1
2025-12-15 14:43:41,707 INFO  ExportHelperExtension.cs: 1402 - Fixing 26
2025-12-15 14:43:41,707 INFO  ExportHelperExtension.cs: 1409 - Component 26 is already fixed
2025-12-15 14:43:41,707 INFO  ExportHelperExtension.cs: 1402 - Fixing 48
2025-12-15 14:43:41,708 INFO  ExportHelperExtension.cs: 1409 - Component 48 is already fixed
2025-12-15 14:43:41,708 INFO  ExportHelperExtension.cs: 1402 - Fixing 65
2025-12-15 14:43:41,708 INFO  ExportHelperExtension.cs: 1409 - Component 65 is already fixed
2025-12-15 14:43:41,708 INFO  ExportHelperExtension.cs: 1402 - Fixing 46
2025-12-15 14:43:41,708 INFO  ExportHelperExtension.cs: 1409 - Component 46 is already fixed
2025-12-15 14:43:41,708 INFO  ExportHelperExtension.cs: 1402 - Fixing 31
2025-12-15 14:43:41,709 INFO  ExportHelperExtension.cs: 1409 - Component 31 is already fixed
2025-12-15 14:43:41,709 INFO  ExportHelperExtension.cs: 1402 - Fixing 69
2025-12-15 14:43:41,709 INFO  ExportHelperExtension.cs: 1409 - Component 69 is already fixed
2025-12-15 14:43:41,709 INFO  ExportHelperExtension.cs: 1402 - Fixing 66
2025-12-15 14:43:41,710 INFO  ExportHelperExtension.cs: 1409 - Component 66 is already fixed
2025-12-15 14:43:41,710 INFO  ExportHelperExtension.cs: 1402 - Fixing 30
2025-12-15 14:43:41,710 INFO  ExportHelperExtension.cs: 1409 - Component 30 is already fixed
2025-12-15 14:43:41,711 INFO  ExportHelperExtension.cs: 1402 - Fixing 64
2025-12-15 14:43:41,711 INFO  ExportHelperExtension.cs: 1409 - Component 64 is already fixed
2025-12-15 14:43:41,711 INFO  ExportHelperExtension.cs: 1402 - Fixing 68
2025-12-15 14:43:41,711 INFO  ExportHelperExtension.cs: 1409 - Component 68 is already fixed
2025-12-15 14:43:41,711 INFO  ExportHelperExtension.cs: 1402 - Fixing 67
2025-12-15 14:43:41,712 INFO  ExportHelperExtension.cs: 1409 - Component 67 is already fixed
2025-12-15 14:43:42,097 INFO  ExportHelperExtension.cs: 832 - R1: 0, 0
2025-12-15 14:43:42,097 INFO  ExportHelperExtension.cs: 841 - R2: 0, 0
2025-12-15 14:43:42,098 INFO  ExportHelperExtension.cs: 849 - L1: 0
2025-12-15 14:43:42,098 INFO  ExportHelperExtension.cs: 857 - L2: 0
2025-12-15 14:43:43,433 WARN  ExportHelperExtension.cs: 351 - Creating joint from parent link_1 to child link_2 failed
2025-12-15 14:43:43,461 INFO  ExportHelperExtension.cs: 347 - Creating joint link_3
2025-12-15 14:43:43,462 INFO  ExportHelperExtension.cs: 1397 - Fixing components for link_2
2025-12-15 14:43:43,462 INFO  ExportHelperExtension.cs: 1402 - Fixing 25
2025-12-15 14:43:43,462 INFO  ExportHelperExtension.cs: 1409 - Component 25 is already fixed
2025-12-15 14:43:43,462 INFO  ExportHelperExtension.cs: 1402 - Fixing 33
2025-12-15 14:43:43,463 INFO  ExportHelperExtension.cs: 1409 - Component 33 is already fixed
2025-12-15 14:43:43,463 INFO  ExportHelperExtension.cs: 1402 - Fixing 27
2025-12-15 14:43:43,463 INFO  ExportHelperExtension.cs: 1409 - Component 27 is already fixed
2025-12-15 14:43:43,464 INFO  ExportHelperExtension.cs: 1402 - Fixing 26
2025-12-15 14:43:43,464 INFO  ExportHelperExtension.cs: 1409 - Component 26 is already fixed
2025-12-15 14:43:43,464 INFO  ExportHelperExtension.cs: 1402 - Fixing 48
2025-12-15 14:43:43,464 INFO  ExportHelperExtension.cs: 1409 - Component 48 is already fixed
2025-12-15 14:43:43,465 INFO  ExportHelperExtension.cs: 1402 - Fixing 65
2025-12-15 14:43:43,465 INFO  ExportHelperExtension.cs: 1409 - Component 65 is already fixed
2025-12-15 14:43:43,465 INFO  ExportHelperExtension.cs: 1402 - Fixing 46
2025-12-15 14:43:43,465 INFO  ExportHelperExtension.cs: 1409 - Component 46 is already fixed
2025-12-15 14:43:43,466 INFO  ExportHelperExtension.cs: 1402 - Fixing 31
2025-12-15 14:43:43,466 INFO  ExportHelperExtension.cs: 1409 - Component 31 is already fixed
2025-12-15 14:43:43,466 INFO  ExportHelperExtension.cs: 1402 - Fixing 69
2025-12-15 14:43:43,466 INFO  ExportHelperExtension.cs: 1409 - Component 69 is already fixed
2025-12-15 14:43:43,467 INFO  ExportHelperExtension.cs: 1402 - Fixing 66
2025-12-15 14:43:43,467 INFO  ExportHelperExtension.cs: 1409 - Component 66 is already fixed
2025-12-15 14:43:43,467 INFO  ExportHelperExtension.cs: 1402 - Fixing 30
2025-12-15 14:43:43,467 INFO  ExportHelperExtension.cs: 1409 - Component 30 is already fixed
2025-12-15 14:43:43,468 INFO  ExportHelperExtension.cs: 1402 - Fixing 64
2025-12-15 14:43:43,468 INFO  ExportHelperExtension.cs: 1409 - Component 64 is already fixed
2025-12-15 14:43:43,468 INFO  ExportHelperExtension.cs: 1402 - Fixing 68
2025-12-15 14:43:43,468 INFO  ExportHelperExtension.cs: 1409 - Component 68 is already fixed
2025-12-15 14:43:43,468 INFO  ExportHelperExtension.cs: 1402 - Fixing 67
2025-12-15 14:43:43,469 INFO  ExportHelperExtension.cs: 1409 - Component 67 is already fixed
2025-12-15 14:43:43,803 INFO  ExportHelperExtension.cs: 832 - R1: 0, 0
2025-12-15 14:43:43,804 INFO  ExportHelperExtension.cs: 841 - R2: 0, 0
2025-12-15 14:43:43,804 INFO  ExportHelperExtension.cs: 849 - L1: 0
2025-12-15 14:43:43,804 INFO  ExportHelperExtension.cs: 857 - L2: 0
2025-12-15 14:43:45,508 WARN  ExportHelperExtension.cs: 351 - Creating joint from parent link_2 to child link_3 failed
2025-12-15 14:43:45,600 INFO  ExportHelperExtension.cs: 347 - Creating joint Link_4
2025-12-15 14:43:45,601 INFO  ExportHelperExtension.cs: 1397 - Fixing components for link_3
2025-12-15 14:43:45,601 INFO  ExportHelperExtension.cs: 1402 - Fixing 34
2025-12-15 14:43:45,601 INFO  ExportHelperExtension.cs: 1409 - Component 34 is already fixed
2025-12-15 14:43:45,602 INFO  ExportHelperExtension.cs: 1402 - Fixing 42
2025-12-15 14:43:45,602 INFO  ExportHelperExtension.cs: 1409 - Component 42 is already fixed
2025-12-15 14:43:45,603 INFO  ExportHelperExtension.cs: 1402 - Fixing 28
2025-12-15 14:43:45,603 INFO  ExportHelperExtension.cs: 1409 - Component 28 is already fixed
2025-12-15 14:43:45,603 INFO  ExportHelperExtension.cs: 1402 - Fixing 25
2025-12-15 14:43:45,604 INFO  ExportHelperExtension.cs: 1409 - Component 25 is already fixed
2025-12-15 14:43:45,604 INFO  ExportHelperExtension.cs: 1402 - Fixing 33
2025-12-15 14:43:45,604 INFO  ExportHelperExtension.cs: 1409 - Component 33 is already fixed
2025-12-15 14:43:45,605 INFO  ExportHelperExtension.cs: 1402 - Fixing 27
2025-12-15 14:43:45,605 INFO  ExportHelperExtension.cs: 1409 - Component 27 is already fixed
2025-12-15 14:43:45,605 INFO  ExportHelperExtension.cs: 1402 - Fixing 26
2025-12-15 14:43:45,605 INFO  ExportHelperExtension.cs: 1409 - Component 26 is already fixed
2025-12-15 14:43:45,605 INFO  ExportHelperExtension.cs: 1402 - Fixing 48
2025-12-15 14:43:45,606 INFO  ExportHelperExtension.cs: 1409 - Component 48 is already fixed
2025-12-15 14:43:45,606 INFO  ExportHelperExtension.cs: 1402 - Fixing 65
2025-12-15 14:43:45,606 INFO  ExportHelperExtension.cs: 1409 - Component 65 is already fixed
2025-12-15 14:43:45,607 INFO  ExportHelperExtension.cs: 1402 - Fixing 46
2025-12-15 14:43:45,607 INFO  ExportHelperExtension.cs: 1409 - Component 46 is already fixed
2025-12-15 14:43:45,607 INFO  ExportHelperExtension.cs: 1402 - Fixing 31
2025-12-15 14:43:45,607 INFO  ExportHelperExtension.cs: 1409 - Component 31 is already fixed
2025-12-15 14:43:45,608 INFO  ExportHelperExtension.cs: 1402 - Fixing 69
2025-12-15 14:43:45,608 INFO  ExportHelperExtension.cs: 1409 - Component 69 is already fixed
2025-12-15 14:43:45,608 INFO  ExportHelperExtension.cs: 1402 - Fixing 66
2025-12-15 14:43:45,608 INFO  ExportHelperExtension.cs: 1409 - Component 66 is already fixed
2025-12-15 14:43:45,609 INFO  ExportHelperExtension.cs: 1402 - Fixing 30
2025-12-15 14:43:45,609 INFO  ExportHelperExtension.cs: 1409 - Component 30 is already fixed
2025-12-15 14:43:45,610 INFO  ExportHelperExtension.cs: 1402 - Fixing 64
2025-12-15 14:43:45,610 INFO  ExportHelperExtension.cs: 1409 - Component 64 is already fixed
2025-12-15 14:43:45,610 INFO  ExportHelperExtension.cs: 1402 - Fixing 68
2025-12-15 14:43:45,610 INFO  ExportHelperExtension.cs: 1409 - Component 68 is already fixed
2025-12-15 14:43:45,611 INFO  ExportHelperExtension.cs: 1402 - Fixing 67
2025-12-15 14:43:45,611 INFO  ExportHelperExtension.cs: 1409 - Component 67 is already fixed
2025-12-15 14:43:46,238 INFO  ExportHelperExtension.cs: 832 - R1: 0, 0
2025-12-15 14:43:46,239 INFO  ExportHelperExtension.cs: 841 - R2: 0, 0
2025-12-15 14:43:46,239 INFO  ExportHelperExtension.cs: 849 - L1: 0
2025-12-15 14:43:46,239 INFO  ExportHelperExtension.cs: 857 - L2: 0
2025-12-15 14:43:48,344 WARN  ExportHelperExtension.cs: 351 - Creating joint from parent link_3 to child Link_4 failed
2025-12-15 14:43:48,449 INFO  ExportHelperExtension.cs: 347 - Creating joint grab
2025-12-15 14:43:48,449 INFO  ExportHelperExtension.cs: 1397 - Fixing components for Link_4
2025-12-15 14:43:48,451 INFO  ExportHelperExtension.cs: 1402 - Fixing 29
2025-12-15 14:43:48,451 INFO  ExportHelperExtension.cs: 1409 - Component 29 is already fixed
2025-12-15 14:43:48,451 INFO  ExportHelperExtension.cs: 1402 - Fixing 36
2025-12-15 14:43:48,452 INFO  ExportHelperExtension.cs: 1409 - Component 36 is already fixed
2025-12-15 14:43:48,452 INFO  ExportHelperExtension.cs: 1402 - Fixing 35
2025-12-15 14:43:48,452 INFO  ExportHelperExtension.cs: 1409 - Component 35 is already fixed
2025-12-15 14:43:48,453 INFO  ExportHelperExtension.cs: 1402 - Fixing 54
2025-12-15 14:43:48,453 INFO  ExportHelperExtension.cs: 1409 - Component 54 is already fixed
2025-12-15 14:43:48,453 INFO  ExportHelperExtension.cs: 1402 - Fixing 34
2025-12-15 14:43:48,454 INFO  ExportHelperExtension.cs: 1409 - Component 34 is already fixed
2025-12-15 14:43:48,454 INFO  ExportHelperExtension.cs: 1402 - Fixing 42
2025-12-15 14:43:48,454 INFO  ExportHelperExtension.cs: 1409 - Component 42 is already fixed
2025-12-15 14:43:48,454 INFO  ExportHelperExtension.cs: 1402 - Fixing 28
2025-12-15 14:43:48,455 INFO  ExportHelperExtension.cs: 1409 - Component 28 is already fixed
2025-12-15 14:43:48,455 INFO  ExportHelperExtension.cs: 1402 - Fixing 25
2025-12-15 14:43:48,455 INFO  ExportHelperExtension.cs: 1409 - Component 25 is already fixed
2025-12-15 14:43:48,455 INFO  ExportHelperExtension.cs: 1402 - Fixing 33
2025-12-15 14:43:48,456 INFO  ExportHelperExtension.cs: 1409 - Component 33 is already fixed
2025-12-15 14:43:48,456 INFO  ExportHelperExtension.cs: 1402 - Fixing 27
2025-12-15 14:43:48,456 INFO  ExportHelperExtension.cs: 1409 - Component 27 is already fixed
2025-12-15 14:43:48,456 INFO  ExportHelperExtension.cs: 1402 - Fixing 26
2025-12-15 14:43:48,456 INFO  ExportHelperExtension.cs: 1409 - Component 26 is already fixed
2025-12-15 14:43:48,457 INFO  ExportHelperExtension.cs: 1402 - Fixing 48
2025-12-15 14:43:48,457 INFO  ExportHelperExtension.cs: 1409 - Component 48 is already fixed
2025-12-15 14:43:48,457 INFO  ExportHelperExtension.cs: 1402 - Fixing 65
2025-12-15 14:43:48,458 INFO  ExportHelperExtension.cs: 1409 - Component 65 is already fixed
2025-12-15 14:43:48,458 INFO  ExportHelperExtension.cs: 1402 - Fixing 46
2025-12-15 14:43:48,458 INFO  ExportHelperExtension.cs: 1409 - Component 46 is already fixed
2025-12-15 14:43:48,458 INFO  ExportHelperExtension.cs: 1402 - Fixing 31
2025-12-15 14:43:48,459 INFO  ExportHelperExtension.cs: 1409 - Component 31 is already fixed
2025-12-15 14:43:48,459 INFO  ExportHelperExtension.cs: 1402 - Fixing 69
2025-12-15 14:43:48,459 INFO  ExportHelperExtension.cs: 1409 - Component 69 is already fixed
2025-12-15 14:43:48,463 INFO  ExportHelperExtension.cs: 1402 - Fixing 66
2025-12-15 14:43:48,463 INFO  ExportHelperExtension.cs: 1409 - Component 66 is already fixed
2025-12-15 14:43:48,464 INFO  ExportHelperExtension.cs: 1402 - Fixing 30
2025-12-15 14:43:48,464 INFO  ExportHelperExtension.cs: 1409 - Component 30 is already fixed
2025-12-15 14:43:48,464 INFO  ExportHelperExtension.cs: 1402 - Fixing 64
2025-12-15 14:43:48,464 INFO  ExportHelperExtension.cs: 1409 - Component 64 is already fixed
2025-12-15 14:43:48,465 INFO  ExportHelperExtension.cs: 1402 - Fixing 68
2025-12-15 14:43:48,465 INFO  ExportHelperExtension.cs: 1409 - Component 68 is already fixed
2025-12-15 14:43:48,465 INFO  ExportHelperExtension.cs: 1402 - Fixing 67
2025-12-15 14:43:48,465 INFO  ExportHelperExtension.cs: 1409 - Component 67 is already fixed
2025-12-15 14:43:49,675 INFO  ExportHelperExtension.cs: 832 - R1: 0, 0
2025-12-15 14:43:49,675 INFO  ExportHelperExtension.cs: 841 - R2: 0, 0
2025-12-15 14:43:49,675 INFO  ExportHelperExtension.cs: 849 - L1: 0
2025-12-15 14:43:49,675 INFO  ExportHelperExtension.cs: 857 - L2: 0
2025-12-15 14:43:51,318 WARN  ExportHelperExtension.cs: 351 - Creating joint from parent Link_4 to child grab failed
2025-12-15 14:43:51,532 INFO  ExportHelperExtension.cs: 1125 - Retrieving features of type [CoordSys] from robotic arm mine.STEP.SLDASM
2025-12-15 14:43:51,535 INFO  ExportHelperExtension.cs: 1136 - Found 84 in robotic arm mine.STEP.SLDASM
2025-12-15 14:43:51,535 INFO  ExportHelperExtension.cs: 1145 - Found 11 features of type [CoordSys] in robotic arm mine.STEP.SLDASM
2025-12-15 14:43:51,536 INFO  ExportHelperExtension.cs: 1148 - Proceeding through assembly components
2025-12-15 14:43:51,536 INFO  ExportHelperExtension.cs: 1160 - 48 components to check
2025-12-15 14:43:51,536 INFO  ExportHelperExtension.cs: 1125 - Retrieving features of type [CoordSys] from SHORT SIDE.STEP-2
2025-12-15 14:43:51,536 INFO  ExportHelperExtension.cs: 1136 - Found 40 in SHORT SIDE.STEP-2
2025-12-15 14:43:51,538 INFO  ExportHelperExtension.cs: 1145 - Found 0 features of type [CoordSys] in SHORT SIDE.STEP-2
2025-12-15 14:43:51,538 INFO  ExportHelperExtension.cs: 1125 - Retrieving features of type [CoordSys] from SHORT SIDE.STEP-1
2025-12-15 14:43:51,538 INFO  ExportHelperExtension.cs: 1136 - Found 40 in SHORT SIDE.STEP-1
2025-12-15 14:43:51,538 INFO  ExportHelperExtension.cs: 1145 - Found 0 features of type [CoordSys] in SHORT SIDE.STEP-1
2025-12-15 14:43:51,538 INFO  ExportHelperExtension.cs: 1125 - Retrieving features of type [CoordSys] from Carttt.STEP-1
2025-12-15 14:43:51,539 INFO  ExportHelperExtension.cs: 1136 - Found 40 in Carttt.STEP-1
2025-12-15 14:43:51,539 INFO  ExportHelperExtension.cs: 1145 - Found 0 features of type [CoordSys] in Carttt.STEP-1
2025-12-15 14:43:51,539 INFO  ExportHelperExtension.cs: 1125 - Retrieving features of type [CoordSys] from BIG SIDE.STEP-2
2025-12-15 14:43:51,540 INFO  ExportHelperExtension.cs: 1136 - Found 40 in BIG SIDE.STEP-2
2025-12-15 14:43:51,540 INFO  ExportHelperExtension.cs: 1145 - Found 0 features of type [CoordSys] in BIG SIDE.STEP-2
2025-12-15 14:43:51,540 INFO  ExportHelperExtension.cs: 1125 - Retrieving features of type [CoordSys] from BIG SIDE.STEP-1
2025-12-15 14:43:51,540 INFO  ExportHelperExtension.cs: 1136 - Found 40 in BIG SIDE.STEP-1
2025-12-15 14:43:51,541 INFO  ExportHelperExtension.cs: 1145 - Found 0 features of type [CoordSys] in BIG SIDE.STEP-1
2025-12-15 14:43:51,541 INFO  ExportHelperExtension.cs: 1125 - Retrieving features of type [CoordSys] from BIG SIDE.STEP-3
2025-12-15 14:43:51,541 INFO  ExportHelperExtension.cs: 1136 - Found 40 in BIG SIDE.STEP-3
2025-12-15 14:43:51,541 INFO  ExportHelperExtension.cs: 1145 - Found 0 features of type [CoordSys] in BIG SIDE.STEP-3
2025-12-15 14:43:51,543 INFO  ExportHelperExtension.cs: 1125 - Retrieving features of type [CoordSys] from servo.STEP-1
2025-12-15 14:43:51,543 INFO  ExportHelperExtension.cs: 1136 - Found 40 in servo.STEP-1
2025-12-15 14:43:51,543 INFO  ExportHelperExtension.cs: 1145 - Found 0 features of type [CoordSys] in servo.STEP-1
2025-12-15 14:43:51,544 INFO  ExportHelperExtension.cs: 1125 - Retrieving features of type [CoordSys] from qqqqqqqq.STEP-1
2025-12-15 14:43:51,544 INFO  ExportHelperExtension.cs: 1136 - Found 40 in qqqqqqqq.STEP-1
2025-12-15 14:43:51,544 INFO  ExportHelperExtension.cs: 1145 - Found 0 features of type [CoordSys] in qqqqqqqq.STEP-1
2025-12-15 14:43:51,545 INFO  ExportHelperExtension.cs: 1125 - Retrieving features of type [CoordSys] from 15.STEP-1
2025-12-15 14:43:51,545 INFO  ExportHelperExtension.cs: 1136 - Found 40 in 15.STEP-1
2025-12-15 14:43:51,546 INFO  ExportHelperExtension.cs: 1145 - Found 0 features of type [CoordSys] in 15.STEP-1
2025-12-15 14:43:51,546 INFO  ExportHelperExtension.cs: 1125 - Retrieving features of type [CoordSys] from 13.STEP-1
2025-12-15 14:43:51,546 INFO  ExportHelperExtension.cs: 1136 - Found 40 in 13.STEP-1
2025-12-15 14:43:51,547 INFO  ExportHelperExtension.cs: 1145 - Found 0 features of type [CoordSys] in 13.STEP-1
2025-12-15 14:43:51,547 INFO  ExportHelperExtension.cs: 1125 - Retrieving features of type [CoordSys] from wheel for servooo.STEP-1
2025-12-15 14:43:51,548 INFO  ExportHelperExtension.cs: 1136 - Found 40 in wheel for servooo.STEP-1
2025-12-15 14:43:51,548 INFO  ExportHelperExtension.cs: 1145 - Found 0 features of type [CoordSys] in wheel for servooo.STEP-1
2025-12-15 14:43:51,548 INFO  ExportHelperExtension.cs: 1125 - Retrieving features of type [CoordSys] from 6.2.STEP-1
2025-12-15 14:43:51,549 INFO  ExportHelperExtension.cs: 1136 - Found 40 in 6.2.STEP-1
2025-12-15 14:43:51,550 INFO  ExportHelperExtension.cs: 1145 - Found 0 features of type [CoordSys] in 6.2.STEP-1
2025-12-15 14:43:51,550 INFO  ExportHelperExtension.cs: 1125 - Retrieving features of type [CoordSys] from servo motor.STEP-1
2025-12-15 14:43:51,550 INFO  ExportHelperExtension.cs: 1136 - Found 40 in servo motor.STEP-1
2025-12-15 14:43:51,551 INFO  ExportHelperExtension.cs: 1145 - Found 0 features of type [CoordSys] in servo motor.STEP-1
2025-12-15 14:43:51,551 INFO  ExportHelperExtension.cs: 1125 - Retrieving features of type [CoordSys] from G.STEP-1
2025-12-15 14:43:51,552 INFO  ExportHelperExtension.cs: 1136 - Found 40 in G.STEP-1
2025-12-15 14:43:51,552 INFO  ExportHelperExtension.cs: 1145 - Found 0 features of type [CoordSys] in G.STEP-1
2025-12-15 14:43:51,552 INFO  ExportHelperExtension.cs: 1125 - Retrieving features of type [CoordSys] from wheel for servooo 2.STEP-1
2025-12-15 14:43:51,553 INFO  ExportHelperExtension.cs: 1136 - Found 40 in wheel for servooo 2.STEP-1
2025-12-15 14:43:51,553 INFO  ExportHelperExtension.cs: 1145 - Found 0 features of type [CoordSys] in wheel for servooo 2.STEP-1
2025-12-15 14:43:51,553 INFO  ExportHelperExtension.cs: 1125 - Retrieving features of type [CoordSys] from SHORT SIDE.STEP-3
2025-12-15 14:43:51,554 INFO  ExportHelperExtension.cs: 1136 - Found 40 in SHORT SIDE.STEP-3
2025-12-15 14:43:51,554 INFO  ExportHelperExtension.cs: 1145 - Found 0 features of type [CoordSys] in SHORT SIDE.STEP-3
2025-12-15 14:43:51,554 INFO  ExportHelperExtension.cs: 1125 - Retrieving features of type [CoordSys] from servo motor.STEP-2
2025-12-15 14:43:51,554 INFO  ExportHelperExtension.cs: 1136 - Found 40 in servo motor.STEP-2
2025-12-15 14:43:51,555 INFO  ExportHelperExtension.cs: 1145 - Found 0 features of type [CoordSys] in servo motor.STEP-2
2025-12-15 14:43:51,555 INFO  ExportHelperExtension.cs: 1125 - Retrieving features of type [CoordSys] from g 3.STEP-1
2025-12-15 14:43:51,556 INFO  ExportHelperExtension.cs: 1136 - Found 40 in g 3.STEP-1
2025-12-15 14:43:51,556 INFO  ExportHelperExtension.cs: 1145 - Found 0 features of type [CoordSys] in g 3.STEP-1
2025-12-15 14:43:51,556 INFO  ExportHelperExtension.cs: 1125 - Retrieving features of type [CoordSys] from g 2.STEP-2
2025-12-15 14:43:51,557 INFO  ExportHelperExtension.cs: 1136 - Found 40 in g 2.STEP-2
2025-12-15 14:43:51,557 INFO  ExportHelperExtension.cs: 1145 - Found 0 features of type [CoordSys] in g 2.STEP-2
2025-12-15 14:43:51,557 INFO  ExportHelperExtension.cs: 1125 - Retrieving features of type [CoordSys] from g6.STEP-1
2025-12-15 14:43:51,558 INFO  ExportHelperExtension.cs: 1136 - Found 40 in g6.STEP-1
2025-12-15 14:43:51,558 INFO  ExportHelperExtension.cs: 1145 - Found 0 features of type [CoordSys] in g6.STEP-1
2025-12-15 14:43:51,558 INFO  ExportHelperExtension.cs: 1125 - Retrieving features of type [CoordSys] from G.STEP-2
2025-12-15 14:43:51,558 INFO  ExportHelperExtension.cs: 1136 - Found 40 in G.STEP-2
2025-12-15 14:43:51,559 INFO  ExportHelperExtension.cs: 1145 - Found 0 features of type [CoordSys] in G.STEP-2
2025-12-15 14:43:51,559 INFO  ExportHelperExtension.cs: 1125 - Retrieving features of type [CoordSys] from wheel for servooo.STEP-3
2025-12-15 14:43:51,559 INFO  ExportHelperExtension.cs: 1136 - Found 40 in wheel for servooo.STEP-3
2025-12-15 14:43:51,560 INFO  ExportHelperExtension.cs: 1145 - Found 0 features of type [CoordSys] in wheel for servooo.STEP-3
2025-12-15 14:43:51,560 INFO  ExportHelperExtension.cs: 1125 - Retrieving features of type [CoordSys] from wheel for servooo 2.STEP-2
2025-12-15 14:43:51,560 INFO  ExportHelperExtension.cs: 1136 - Found 40 in wheel for servooo 2.STEP-2
2025-12-15 14:43:51,561 INFO  ExportHelperExtension.cs: 1145 - Found 0 features of type [CoordSys] in wheel for servooo 2.STEP-2
2025-12-15 14:43:51,561 INFO  ExportHelperExtension.cs: 1125 - Retrieving features of type [CoordSys] from wheel for servooo.STEP-2
2025-12-15 14:43:51,561 INFO  ExportHelperExtension.cs: 1136 - Found 40 in wheel for servooo.STEP-2
2025-12-15 14:43:51,562 INFO  ExportHelperExtension.cs: 1145 - Found 0 features of type [CoordSys] in wheel for servooo.STEP-2
2025-12-15 14:43:51,562 INFO  ExportHelperExtension.cs: 1125 - Retrieving features of type [CoordSys] from G.STEP-3
2025-12-15 14:43:51,562 INFO  ExportHelperExtension.cs: 1136 - Found 40 in G.STEP-3
2025-12-15 14:43:51,563 INFO  ExportHelperExtension.cs: 1145 - Found 0 features of type [CoordSys] in G.STEP-3
2025-12-15 14:43:51,563 INFO  ExportHelperExtension.cs: 1125 - Retrieving features of type [CoordSys] from wheel for servooo 2.STEP-3
2025-12-15 14:43:51,564 INFO  ExportHelperExtension.cs: 1136 - Found 40 in wheel for servooo 2.STEP-3
2025-12-15 14:43:51,564 INFO  ExportHelperExtension.cs: 1145 - Found 0 features of type [CoordSys] in wheel for servooo 2.STEP-3
2025-12-15 14:43:51,564 INFO  ExportHelperExtension.cs: 1125 - Retrieving features of type [CoordSys] from servo motor.STEP-3
2025-12-15 14:43:51,565 INFO  ExportHelperExtension.cs: 1136 - Found 40 in servo motor.STEP-3
2025-12-15 14:43:51,566 INFO  ExportHelperExtension.cs: 1145 - Found 0 features of type [CoordSys] in servo motor.STEP-3
2025-12-15 14:43:51,566 INFO  ExportHelperExtension.cs: 1125 - Retrieving features of type [CoordSys] from g 2.STEP-1
2025-12-15 14:43:51,567 INFO  ExportHelperExtension.cs: 1136 - Found 40 in g 2.STEP-1
2025-12-15 14:43:51,567 INFO  ExportHelperExtension.cs: 1145 - Found 0 features of type [CoordSys] in g 2.STEP-1
2025-12-15 14:43:51,567 INFO  ExportHelperExtension.cs: 1125 - Retrieving features of type [CoordSys] from g 1.STEP-1
2025-12-15 14:43:51,568 INFO  ExportHelperExtension.cs: 1136 - Found 40 in g 1.STEP-1
2025-12-15 14:43:51,574 INFO  ExportHelperExtension.cs: 1145 - Found 0 features of type [CoordSys] in g 1.STEP-1
2025-12-15 14:43:51,597 INFO  ExportHelperExtension.cs: 1125 - Retrieving features of type [CoordSys] from g5.STEP-1
2025-12-15 14:43:51,598 INFO  ExportHelperExtension.cs: 1136 - Found 40 in g5.STEP-1
2025-12-15 14:43:51,599 INFO  ExportHelperExtension.cs: 1145 - Found 0 features of type [CoordSys] in g5.STEP-1
2025-12-15 14:43:51,599 INFO  ExportHelperExtension.cs: 1125 - Retrieving features of type [CoordSys] from nail.STEP-2
2025-12-15 14:43:51,600 INFO  ExportHelperExtension.cs: 1136 - Found 40 in nail.STEP-2
2025-12-15 14:43:51,600 INFO  ExportHelperExtension.cs: 1145 - Found 0 features of type [CoordSys] in nail.STEP-2
2025-12-15 14:43:51,600 INFO  ExportHelperExtension.cs: 1125 - Retrieving features of type [CoordSys] from g 3.STEP-2
2025-12-15 14:43:51,601 INFO  ExportHelperExtension.cs: 1136 - Found 40 in g 3.STEP-2
2025-12-15 14:43:51,601 INFO  ExportHelperExtension.cs: 1145 - Found 0 features of type [CoordSys] in g 3.STEP-2
2025-12-15 14:43:51,601 INFO  ExportHelperExtension.cs: 1125 - Retrieving features of type [CoordSys] from g5.STEP-2
2025-12-15 14:43:51,601 INFO  ExportHelperExtension.cs: 1136 - Found 40 in g5.STEP-2
2025-12-15 14:43:51,602 INFO  ExportHelperExtension.cs: 1145 - Found 0 features of type [CoordSys] in g5.STEP-2
2025-12-15 14:43:51,602 INFO  ExportHelperExtension.cs: 1125 - Retrieving features of type [CoordSys] from g 3.STEP-3
2025-12-15 14:43:51,602 INFO  ExportHelperExtension.cs: 1136 - Found 40 in g 3.STEP-3
2025-12-15 14:43:51,603 INFO  ExportHelperExtension.cs: 1145 - Found 0 features of type [CoordSys] in g 3.STEP-3
2025-12-15 14:43:51,603 INFO  ExportHelperExtension.cs: 1125 - Retrieving features of type [CoordSys] from g 3.STEP-4
2025-12-15 14:43:51,603 INFO  ExportHelperExtension.cs: 1136 - Found 40 in g 3.STEP-4
2025-12-15 14:43:51,603 INFO  ExportHelperExtension.cs: 1145 - Found 0 features of type [CoordSys] in g 3.STEP-4
2025-12-15 14:43:51,604 INFO  ExportHelperExtension.cs: 1125 - Retrieving features of type [CoordSys] from g 3.STEP-5
2025-12-15 14:43:51,604 INFO  ExportHelperExtension.cs: 1136 - Found 40 in g 3.STEP-5
2025-12-15 14:43:51,604 INFO  ExportHelperExtension.cs: 1145 - Found 0 features of type [CoordSys] in g 3.STEP-5
2025-12-15 14:43:51,604 INFO  ExportHelperExtension.cs: 1125 - Retrieving features of type [CoordSys] from g5.STEP-3
2025-12-15 14:43:51,605 INFO  ExportHelperExtension.cs: 1136 - Found 40 in g5.STEP-3
2025-12-15 14:43:51,605 INFO  ExportHelperExtension.cs: 1145 - Found 0 features of type [CoordSys] in g5.STEP-3
2025-12-15 14:43:51,605 INFO  ExportHelperExtension.cs: 1125 - Retrieving features of type [CoordSys] from g 3.STEP-6
2025-12-15 14:43:51,606 INFO  ExportHelperExtension.cs: 1136 - Found 40 in g 3.STEP-6
2025-12-15 14:43:51,606 INFO  ExportHelperExtension.cs: 1145 - Found 0 features of type [CoordSys] in g 3.STEP-6
2025-12-15 14:43:51,606 INFO  ExportHelperExtension.cs: 1125 - Retrieving features of type [CoordSys] from roll.STEP-1
2025-12-15 14:43:51,607 INFO  ExportHelperExtension.cs: 1136 - Found 40 in roll.STEP-1
2025-12-15 14:43:51,607 INFO  ExportHelperExtension.cs: 1145 - Found 0 features of type [CoordSys] in roll.STEP-1
2025-12-15 14:43:51,607 INFO  ExportHelperExtension.cs: 1125 - Retrieving features of type [CoordSys] from g5.STEP-4
2025-12-15 14:43:51,607 INFO  ExportHelperExtension.cs: 1136 - Found 40 in g5.STEP-4
2025-12-15 14:43:51,608 INFO  ExportHelperExtension.cs: 1145 - Found 0 features of type [CoordSys] in g5.STEP-4
2025-12-15 14:43:51,608 INFO  ExportHelperExtension.cs: 1125 - Retrieving features of type [CoordSys] from roll 2.STEP-1
2025-12-15 14:43:51,608 INFO  ExportHelperExtension.cs: 1136 - Found 40 in roll 2.STEP-1
2025-12-15 14:43:51,608 INFO  ExportHelperExtension.cs: 1145 - Found 0 features of type [CoordSys] in roll 2.STEP-1
2025-12-15 14:43:51,608 INFO  ExportHelperExtension.cs: 1125 - Retrieving features of type [CoordSys] from nail.STEP-1
2025-12-15 14:43:51,609 INFO  ExportHelperExtension.cs: 1136 - Found 40 in nail.STEP-1
2025-12-15 14:43:51,609 INFO  ExportHelperExtension.cs: 1145 - Found 0 features of type [CoordSys] in nail.STEP-1
2025-12-15 14:43:51,609 INFO  ExportHelperExtension.cs: 1125 - Retrieving features of type [CoordSys] from RS550 12V DC Motor_Valor predeterminado.STEP-3
2025-12-15 14:43:51,610 INFO  ExportHelperExtension.cs: 1136 - Found 40 in RS550 12V DC Motor_Valor predeterminado.STEP-3
2025-12-15 14:43:51,610 INFO  ExportHelperExtension.cs: 1145 - Found 0 features of type [CoordSys] in RS550 12V DC Motor_Valor predeterminado.STEP-3
2025-12-15 14:43:51,610 INFO  ExportHelperExtension.cs: 1125 - Retrieving features of type [CoordSys] from RS550 12V DC Motor_Valor predeterminado.STEP-1
2025-12-15 14:43:51,610 INFO  ExportHelperExtension.cs: 1136 - Found 40 in RS550 12V DC Motor_Valor predeterminado.STEP-1
2025-12-15 14:43:51,611 INFO  ExportHelperExtension.cs: 1145 - Found 0 features of type [CoordSys] in RS550 12V DC Motor_Valor predeterminado.STEP-1
2025-12-15 14:43:51,611 INFO  ExportHelperExtension.cs: 1125 - Retrieving features of type [CoordSys] from RS550 12V DC Motor_Valor predeterminado.STEP-4
2025-12-15 14:43:51,611 INFO  ExportHelperExtension.cs: 1136 - Found 40 in RS550 12V DC Motor_Valor predeterminado.STEP-4
2025-12-15 14:43:51,611 INFO  ExportHelperExtension.cs: 1145 - Found 0 features of type [CoordSys] in RS550 12V DC Motor_Valor predeterminado.STEP-4
2025-12-15 14:43:51,612 INFO  ExportHelperExtension.cs: 1125 - Retrieving features of type [CoordSys] from nail.STEP-3
2025-12-15 14:43:51,612 INFO  ExportHelperExtension.cs: 1136 - Found 40 in nail.STEP-3
2025-12-15 14:43:51,612 INFO  ExportHelperExtension.cs: 1145 - Found 0 features of type [CoordSys] in nail.STEP-3
2025-12-15 14:43:51,612 INFO  ExportHelperExtension.cs: 1125 - Retrieving features of type [CoordSys] from RS550 12V DC Motor_Valor predeterminado.STEP-2
2025-12-15 14:43:51,613 INFO  ExportHelperExtension.cs: 1136 - Found 40 in RS550 12V DC Motor_Valor predeterminado.STEP-2
2025-12-15 14:43:51,613 INFO  ExportHelperExtension.cs: 1145 - Found 0 features of type [CoordSys] in RS550 12V DC Motor_Valor predeterminado.STEP-2
2025-12-15 14:43:51,613 INFO  ExportHelperExtension.cs: 1125 - Retrieving features of type [CoordSys] from nail.STEP-4
2025-12-15 14:43:51,614 INFO  ExportHelperExtension.cs: 1136 - Found 40 in nail.STEP-4
2025-12-15 14:43:51,614 INFO  ExportHelperExtension.cs: 1145 - Found 0 features of type [CoordSys] in nail.STEP-4
2025-12-15 14:43:51,614 INFO  ExportHelperExtension.cs: 1125 - Retrieving features of type [RefAxis] from robotic arm mine.STEP.SLDASM
2025-12-15 14:43:51,614 INFO  ExportHelperExtension.cs: 1136 - Found 84 in robotic arm mine.STEP.SLDASM
2025-12-15 14:43:51,615 INFO  ExportHelperExtension.cs: 1145 - Found 0 features of type [RefAxis] in robotic arm mine.STEP.SLDASM
2025-12-15 14:43:51,615 INFO  ExportHelperExtension.cs: 1148 - Proceeding through assembly components
2025-12-15 14:43:51,615 INFO  ExportHelperExtension.cs: 1160 - 48 components to check
2025-12-15 14:43:51,615 INFO  ExportHelperExtension.cs: 1125 - Retrieving features of type [RefAxis] from SHORT SIDE.STEP-2
2025-12-15 14:43:51,616 INFO  ExportHelperExtension.cs: 1136 - Found 40 in SHORT SIDE.STEP-2
2025-12-15 14:43:51,616 INFO  ExportHelperExtension.cs: 1145 - Found 0 features of type [RefAxis] in SHORT SIDE.STEP-2
2025-12-15 14:43:51,616 INFO  ExportHelperExtension.cs: 1125 - Retrieving features of type [RefAxis] from SHORT SIDE.STEP-1
2025-12-15 14:43:51,617 INFO  ExportHelperExtension.cs: 1136 - Found 40 in SHORT SIDE.STEP-1
2025-12-15 14:43:51,617 INFO  ExportHelperExtension.cs: 1145 - Found 0 features of type [RefAxis] in SHORT SIDE.STEP-1
2025-12-15 14:43:51,617 INFO  ExportHelperExtension.cs: 1125 - Retrieving features of type [RefAxis] from Carttt.STEP-1
2025-12-15 14:43:51,618 INFO  ExportHelperExtension.cs: 1136 - Found 40 in Carttt.STEP-1
2025-12-15 14:43:51,618 INFO  ExportHelperExtension.cs: 1145 - Found 0 features of type [RefAxis] in Carttt.STEP-1
2025-12-15 14:43:51,618 INFO  ExportHelperExtension.cs: 1125 - Retrieving features of type [RefAxis] from BIG SIDE.STEP-2
2025-12-15 14:43:51,619 INFO  ExportHelperExtension.cs: 1136 - Found 40 in BIG SIDE.STEP-2
2025-12-15 14:43:51,619 INFO  ExportHelperExtension.cs: 1145 - Found 0 features of type [RefAxis] in BIG SIDE.STEP-2
2025-12-15 14:43:51,619 INFO  ExportHelperExtension.cs: 1125 - Retrieving features of type [RefAxis] from BIG SIDE.STEP-1
2025-12-15 14:43:51,620 INFO  ExportHelperExtension.cs: 1136 - Found 40 in BIG SIDE.STEP-1
2025-12-15 14:43:51,620 INFO  ExportHelperExtension.cs: 1145 - Found 0 features of type [RefAxis] in BIG SIDE.STEP-1
2025-12-15 14:43:51,621 INFO  ExportHelperExtension.cs: 1125 - Retrieving features of type [RefAxis] from BIG SIDE.STEP-3
2025-12-15 14:43:51,621 INFO  ExportHelperExtension.cs: 1136 - Found 40 in BIG SIDE.STEP-3
2025-12-15 14:43:51,621 INFO  ExportHelperExtension.cs: 1145 - Found 0 features of type [RefAxis] in BIG SIDE.STEP-3
2025-12-15 14:43:51,622 INFO  ExportHelperExtension.cs: 1125 - Retrieving features of type [RefAxis] from servo.STEP-1
2025-12-15 14:43:51,622 INFO  ExportHelperExtension.cs: 1136 - Found 40 in servo.STEP-1
2025-12-15 14:43:51,622 INFO  ExportHelperExtension.cs: 1145 - Found 0 features of type [RefAxis] in servo.STEP-1
2025-12-15 14:43:51,623 INFO  ExportHelperExtension.cs: 1125 - Retrieving features of type [RefAxis] from qqqqqqqq.STEP-1
2025-12-15 14:43:51,623 INFO  ExportHelperExtension.cs: 1136 - Found 40 in qqqqqqqq.STEP-1
2025-12-15 14:43:51,623 INFO  ExportHelperExtension.cs: 1145 - Found 0 features of type [RefAxis] in qqqqqqqq.STEP-1
2025-12-15 14:43:51,624 INFO  ExportHelperExtension.cs: 1125 - Retrieving features of type [RefAxis] from 15.STEP-1
2025-12-15 14:43:51,624 INFO  ExportHelperExtension.cs: 1136 - Found 40 in 15.STEP-1
2025-12-15 14:43:51,624 INFO  ExportHelperExtension.cs: 1145 - Found 0 features of type [RefAxis] in 15.STEP-1
2025-12-15 14:43:51,625 INFO  ExportHelperExtension.cs: 1125 - Retrieving features of type [RefAxis] from 13.STEP-1
2025-12-15 14:43:51,625 INFO  ExportHelperExtension.cs: 1136 - Found 40 in 13.STEP-1
2025-12-15 14:43:51,625 INFO  ExportHelperExtension.cs: 1145 - Found 0 features of type [RefAxis] in 13.STEP-1
2025-12-15 14:43:51,626 INFO  ExportHelperExtension.cs: 1125 - Retrieving features of type [RefAxis] from wheel for servooo.STEP-1
2025-12-15 14:43:51,626 INFO  ExportHelperExtension.cs: 1136 - Found 40 in wheel for servooo.STEP-1
2025-12-15 14:43:51,627 INFO  ExportHelperExtension.cs: 1145 - Found 0 features of type [RefAxis] in wheel for servooo.STEP-1
2025-12-15 14:43:51,627 INFO  ExportHelperExtension.cs: 1125 - Retrieving features of type [RefAxis] from 6.2.STEP-1
2025-12-15 14:43:51,627 INFO  ExportHelperExtension.cs: 1136 - Found 40 in 6.2.STEP-1
2025-12-15 14:43:51,628 INFO  ExportHelperExtension.cs: 1145 - Found 0 features of type [RefAxis] in 6.2.STEP-1
2025-12-15 14:43:51,628 INFO  ExportHelperExtension.cs: 1125 - Retrieving features of type [RefAxis] from servo motor.STEP-1
2025-12-15 14:43:51,629 INFO  ExportHelperExtension.cs: 1136 - Found 40 in servo motor.STEP-1
2025-12-15 14:43:51,630 INFO  ExportHelperExtension.cs: 1145 - Found 0 features of type [RefAxis] in servo motor.STEP-1
2025-12-15 14:43:51,630 INFO  ExportHelperExtension.cs: 1125 - Retrieving features of type [RefAxis] from G.STEP-1
2025-12-15 14:43:51,630 INFO  ExportHelperExtension.cs: 1136 - Found 40 in G.STEP-1
2025-12-15 14:43:51,631 INFO  ExportHelperExtension.cs: 1145 - Found 0 features of type [RefAxis] in G.STEP-1
2025-12-15 14:43:51,631 INFO  ExportHelperExtension.cs: 1125 - Retrieving features of type [RefAxis] from wheel for servooo 2.STEP-1
2025-12-15 14:43:51,631 INFO  ExportHelperExtension.cs: 1136 - Found 40 in wheel for servooo 2.STEP-1
2025-12-15 14:43:51,631 INFO  ExportHelperExtension.cs: 1145 - Found 0 features of type [RefAxis] in wheel for servooo 2.STEP-1
2025-12-15 14:43:51,632 INFO  ExportHelperExtension.cs: 1125 - Retrieving features of type [RefAxis] from SHORT SIDE.STEP-3
2025-12-15 14:43:51,632 INFO  ExportHelperExtension.cs: 1136 - Found 40 in SHORT SIDE.STEP-3
2025-12-15 14:43:51,632 INFO  ExportHelperExtension.cs: 1145 - Found 0 features of type [RefAxis] in SHORT SIDE.STEP-3
2025-12-15 14:43:51,633 INFO  ExportHelperExtension.cs: 1125 - Retrieving features of type [RefAxis] from servo motor.STEP-2
2025-12-15 14:43:51,633 INFO  ExportHelperExtension.cs: 1136 - Found 40 in servo motor.STEP-2
2025-12-15 14:43:51,634 INFO  ExportHelperExtension.cs: 1145 - Found 0 features of type [RefAxis] in servo motor.STEP-2
2025-12-15 14:43:51,650 INFO  ExportHelperExtension.cs: 1125 - Retrieving features of type [RefAxis] from g 3.STEP-1
2025-12-15 14:43:51,650 INFO  ExportHelperExtension.cs: 1136 - Found 40 in g 3.STEP-1
2025-12-15 14:43:51,651 INFO  ExportHelperExtension.cs: 1145 - Found 0 features of type [RefAxis] in g 3.STEP-1
2025-12-15 14:43:51,651 INFO  ExportHelperExtension.cs: 1125 - Retrieving features of type [RefAxis] from g 2.STEP-2
2025-12-15 14:43:51,652 INFO  ExportHelperExtension.cs: 1136 - Found 40 in g 2.STEP-2
2025-12-15 14:43:51,652 INFO  ExportHelperExtension.cs: 1145 - Found 0 features of type [RefAxis] in g 2.STEP-2
2025-12-15 14:43:51,652 INFO  ExportHelperExtension.cs: 1125 - Retrieving features of type [RefAxis] from g6.STEP-1
2025-12-15 14:43:51,653 INFO  ExportHelperExtension.cs: 1136 - Found 40 in g6.STEP-1
2025-12-15 14:43:51,653 INFO  ExportHelperExtension.cs: 1145 - Found 0 features of type [RefAxis] in g6.STEP-1
2025-12-15 14:43:51,653 INFO  ExportHelperExtension.cs: 1125 - Retrieving features of type [RefAxis] from G.STEP-2
2025-12-15 14:43:51,654 INFO  ExportHelperExtension.cs: 1136 - Found 40 in G.STEP-2
2025-12-15 14:43:51,654 INFO  ExportHelperExtension.cs: 1145 - Found 0 features of type [RefAxis] in G.STEP-2
2025-12-15 14:43:51,654 INFO  ExportHelperExtension.cs: 1125 - Retrieving features of type [RefAxis] from wheel for servooo.STEP-3
2025-12-15 14:43:51,655 INFO  ExportHelperExtension.cs: 1136 - Found 40 in wheel for servooo.STEP-3
2025-12-15 14:43:51,655 INFO  ExportHelperExtension.cs: 1145 - Found 0 features of type [RefAxis] in wheel for servooo.STEP-3
2025-12-15 14:43:51,655 INFO  ExportHelperExtension.cs: 1125 - Retrieving features of type [RefAxis] from wheel for servooo 2.STEP-2
2025-12-15 14:43:51,656 INFO  ExportHelperExtension.cs: 1136 - Found 40 in wheel for servooo 2.STEP-2
2025-12-15 14:43:51,656 INFO  ExportHelperExtension.cs: 1145 - Found 0 features of type [RefAxis] in wheel for servooo 2.STEP-2
2025-12-15 14:43:51,657 INFO  ExportHelperExtension.cs: 1125 - Retrieving features of type [RefAxis] from wheel for servooo.STEP-2
2025-12-15 14:43:51,657 INFO  ExportHelperExtension.cs: 1136 - Found 40 in wheel for servooo.STEP-2
2025-12-15 14:43:51,657 INFO  ExportHelperExtension.cs: 1145 - Found 0 features of type [RefAxis] in wheel for servooo.STEP-2
2025-12-15 14:43:51,657 INFO  ExportHelperExtension.cs: 1125 - Retrieving features of type [RefAxis] from G.STEP-3
2025-12-15 14:43:51,658 INFO  ExportHelperExtension.cs: 1136 - Found 40 in G.STEP-3
2025-12-15 14:43:51,658 INFO  ExportHelperExtension.cs: 1145 - Found 0 features of type [RefAxis] in G.STEP-3
2025-12-15 14:43:51,658 INFO  ExportHelperExtension.cs: 1125 - Retrieving features of type [RefAxis] from wheel for servooo 2.STEP-3
2025-12-15 14:43:51,659 INFO  ExportHelperExtension.cs: 1136 - Found 40 in wheel for servooo 2.STEP-3
2025-12-15 14:43:51,659 INFO  ExportHelperExtension.cs: 1145 - Found 0 features of type [RefAxis] in wheel for servooo 2.STEP-3
2025-12-15 14:43:51,660 INFO  ExportHelperExtension.cs: 1125 - Retrieving features of type [RefAxis] from servo motor.STEP-3
2025-12-15 14:43:51,660 INFO  ExportHelperExtension.cs: 1136 - Found 40 in servo motor.STEP-3
2025-12-15 14:43:51,660 INFO  ExportHelperExtension.cs: 1145 - Found 0 features of type [RefAxis] in servo motor.STEP-3
2025-12-15 14:43:51,660 INFO  ExportHelperExtension.cs: 1125 - Retrieving features of type [RefAxis] from g 2.STEP-1
2025-12-15 14:43:51,661 INFO  ExportHelperExtension.cs: 1136 - Found 40 in g 2.STEP-1
2025-12-15 14:43:51,661 INFO  ExportHelperExtension.cs: 1145 - Found 0 features of type [RefAxis] in g 2.STEP-1
2025-12-15 14:43:51,661 INFO  ExportHelperExtension.cs: 1125 - Retrieving features of type [RefAxis] from g 1.STEP-1
2025-12-15 14:43:51,661 INFO  ExportHelperExtension.cs: 1136 - Found 40 in g 1.STEP-1
2025-12-15 14:43:51,662 INFO  ExportHelperExtension.cs: 1145 - Found 0 features of type [RefAxis] in g 1.STEP-1
2025-12-15 14:43:51,662 INFO  ExportHelperExtension.cs: 1125 - Retrieving features of type [RefAxis] from g5.STEP-1
2025-12-15 14:43:51,663 INFO  ExportHelperExtension.cs: 1136 - Found 40 in g5.STEP-1
2025-12-15 14:43:51,663 INFO  ExportHelperExtension.cs: 1145 - Found 0 features of type [RefAxis] in g5.STEP-1
2025-12-15 14:43:51,663 INFO  ExportHelperExtension.cs: 1125 - Retrieving features of type [RefAxis] from nail.STEP-2
2025-12-15 14:43:51,664 INFO  ExportHelperExtension.cs: 1136 - Found 40 in nail.STEP-2
2025-12-15 14:43:51,664 INFO  ExportHelperExtension.cs: 1145 - Found 0 features of type [RefAxis] in nail.STEP-2
2025-12-15 14:43:51,664 INFO  ExportHelperExtension.cs: 1125 - Retrieving features of type [RefAxis] from g 3.STEP-2
2025-12-15 14:43:51,665 INFO  ExportHelperExtension.cs: 1136 - Found 40 in g 3.STEP-2
2025-12-15 14:43:51,665 INFO  ExportHelperExtension.cs: 1145 - Found 0 features of type [RefAxis] in g 3.STEP-2
2025-12-15 14:43:51,665 INFO  ExportHelperExtension.cs: 1125 - Retrieving features of type [RefAxis] from g5.STEP-2
2025-12-15 14:43:51,665 INFO  ExportHelperExtension.cs: 1136 - Found 40 in g5.STEP-2
2025-12-15 14:43:51,666 INFO  ExportHelperExtension.cs: 1145 - Found 0 features of type [RefAxis] in g5.STEP-2
2025-12-15 14:43:51,666 INFO  ExportHelperExtension.cs: 1125 - Retrieving features of type [RefAxis] from g 3.STEP-3
2025-12-15 14:43:51,667 INFO  ExportHelperExtension.cs: 1136 - Found 40 in g 3.STEP-3
2025-12-15 14:43:51,667 INFO  ExportHelperExtension.cs: 1145 - Found 0 features of type [RefAxis] in g 3.STEP-3
2025-12-15 14:43:51,667 INFO  ExportHelperExtension.cs: 1125 - Retrieving features of type [RefAxis] from g 3.STEP-4
2025-12-15 14:43:51,668 INFO  ExportHelperExtension.cs: 1136 - Found 40 in g 3.STEP-4
2025-12-15 14:43:51,668 INFO  ExportHelperExtension.cs: 1145 - Found 0 features of type [RefAxis] in g 3.STEP-4
2025-12-15 14:43:51,668 INFO  ExportHelperExtension.cs: 1125 - Retrieving features of type [RefAxis] from g 3.STEP-5
2025-12-15 14:43:51,668 INFO  ExportHelperExtension.cs: 1136 - Found 40 in g 3.STEP-5
2025-12-15 14:43:51,668 INFO  ExportHelperExtension.cs: 1145 - Found 0 features of type [RefAxis] in g 3.STEP-5
2025-12-15 14:43:51,668 INFO  ExportHelperExtension.cs: 1125 - Retrieving features of type [RefAxis] from g5.STEP-3
2025-12-15 14:43:51,669 INFO  ExportHelperExtension.cs: 1136 - Found 40 in g5.STEP-3
2025-12-15 14:43:51,669 INFO  ExportHelperExtension.cs: 1145 - Found 0 features of type [RefAxis] in g5.STEP-3
2025-12-15 14:43:51,669 INFO  ExportHelperExtension.cs: 1125 - Retrieving features of type [RefAxis] from g 3.STEP-6
2025-12-15 14:43:51,670 INFO  ExportHelperExtension.cs: 1136 - Found 40 in g 3.STEP-6
2025-12-15 14:43:51,670 INFO  ExportHelperExtension.cs: 1145 - Found 0 features of type [RefAxis] in g 3.STEP-6
2025-12-15 14:43:51,670 INFO  ExportHelperExtension.cs: 1125 - Retrieving features of type [RefAxis] from roll.STEP-1
2025-12-15 14:43:51,671 INFO  ExportHelperExtension.cs: 1136 - Found 40 in roll.STEP-1
2025-12-15 14:43:51,671 INFO  ExportHelperExtension.cs: 1145 - Found 0 features of type [RefAxis] in roll.STEP-1
2025-12-15 14:43:51,672 INFO  ExportHelperExtension.cs: 1125 - Retrieving features of type [RefAxis] from g5.STEP-4
2025-12-15 14:43:51,672 INFO  ExportHelperExtension.cs: 1136 - Found 40 in g5.STEP-4
2025-12-15 14:43:51,672 INFO  ExportHelperExtension.cs: 1145 - Found 0 features of type [RefAxis] in g5.STEP-4
2025-12-15 14:43:51,673 INFO  ExportHelperExtension.cs: 1125 - Retrieving features of type [RefAxis] from roll 2.STEP-1
2025-12-15 14:43:51,673 INFO  ExportHelperExtension.cs: 1136 - Found 40 in roll 2.STEP-1
2025-12-15 14:43:51,674 INFO  ExportHelperExtension.cs: 1145 - Found 0 features of type [RefAxis] in roll 2.STEP-1
2025-12-15 14:43:51,674 INFO  ExportHelperExtension.cs: 1125 - Retrieving features of type [RefAxis] from nail.STEP-1
2025-12-15 14:43:51,674 INFO  ExportHelperExtension.cs: 1136 - Found 40 in nail.STEP-1
2025-12-15 14:43:51,675 INFO  ExportHelperExtension.cs: 1145 - Found 0 features of type [RefAxis] in nail.STEP-1
2025-12-15 14:43:51,675 INFO  ExportHelperExtension.cs: 1125 - Retrieving features of type [RefAxis] from RS550 12V DC Motor_Valor predeterminado.STEP-3
2025-12-15 14:43:51,675 INFO  ExportHelperExtension.cs: 1136 - Found 40 in RS550 12V DC Motor_Valor predeterminado.STEP-3
2025-12-15 14:43:51,676 INFO  ExportHelperExtension.cs: 1145 - Found 0 features of type [RefAxis] in RS550 12V DC Motor_Valor predeterminado.STEP-3
2025-12-15 14:43:51,677 INFO  ExportHelperExtension.cs: 1125 - Retrieving features of type [RefAxis] from RS550 12V DC Motor_Valor predeterminado.STEP-1
2025-12-15 14:43:51,677 INFO  ExportHelperExtension.cs: 1136 - Found 40 in RS550 12V DC Motor_Valor predeterminado.STEP-1
2025-12-15 14:43:51,677 INFO  ExportHelperExtension.cs: 1145 - Found 0 features of type [RefAxis] in RS550 12V DC Motor_Valor predeterminado.STEP-1
2025-12-15 14:43:51,677 INFO  ExportHelperExtension.cs: 1125 - Retrieving features of type [RefAxis] from RS550 12V DC Motor_Valor predeterminado.STEP-4
2025-12-15 14:43:51,678 INFO  ExportHelperExtension.cs: 1136 - Found 40 in RS550 12V DC Motor_Valor predeterminado.STEP-4
2025-12-15 14:43:51,678 INFO  ExportHelperExtension.cs: 1145 - Found 0 features of type [RefAxis] in RS550 12V DC Motor_Valor predeterminado.STEP-4
2025-12-15 14:43:51,678 INFO  ExportHelperExtension.cs: 1125 - Retrieving features of type [RefAxis] from nail.STEP-3
2025-12-15 14:43:51,678 INFO  ExportHelperExtension.cs: 1136 - Found 40 in nail.STEP-3
2025-12-15 14:43:51,678 INFO  ExportHelperExtension.cs: 1145 - Found 0 features of type [RefAxis] in nail.STEP-3
2025-12-15 14:43:51,679 INFO  ExportHelperExtension.cs: 1125 - Retrieving features of type [RefAxis] from RS550 12V DC Motor_Valor predeterminado.STEP-2
2025-12-15 14:43:51,679 INFO  ExportHelperExtension.cs: 1136 - Found 40 in RS550 12V DC Motor_Valor predeterminado.STEP-2
2025-12-15 14:43:51,679 INFO  ExportHelperExtension.cs: 1145 - Found 0 features of type [RefAxis] in RS550 12V DC Motor_Valor predeterminado.STEP-2
2025-12-15 14:43:51,679 INFO  ExportHelperExtension.cs: 1125 - Retrieving features of type [RefAxis] from nail.STEP-4
2025-12-15 14:43:51,680 INFO  ExportHelperExtension.cs: 1136 - Found 40 in nail.STEP-4
2025-12-15 14:43:51,680 INFO  ExportHelperExtension.cs: 1145 - Found 0 features of type [RefAxis] in nail.STEP-4
2025-12-15 14:43:51,758 INFO  ExportPropertyManager.cs: 1142 - AfterClose called. This method no longer throws an Exception. It just silently does nothing. Ok, except for this logging message
2025-12-15 15:04:18,741 INFO  AssemblyExportForm.cs: 253 - Completing URDF export
2025-12-15 15:04:18,747 INFO  ConfigurationSerialization.cs: 276 - URDF Configuration found
<Link z:Id="i1" xmlns="http://schemas.datacontract.org/2004/07/SW2URDF" xmlns:i="http://www.w3.org/2001/XMLSchema-instance" xmlns:z="http://schemas.microsoft.com/2003/10/Serialization/"><Attributes><Attribute z:Id="i2"><AttributeType>name</AttributeType><IsRequired>true</IsRequired><Value i:type="a:string" xmlns:a="http://www.w3.org/2001/XMLSchema">base_link</Value></Attribute></Attributes><ChildElements><URDFElement z:Id="i3" i:type="Inertial"><Attributes/><ChildElements><URDFElement z:Id="i4" i:type="Origin"><Attributes><Attribute z:Id="i5"><AttributeType>xyz</AttributeType><IsRequired>true</IsRequired><Value i:type="a:ArrayOfdouble" xmlns:a="http://schemas.microsoft.com/2003/10/Serialization/Arrays"><a:double>0</a:double><a:double>0</a:double><a:double>0</a:double></Value></Attribute><Attribute z:Id="i6"><AttributeType>rpy</AttributeType><IsRequired>true</IsRequired><Value i:type="a:ArrayOfdouble" xmlns:a="http://schemas.microsoft.com/2003/10/Serialization/Arrays"><a:double>0</a:double><a:double>0</a:double><a:double>0</a:double></Value></Attribute></Attributes><ChildElements/><ElementName>origin</ElementName><required>false</required><RPYAttribute z:Ref="i6"/><XYZAttribute z:Ref="i5"/><isCustomized>false</isCustomized></URDFElement><URDFElement z:Id="i7" i:type="Mass"><Attributes><Attribute z:Id="i8"><AttributeType>value</AttributeType><IsRequired>true</IsRequired><Value i:type="a:double" xmlns:a="http://www.w3.org/2001/XMLSchema">0</Value></Attribute></Attributes><ChildElements/><ElementName>mass</ElementName><required>false</required><ValueAttribute z:Ref="i8"/></URDFElement><URDFElement z:Id="i9" i:type="Inertia"><Attributes><Attribute z:Id="i10"><AttributeType>ixx</AttributeType><IsRequired>true</IsRequired><Value i:type="a:double" xmlns:a="http://www.w3.org/2001/XMLSchema">0</Value></Attribute><Attribute z:Id="i11"><AttributeType>ixy</AttributeType><IsRequired>true</IsRequired><Value i:type="a:double" xmlns:a="http://www.w3.org/2001/XMLSchema">0</Value></Attribute><Attribute z:Id="i12"><AttributeType>ixz</AttributeType><IsRequired>true</IsRequired><Value i:type="a:double" xmlns:a="http://www.w3.org/2001/XMLSchema">0</Value></Attribute><Attribute z:Id="i13"><AttributeType>iyy</AttributeType><IsRequired>true</IsRequired><Value i:type="a:double" xmlns:a="http://www.w3.org/2001/XMLSchema">0</Value></Attribute><Attribute z:Id="i14"><AttributeType>iyz</AttributeType><IsRequired>true</IsRequired><Value i:type="a:double" xmlns:a="http://www.w3.org/2001/XMLSchema">0</Value></Attribute><Attribute z:Id="i15"><AttributeType>izz</AttributeType><IsRequired>true</IsRequired><Value i:type="a:double" xmlns:a="http://www.w3.org/2001/XMLSchema">0</Value></Attribute></Attributes><ChildElements/><ElementName>inertia</ElementName><required>false</required><IxxAttribute z:Ref="i10"/><IxyAttribute z:Ref="i11"/><IxzAttribute z:Ref="i12"/><IyyAttribute z:Ref="i13"/><IyzAttribute z:Ref="i14"/><IzzAttribute z:Ref="i15"/></URDFElement></ChildElements><ElementName>inertial</ElementName><required>false</required><Inertia z:Ref="i9"/><Mass z:Ref="i7"/><Origin z:Ref="i4"/></URDFElement><URDFElement z:Id="i16" i:type="Visual"><Attributes/><ChildElements><URDFElement z:Id="i17" i:type="Origin"><Attributes><Attribute z:Id="i18"><AttributeType>xyz</AttributeType><IsRequired>true</IsRequired><Value i:type="a:ArrayOfdouble" xmlns:a="http://schemas.microsoft.com/2003/10/Serialization/Arrays"><a:double>0</a:double><a:double>0</a:double><a:double>0</a:double></Value></Attribute><Attribute z:Id="i19"><AttributeType>rpy</AttributeType><IsRequired>true</IsRequired><Value i:type="a:ArrayOfdouble" xmlns:a="http://schemas.microsoft.com/2003/10/Serialization/Arrays"><a:double>0</a:double><a:double>0</a:double><a:double>0</a:double></Value></Attribute></Attributes><ChildElements/><ElementName>origin</ElementName><required>false</required><RPYAttribute z:Ref="i19"/><XYZAttribute z:Ref="i18"/><isCustomized>false</isCustomized></URDFElement><URDFElement z:Id="i20" i:type="Geometry"><Attributes/><ChildElements><URDFElement z:Id="i21" i:type="Mesh"><Attributes><Attribute z:Id="i22"><AttributeType>filename</AttributeType><IsRequired>true</IsRequired><Value i:nil="true"/></Attribute></Attributes><ChildElements/><ElementName>mesh</ElementName><required>false</required><FilenameAttribute z:Ref="i22"/></URDFElement></ChildElements><ElementName>geometry</ElementName><required>true</required><Mesh z:Ref="i21"/></URDFElement><URDFElement z:Id="i23" i:type="Material"><Attributes><Attribute z:Id="i24"><AttributeType>name</AttributeType><IsRequired>true</IsRequired><Value i:type="a:string" xmlns:a="http://www.w3.org/2001/XMLSchema"/></Attribute></Attributes><ChildElements><URDFElement z:Id="i25" i:type="Color"><Attributes><Attribute z:Id="i26"><AttributeType>rgba</AttributeType><IsRequired>true</IsRequired><Value i:type="a:ArrayOfdouble" xmlns:a="http://schemas.microsoft.com/2003/10/Serialization/Arrays"><a:double>1</a:double><a:double>1</a:double><a:double>1</a:double><a:double>1</a:double></Value></Attribute></Attributes><ChildElements/><ElementName>color</ElementName><required>false</required><RGBAAttribute z:Ref="i26"/></URDFElement><URDFElement z:Id="i27" i:type="Texture"><Attributes><Attribute z:Id="i28"><AttributeType>filename</AttributeType><IsRequired>true</IsRequired><Value i:nil="true"/></Attribute></Attributes><ChildElements/><ElementName>texture</ElementName><required>false</required><FilenameAttribute z:Ref="i28"/><wFilename/></URDFElement></ChildElements><ElementName>material</ElementName><required>false</required><Color z:Ref="i25"/><NameAttribute z:Ref="i24"/><Texture z:Ref="i27"/></URDFElement></ChildElements><ElementName>visual</ElementName><required>false</required><Geometry z:Ref="i20"/><Material z:Ref="i23"/><Origin z:Ref="i17"/></URDFElement><URDFElement z:Id="i29" i:type="Collision"><Attributes/><ChildElements><URDFElement z:Id="i30" i:type="Origin"><Attributes><Attribute z:Id="i31"><AttributeType>xyz</AttributeType><IsRequired>true</IsRequired><Value i:type="a:ArrayOfdouble" xmlns:a="http://schemas.microsoft.com/2003/10/Serialization/Arrays"><a:double>0</a:double><a:double>0</a:double><a:double>0</a:double></Value></Attribute><Attribute z:Id="i32"><AttributeType>rpy</AttributeType><IsRequired>true</IsRequired><Value i:type="a:ArrayOfdouble" xmlns:a="http://schemas.microsoft.com/2003/10/Serialization/Arrays"><a:double>0</a:double><a:double>0</a:double><a:double>0</a:double></Value></Attribute></Attributes><ChildElements/><ElementName>origin</ElementName><required>false</required><RPYAttribute z:Ref="i32"/><XYZAttribute z:Ref="i31"/><isCustomized>false</isCustomized></URDFElement><URDFElement z:Id="i33" i:type="Geometry"><Attributes/><ChildElements><URDFElement z:Id="i34" i:type="Mesh"><Attributes><Attribute z:Id="i35"><AttributeType>filename</AttributeType><IsRequired>true</IsRequired><Value i:nil="true"/></Attribute></Attributes><ChildElements/><ElementName>mesh</ElementName><required>false</required><FilenameAttribute z:Ref="i35"/></URDFElement></ChildElements><ElementName>geometry</ElementName><required>true</required><Mesh z:Ref="i34"/></URDFElement></ChildElements><ElementName>collision</ElementName><required>false</required><Geometry z:Ref="i33"/><Origin z:Ref="i30"/></URDFElement><URDFElement z:Id="i36" i:type="Joint"><Attributes><Attribute z:Id="i37"><AttributeType>name</AttributeType><IsRequired>true</IsRequired><Value i:type="a:string" xmlns:a="http://www.w3.org/2001/XMLSchema"/></Attribute><Attribute z:Id="i38"><AttributeType>type</AttributeType><IsRequired>true</IsRequired><Value i:type="a:string" xmlns:a="http://www.w3.org/2001/XMLSchema"/></Attribute></Attributes><ChildElements><URDFElement z:Id="i39" i:type="Origin"><Attributes><Attribute z:Id="i40"><AttributeType>xyz</AttributeType><IsRequired>true</IsRequired><Value i:type="a:ArrayOfdouble" xmlns:a="http://schemas.microsoft.com/2003/10/Serialization/Arrays"><a:double>0</a:double><a:double>0</a:double><a:double>0</a:double></Value></Attribute><Attribute z:Id="i41"><AttributeType>rpy</AttributeType><IsRequired>true</IsRequired><Value i:type="a:ArrayOfdouble" xmlns:a="http://schemas.microsoft.com/2003/10/Serialization/Arrays"><a:double>0</a:double><a:double>0</a:double><a:double>0</a:double></Value></Attribute></Attributes><ChildElements/><ElementName>origin</ElementName><required>false</required><RPYAttribute z:Ref="i41"/><XYZAttribute z:Ref="i40"/><isCustomized>false</isCustomized></URDFElement><URDFElement z:Id="i42" i:type="ParentLink"><Attributes><Attribute z:Id="i43"><AttributeType>link</AttributeType><IsRequired>true</IsRequired><Value i:type="a:string" xmlns:a="http://www.w3.org/2001/XMLSchema"/></Attribute></Attributes><ChildElements/><ElementName>parent</ElementName><required>true</required><NameAttribute z:Ref="i43"/></URDFElement><URDFElement z:Id="i44" i:type="ChildLink"><Attributes><Attribute z:Id="i45"><AttributeType>link</AttributeType><IsRequired>true</IsRequired><Value i:type="a:string" xmlns:a="http://www.w3.org/2001/XMLSchema"/></Attribute></Attributes><ChildElements/><ElementName>child</ElementName><required>true</required><NameAttribute z:Ref="i45"/></URDFElement><URDFElement z:Id="i46" i:type="Axis"><Attributes><Attribute z:Id="i47"><AttributeType>xyz</AttributeType><IsRequired>true</IsRequired><Value i:type="a:ArrayOfdouble" xmlns:a="http://schemas.microsoft.com/2003/10/Serialization/Arrays"><a:double>0</a:double><a:double>0</a:double><a:double>0</a:double></Value></Attribute></Attributes><ChildElements/><ElementName>axis</ElementName><required>false</required><XYZAttribute z:Ref="i47"/></URDFElement><URDFElement z:Id="i48" i:type="Limit"><Attributes><Attribute z:Id="i49"><AttributeType>lower</AttributeType><IsRequired>false</IsRequired><Value i:nil="true"/></Attribute><Attribute z:Id="i50"><AttributeType>upper</AttributeType><IsRequired>false</IsRequired><Value i:nil="true"/></Attribute><Attribute z:Id="i51"><AttributeType>effort</AttributeType><IsRequired>true</IsRequired><Value i:nil="true"/></Attribute><Attribute z:Id="i52"><AttributeType>velocity</AttributeType><IsRequired>true</IsRequired><Value i:nil="true"/></Attribute></Attributes><ChildElements/><ElementName>limit</ElementName><required>false</required><EffortAttribute z:Ref="i51"/><LowerAttribute z:Ref="i49"/><UpperAttribute z:Ref="i50"/><VelocityAttribute z:Ref="i52"/></URDFElement><URDFElement z:Id="i53" i:type="Calibration"><Attributes><Attribute z:Id="i54"><AttributeType>rising</AttributeType><IsRequired>false</IsRequired><Value i:nil="true"/></Attribute><Attribute z:Id="i55"><AttributeType>falling</AttributeType><IsRequired>false</IsRequired><Value i:nil="true"/></Attribute></Attributes><ChildElements/><ElementName>calibration</ElementName><required>false</required><FallingAttribute z:Ref="i55"/><RisingAttribute z:Ref="i54"/></URDFElement><URDFElement z:Id="i56" i:type="Dynamics"><Attributes><Attribute z:Id="i57"><AttributeType>damping</AttributeType><IsRequired>false</IsRequired><Value i:nil="true"/></Attribute><Attribute z:Id="i58"><AttributeType>friction</AttributeType><IsRequired>false</IsRequired><Value i:nil="true"/></Attribute></Attributes><ChildElements/><ElementName>dynamics</ElementName><required>false</required><DampingAttribute z:Ref="i57"/><FrictionAttribute z:Ref="i58"/></URDFElement><URDFElement z:Id="i59" i:type="SafetyController"><Attributes><Attribute z:Id="i60"><AttributeType>soft_upper_limit</AttributeType><IsRequired>false</IsRequired><Value i:nil="true"/></Attribute><Attribute z:Id="i61"><AttributeType>soft_lower_limit</AttributeType><IsRequired>false</IsRequired><Value i:nil="true"/></Attribute><Attribute z:Id="i62"><AttributeType>k_position</AttributeType><IsRequired>false</IsRequired><Value i:nil="true"/></Attribute><Attribute z:Id="i63"><AttributeType>k_velocity</AttributeType><IsRequired>true</IsRequired><Value i:nil="true"/></Attribute></Attributes><ChildElements/><ElementName>safety_controller</ElementName><required>false</required><KPositionAttribute z:Ref="i62"/><KVelocityAttribute z:Ref="i63"/><SoftLowerAttribute z:Ref="i61"/><SoftUpperAttribute z:Ref="i60"/></URDFElement><URDFElement z:Id="i64" i:type="Mimic"><Attributes><Attribute z:Id="i65"><AttributeType>joint</AttributeType><IsRequired>true</IsRequired><Value i:nil="true"/></Attribute><Attribute z:Id="i66"><AttributeType>multiplier</AttributeType><IsRequired>false</IsRequired><Value i:nil="true"/></Attribute><Attribute z:Id="i67"><AttributeType>offset</AttributeType><IsRequired>false</IsRequired><Value i:nil="true"/></Attribute></Attributes><ChildElements/><ElementName>mimic</ElementName><required>false</required><JointNameAttribute z:Ref="i65"/><MultiplierAttribute z:Ref="i66"/><OffsetAttribute z:Ref="i67"/></URDFElement></ChildElements><ElementName>joint</ElementName><required>false</required><Axis z:Ref="i46"/><AxisName/><Calibration z:Ref="i53"/><Child z:Ref="i44"/><CoordinateSystemName>Automatically Generate</CoordinateSystemName><Dynamics z:Ref="i56"/><Limit z:Ref="i48"/><Mimic z:Ref="i64"/><NameAttribute z:Ref="i37"/><Origin z:Ref="i39"/><Parent z:Ref="i42"/><Safety z:Ref="i59"/><TypeAttribute z:Ref="i38"/></URDFElement></ChildElements><ElementName>link</ElementName><required>true</required><Children><Link z:Id="i68"><Attributes><Attribute z:Id="i69"><AttributeType>name</AttributeType><IsRequired>true</IsRequired><Value i:type="a:string" xmlns:a="http://www.w3.org/2001/XMLSchema">link_1</Value></Attribute></Attributes><ChildElements><URDFElement z:Id="i70" i:type="Inertial"><Attributes/><ChildElements><URDFElement z:Id="i71" i:type="Origin"><Attributes><Attribute z:Id="i72"><AttributeType>xyz</AttributeType><IsRequired>true</IsRequired><Value i:type="a:ArrayOfdouble" xmlns:a="http://schemas.microsoft.com/2003/10/Serialization/Arrays"><a:double>0</a:double><a:double>0</a:double><a:double>0</a:double></Value></Attribute><Attribute z:Id="i73"><AttributeType>rpy</AttributeType><IsRequired>true</IsRequired><Value i:type="a:ArrayOfdouble" xmlns:a="http://schemas.microsoft.com/2003/10/Serialization/Arrays"><a:double>0</a:double><a:double>0</a:double><a:double>0</a:double></Value></Attribute></Attributes><ChildElements/><ElementName>origin</ElementName><required>false</required><RPYAttribute z:Ref="i73"/><XYZAttribute z:Ref="i72"/><isCustomized>false</isCustomized></URDFElement><URDFElement z:Id="i74" i:type="Mass"><Attributes><Attribute z:Id="i75"><AttributeType>value</AttributeType><IsRequired>true</IsRequired><Value i:type="a:double" xmlns:a="http://www.w3.org/2001/XMLSchema">0</Value></Attribute></Attributes><ChildElements/><ElementName>mass</ElementName><required>false</required><ValueAttribute z:Ref="i75"/></URDFElement><URDFElement z:Id="i76" i:type="Inertia"><Attributes><Attribute z:Id="i77"><AttributeType>ixx</AttributeType><IsRequired>true</IsRequired><Value i:type="a:double" xmlns:a="http://www.w3.org/2001/XMLSchema">0</Value></Attribute><Attribute z:Id="i78"><AttributeType>ixy</AttributeType><IsRequired>true</IsRequired><Value i:type="a:double" xmlns:a="http://www.w3.org/2001/XMLSchema">0</Value></Attribute><Attribute z:Id="i79"><AttributeType>ixz</AttributeType><IsRequired>true</IsRequired><Value i:type="a:double" xmlns:a="http://www.w3.org/2001/XMLSchema">0</Value></Attribute><Attribute z:Id="i80"><AttributeType>iyy</AttributeType><IsRequired>true</IsRequired><Value i:type="a:double" xmlns:a="http://www.w3.org/2001/XMLSchema">0</Value></Attribute><Attribute z:Id="i81"><AttributeType>iyz</AttributeType><IsRequired>true</IsRequired><Value i:type="a:double" xmlns:a="http://www.w3.org/2001/XMLSchema">0</Value></Attribute><Attribute z:Id="i82"><AttributeType>izz</AttributeType><IsRequired>true</IsRequired><Value i:type="a:double" xmlns:a="http://www.w3.org/2001/XMLSchema">0</Value></Attribute></Attributes><ChildElements/><ElementName>inertia</ElementName><required>false</required><IxxAttribute z:Ref="i77"/><IxyAttribute z:Ref="i78"/><IxzAttribute z:Ref="i79"/><IyyAttribute z:Ref="i80"/><IyzAttribute z:Ref="i81"/><IzzAttribute z:Ref="i82"/></URDFElement></ChildElements><ElementName>inertial</ElementName><required>false</required><Inertia z:Ref="i76"/><Mass z:Ref="i74"/><Origin z:Ref="i71"/></URDFElement><URDFElement z:Id="i83" i:type="Visual"><Attributes/><ChildElements><URDFElement z:Id="i84" i:type="Origin"><Attributes><Attribute z:Id="i85"><AttributeType>xyz</AttributeType><IsRequired>true</IsRequired><Value i:type="a:ArrayOfdouble" xmlns:a="http://schemas.microsoft.com/2003/10/Serialization/Arrays"><a:double>0</a:double><a:double>0</a:double><a:double>0</a:double></Value></Attribute><Attribute z:Id="i86"><AttributeType>rpy</AttributeType><IsRequired>true</IsRequired><Value i:type="a:ArrayOfdouble" xmlns:a="http://schemas.microsoft.com/2003/10/Serialization/Arrays"><a:double>0</a:double><a:double>0</a:double><a:double>0</a:double></Value></Attribute></Attributes><ChildElements/><ElementName>origin</ElementName><required>false</required><RPYAttribute z:Ref="i86"/><XYZAttribute z:Ref="i85"/><isCustomized>false</isCustomized></URDFElement><URDFElement z:Id="i87" i:type="Geometry"><Attributes/><ChildElements><URDFElement z:Id="i88" i:type="Mesh"><Attributes><Attribute z:Id="i89"><AttributeType>filename</AttributeType><IsRequired>true</IsRequired><Value i:nil="true"/></Attribute></Attributes><ChildElements/><ElementName>mesh</ElementName><required>false</required><FilenameAttribute z:Ref="i89"/></URDFElement></ChildElements><ElementName>geometry</ElementName><required>true</required><Mesh z:Ref="i88"/></URDFElement><URDFElement z:Id="i90" i:type="Material"><Attributes><Attribute z:Id="i91"><AttributeType>name</AttributeType><IsRequired>true</IsRequired><Value i:type="a:string" xmlns:a="http://www.w3.org/2001/XMLSchema"/></Attribute></Attributes><ChildElements><URDFElement z:Id="i92" i:type="Color"><Attributes><Attribute z:Id="i93"><AttributeType>rgba</AttributeType><IsRequired>true</IsRequired><Value i:type="a:ArrayOfdouble" xmlns:a="http://schemas.microsoft.com/2003/10/Serialization/Arrays"><a:double>1</a:double><a:double>1</a:double><a:double>1</a:double><a:double>1</a:double></Value></Attribute></Attributes><ChildElements/><ElementName>color</ElementName><required>false</required><RGBAAttribute z:Ref="i93"/></URDFElement><URDFElement z:Id="i94" i:type="Texture"><Attributes><Attribute z:Id="i95"><AttributeType>filename</AttributeType><IsRequired>true</IsRequired><Value i:nil="true"/></Attribute></Attributes><ChildElements/><ElementName>texture</ElementName><required>false</required><FilenameAttribute z:Ref="i95"/><wFilename/></URDFElement></ChildElements><ElementName>material</ElementName><required>false</required><Color z:Ref="i92"/><NameAttribute z:Ref="i91"/><Texture z:Ref="i94"/></URDFElement></ChildElements><ElementName>visual</ElementName><required>false</required><Geometry z:Ref="i87"/><Material z:Ref="i90"/><Origin z:Ref="i84"/></URDFElement><URDFElement z:Id="i96" i:type="Collision"><Attributes/><ChildElements><URDFElement z:Id="i97" i:type="Origin"><Attributes><Attribute z:Id="i98"><AttributeType>xyz</AttributeType><IsRequired>true</IsRequired><Value i:type="a:ArrayOfdouble" xmlns:a="http://schemas.microsoft.com/2003/10/Serialization/Arrays"><a:double>0</a:double><a:double>0</a:double><a:double>0</a:double></Value></Attribute><Attribute z:Id="i99"><AttributeType>rpy</AttributeType><IsRequired>true</IsRequired><Value i:type="a:ArrayOfdouble" xmlns:a="http://schemas.microsoft.com/2003/10/Serialization/Arrays"><a:double>0</a:double><a:double>0</a:double><a:double>0</a:double></Value></Attribute></Attributes><ChildElements/><ElementName>origin</ElementName><required>false</required><RPYAttribute z:Ref="i99"/><XYZAttribute z:Ref="i98"/><isCustomized>false</isCustomized></URDFElement><URDFElement z:Id="i100" i:type="Geometry"><Attributes/><ChildElements><URDFElement z:Id="i101" i:type="Mesh"><Attributes><Attribute z:Id="i102"><AttributeType>filename</AttributeType><IsRequired>true</IsRequired><Value i:nil="true"/></Attribute></Attributes><ChildElements/><ElementName>mesh</ElementName><required>false</required><FilenameAttribute z:Ref="i102"/></URDFElement></ChildElements><ElementName>geometry</ElementName><required>true</required><Mesh z:Ref="i101"/></URDFElement></ChildElements><ElementName>collision</ElementName><required>false</required><Geometry z:Ref="i100"/><Origin z:Ref="i97"/></URDFElement><URDFElement z:Id="i103" i:type="Joint"><Attributes><Attribute z:Id="i104"><AttributeType>name</AttributeType><IsRequired>true</IsRequired><Value i:type="a:string" xmlns:a="http://www.w3.org/2001/XMLSchema">joint_1</Value></Attribute><Attribute z:Id="i105"><AttributeType>type</AttributeType><IsRequired>true</IsRequired><Value i:type="a:string" xmlns:a="http://www.w3.org/2001/XMLSchema">Automatically Detect</Value></Attribute></Attributes><ChildElements><URDFElement z:Id="i106" i:type="Origin"><Attributes><Attribute z:Id="i107"><AttributeType>xyz</AttributeType><IsRequired>true</IsRequired><Value i:type="a:ArrayOfdouble" xmlns:a="http://schemas.microsoft.com/2003/10/Serialization/Arrays"><a:double>0</a:double><a:double>0</a:double><a:double>0</a:double></Value></Attribute><Attribute z:Id="i108"><AttributeType>rpy</AttributeType><IsRequired>true</IsRequired><Value i:type="a:ArrayOfdouble" xmlns:a="http://schemas.microsoft.com/2003/10/Serialization/Arrays"><a:double>0</a:double><a:double>0</a:double><a:double>0</a:double></Value></Attribute></Attributes><ChildElements/><ElementName>origin</ElementName><required>false</required><RPYAttribute z:Ref="i108"/><XYZAttribute z:Ref="i107"/><isCustomized>false</isCustomized></URDFElement><URDFElement z:Id="i109" i:type="ParentLink"><Attributes><Attribute z:Id="i110"><AttributeType>link</AttributeType><IsRequired>true</IsRequired><Value i:type="a:string" xmlns:a="http://www.w3.org/2001/XMLSchema"/></Attribute></Attributes><ChildElements/><ElementName>parent</ElementName><required>true</required><NameAttribute z:Ref="i110"/></URDFElement><URDFElement z:Id="i111" i:type="ChildLink"><Attributes><Attribute z:Id="i112"><AttributeType>link</AttributeType><IsRequired>true</IsRequired><Value i:type="a:string" xmlns:a="http://www.w3.org/2001/XMLSchema"/></Attribute></Attributes><ChildElements/><ElementName>child</ElementName><required>true</required><NameAttribute z:Ref="i112"/></URDFElement><URDFElement z:Id="i113" i:type="Axis"><Attributes><Attribute z:Id="i114"><AttributeType>xyz</AttributeType><IsRequired>true</IsRequired><Value i:type="a:ArrayOfdouble" xmlns:a="http://schemas.microsoft.com/2003/10/Serialization/Arrays"><a:double>0</a:double><a:double>0</a:double><a:double>0</a:double></Value></Attribute></Attributes><ChildElements/><ElementName>axis</ElementName><required>false</required><XYZAttribute z:Ref="i114"/></URDFElement><URDFElement z:Id="i115" i:type="Limit"><Attributes><Attribute z:Id="i116"><AttributeType>lower</AttributeType><IsRequired>false</IsRequired><Value i:nil="true"/></Attribute><Attribute z:Id="i117"><AttributeType>upper</AttributeType><IsRequired>false</IsRequired><Value i:nil="true"/></Attribute><Attribute z:Id="i118"><AttributeType>effort</AttributeType><IsRequired>true</IsRequired><Value i:nil="true"/></Attribute><Attribute z:Id="i119"><AttributeType>velocity</AttributeType><IsRequired>true</IsRequired><Value i:nil="true"/></Attribute></Attributes><ChildElements/><ElementName>limit</ElementName><required>false</required><EffortAttribute z:Ref="i118"/><LowerAttribute z:Ref="i116"/><UpperAttribute z:Ref="i117"/><VelocityAttribute z:Ref="i119"/></URDFElement><URDFElement z:Id="i120" i:type="Calibration"><Attributes><Attribute z:Id="i121"><AttributeType>rising</AttributeType><IsRequired>false</IsRequired><Value i:nil="true"/></Attribute><Attribute z:Id="i122"><AttributeType>falling</AttributeType><IsRequired>false</IsRequired><Value i:nil="true"/></Attribute></Attributes><ChildElements/><ElementName>calibration</ElementName><required>false</required><FallingAttribute z:Ref="i122"/><RisingAttribute z:Ref="i121"/></URDFElement><URDFElement z:Id="i123" i:type="Dynamics"><Attributes><Attribute z:Id="i124"><AttributeType>damping</AttributeType><IsRequired>false</IsRequired><Value i:nil="true"/></Attribute><Attribute z:Id="i125"><AttributeType>friction</AttributeType><IsRequired>false</IsRequired><Value i:nil="true"/></Attribute></Attributes><ChildElements/><ElementName>dynamics</ElementName><required>false</required><DampingAttribute z:Ref="i124"/><FrictionAttribute z:Ref="i125"/></URDFElement><URDFElement z:Id="i126" i:type="SafetyController"><Attributes><Attribute z:Id="i127"><AttributeType>soft_upper_limit</AttributeType><IsRequired>false</IsRequired><Value i:nil="true"/></Attribute><Attribute z:Id="i128"><AttributeType>soft_lower_limit</AttributeType><IsRequired>false</IsRequired><Value i:nil="true"/></Attribute><Attribute z:Id="i129"><AttributeType>k_position</AttributeType><IsRequired>false</IsRequired><Value i:nil="true"/></Attribute><Attribute z:Id="i130"><AttributeType>k_velocity</AttributeType><IsRequired>true</IsRequired><Value i:nil="true"/></Attribute></Attributes><ChildElements/><ElementName>safety_controller</ElementName><required>false</required><KPositionAttribute z:Ref="i129"/><KVelocityAttribute z:Ref="i130"/><SoftLowerAttribute z:Ref="i128"/><SoftUpperAttribute z:Ref="i127"/></URDFElement><URDFElement z:Id="i131" i:type="Mimic"><Attributes><Attribute z:Id="i132"><AttributeType>joint</AttributeType><IsRequired>true</IsRequired><Value i:nil="true"/></Attribute><Attribute z:Id="i133"><AttributeType>multiplier</AttributeType><IsRequired>false</IsRequired><Value i:nil="true"/></Attribute><Attribute z:Id="i134"><AttributeType>offset</AttributeType><IsRequired>false</IsRequired><Value i:nil="true"/></Attribute></Attributes><ChildElements/><ElementName>mimic</ElementName><required>false</required><JointNameAttribute z:Ref="i132"/><MultiplierAttribute z:Ref="i133"/><OffsetAttribute z:Ref="i134"/></URDFElement></ChildElements><ElementName>joint</ElementName><required>false</required><Axis z:Ref="i113"/><AxisName>Automatically Generate</AxisName><Calibration z:Ref="i120"/><Child z:Ref="i111"/><CoordinateSystemName>Automatically Generate</CoordinateSystemName><Dynamics z:Ref="i123"/><Limit z:Ref="i115"/><Mimic z:Ref="i131"/><NameAttribute z:Ref="i104"/><Origin z:Ref="i106"/><Parent z:Ref="i109"/><Safety z:Ref="i126"/><TypeAttribute z:Ref="i105"/></URDFElement></ChildElements><ElementName>link</ElementName><required>true</required><Children><Link z:Id="i135"><Attributes><Attribute z:Id="i136"><AttributeType>name</AttributeType><IsRequired>true</IsRequired><Value i:type="a:string" xmlns:a="http://www.w3.org/2001/XMLSchema">link_2</Value></Attribute></Attributes><ChildElements><URDFElement z:Id="i137" i:type="Inertial"><Attributes/><ChildElements><URDFElement z:Id="i138" i:type="Origin"><Attributes><Attribute z:Id="i139"><AttributeType>xyz</AttributeType><IsRequired>true</IsRequired><Value i:type="a:ArrayOfdouble" xmlns:a="http://schemas.microsoft.com/2003/10/Serialization/Arrays"><a:double>0</a:double><a:double>0</a:double><a:double>0</a:double></Value></Attribute><Attribute z:Id="i140"><AttributeType>rpy</AttributeType><IsRequired>true</IsRequired><Value i:type="a:ArrayOfdouble" xmlns:a="http://schemas.microsoft.com/2003/10/Serialization/Arrays"><a:double>0</a:double><a:double>0</a:double><a:double>0</a:double></Value></Attribute></Attributes><ChildElements/><ElementName>origin</ElementName><required>false</required><RPYAttribute z:Ref="i140"/><XYZAttribute z:Ref="i139"/><isCustomized>false</isCustomized></URDFElement><URDFElement z:Id="i141" i:type="Mass"><Attributes><Attribute z:Id="i142"><AttributeType>value</AttributeType><IsRequired>true</IsRequired><Value i:type="a:double" xmlns:a="http://www.w3.org/2001/XMLSchema">0</Value></Attribute></Attributes><ChildElements/><ElementName>mass</ElementName><required>false</required><ValueAttribute z:Ref="i142"/></URDFElement><URDFElement z:Id="i143" i:type="Inertia"><Attributes><Attribute z:Id="i144"><AttributeType>ixx</AttributeType><IsRequired>true</IsRequired><Value i:type="a:double" xmlns:a="http://www.w3.org/2001/XMLSchema">0</Value></Attribute><Attribute z:Id="i145"><AttributeType>ixy</AttributeType><IsRequired>true</IsRequired><Value i:type="a:double" xmlns:a="http://www.w3.org/2001/XMLSchema">0</Value></Attribute><Attribute z:Id="i146"><AttributeType>ixz</AttributeType><IsRequired>true</IsRequired><Value i:type="a:double" xmlns:a="http://www.w3.org/2001/XMLSchema">0</Value></Attribute><Attribute z:Id="i147"><AttributeType>iyy</AttributeType><IsRequired>true</IsRequired><Value i:type="a:double" xmlns:a="http://www.w3.org/2001/XMLSchema">0</Value></Attribute><Attribute z:Id="i148"><AttributeType>iyz</AttributeType><IsRequired>true</IsRequired><Value i:type="a:double" xmlns:a="http://www.w3.org/2001/XMLSchema">0</Value></Attribute><Attribute z:Id="i149"><AttributeType>izz</AttributeType><IsRequired>true</IsRequired><Value i:type="a:double" xmlns:a="http://www.w3.org/2001/XMLSchema">0</Value></Attribute></Attributes><ChildElements/><ElementName>inertia</ElementName><required>false</required><IxxAttribute z:Ref="i144"/><IxyAttribute z:Ref="i145"/><IxzAttribute z:Ref="i146"/><IyyAttribute z:Ref="i147"/><IyzAttribute z:Ref="i148"/><IzzAttribute z:Ref="i149"/></URDFElement></ChildElements><ElementName>inertial</ElementName><required>false</required><Inertia z:Ref="i143"/><Mass z:Ref="i141"/><Origin z:Ref="i138"/></URDFElement><URDFElement z:Id="i150" i:type="Visual"><Attributes/><ChildElements><URDFElement z:Id="i151" i:type="Origin"><Attributes><Attribute z:Id="i152"><AttributeType>xyz</AttributeType><IsRequired>true</IsRequired><Value i:type="a:ArrayOfdouble" xmlns:a="http://schemas.microsoft.com/2003/10/Serialization/Arrays"><a:double>0</a:double><a:double>0</a:double><a:double>0</a:double></Value></Attribute><Attribute z:Id="i153"><AttributeType>rpy</AttributeType><IsRequired>true</IsRequired><Value i:type="a:ArrayOfdouble" xmlns:a="http://schemas.microsoft.com/2003/10/Serialization/Arrays"><a:double>0</a:double><a:double>0</a:double><a:double>0</a:double></Value></Attribute></Attributes><ChildElements/><ElementName>origin</ElementName><required>false</required><RPYAttribute z:Ref="i153"/><XYZAttribute z:Ref="i152"/><isCustomized>false</isCustomized></URDFElement><URDFElement z:Id="i154" i:type="Geometry"><Attributes/><ChildElements><URDFElement z:Id="i155" i:type="Mesh"><Attributes><Attribute z:Id="i156"><AttributeType>filename</AttributeType><IsRequired>true</IsRequired><Value i:nil="true"/></Attribute></Attributes><ChildElements/><ElementName>mesh</ElementName><required>false</required><FilenameAttribute z:Ref="i156"/></URDFElement></ChildElements><ElementName>geometry</ElementName><required>true</required><Mesh z:Ref="i155"/></URDFElement><URDFElement z:Id="i157" i:type="Material"><Attributes><Attribute z:Id="i158"><AttributeType>name</AttributeType><IsRequired>true</IsRequired><Value i:type="a:string" xmlns:a="http://www.w3.org/2001/XMLSchema"/></Attribute></Attributes><ChildElements><URDFElement z:Id="i159" i:type="Color"><Attributes><Attribute z:Id="i160"><AttributeType>rgba</AttributeType><IsRequired>true</IsRequired><Value i:type="a:ArrayOfdouble" xmlns:a="http://schemas.microsoft.com/2003/10/Serialization/Arrays"><a:double>1</a:double><a:double>1</a:double><a:double>1</a:double><a:double>1</a:double></Value></Attribute></Attributes><ChildElements/><ElementName>color</ElementName><required>false</required><RGBAAttribute z:Ref="i160"/></URDFElement><URDFElement z:Id="i161" i:type="Texture"><Attributes><Attribute z:Id="i162"><AttributeType>filename</AttributeType><IsRequired>true</IsRequired><Value i:nil="true"/></Attribute></Attributes><ChildElements/><ElementName>texture</ElementName><required>false</required><FilenameAttribute z:Ref="i162"/><wFilename/></URDFElement></ChildElements><ElementName>material</ElementName><required>false</required><Color z:Ref="i159"/><NameAttribute z:Ref="i158"/><Texture z:Ref="i161"/></URDFElement></ChildElements><ElementName>visual</ElementName><required>false</required><Geometry z:Ref="i154"/><Material z:Ref="i157"/><Origin z:Ref="i151"/></URDFElement><URDFElement z:Id="i163" i:type="Collision"><Attributes/><ChildElements><URDFElement z:Id="i164" i:type="Origin"><Attributes><Attribute z:Id="i165"><AttributeType>xyz</AttributeType><IsRequired>true</IsRequired><Value i:type="a:ArrayOfdouble" xmlns:a="http://schemas.microsoft.com/2003/10/Serialization/Arrays"><a:double>0</a:double><a:double>0</a:double><a:double>0</a:double></Value></Attribute><Attribute z:Id="i166"><AttributeType>rpy</AttributeType><IsRequired>true</IsRequired><Value i:type="a:ArrayOfdouble" xmlns:a="http://schemas.microsoft.com/2003/10/Serialization/Arrays"><a:double>0</a:double><a:double>0</a:double><a:double>0</a:double></Value></Attribute></Attributes><ChildElements/><ElementName>origin</ElementName><required>false</required><RPYAttribute z:Ref="i166"/><XYZAttribute z:Ref="i165"/><isCustomized>false</isCustomized></URDFElement><URDFElement z:Id="i167" i:type="Geometry"><Attributes/><ChildElements><URDFElement z:Id="i168" i:type="Mesh"><Attributes><Attribute z:Id="i169"><AttributeType>filename</AttributeType><IsRequired>true</IsRequired><Value i:nil="true"/></Attribute></Attributes><ChildElements/><ElementName>mesh</ElementName><required>false</required><FilenameAttribute z:Ref="i169"/></URDFElement></ChildElements><ElementName>geometry</ElementName><required>true</required><Mesh z:Ref="i168"/></URDFElement></ChildElements><ElementName>collision</ElementName><required>false</required><Geometry z:Ref="i167"/><Origin z:Ref="i164"/></URDFElement><URDFElement z:Id="i170" i:type="Joint"><Attributes><Attribute z:Id="i171"><AttributeType>name</AttributeType><IsRequired>true</IsRequired><Value i:type="a:string" xmlns:a="http://www.w3.org/2001/XMLSchema">joint_2</Value></Attribute><Attribute z:Id="i172"><AttributeType>type</AttributeType><IsRequired>true</IsRequired><Value i:type="a:string" xmlns:a="http://www.w3.org/2001/XMLSchema">Automatically Detect</Value></Attribute></Attributes><ChildElements><URDFElement z:Id="i173" i:type="Origin"><Attributes><Attribute z:Id="i174"><AttributeType>xyz</AttributeType><IsRequired>true</IsRequired><Value i:type="a:ArrayOfdouble" xmlns:a="http://schemas.microsoft.com/2003/10/Serialization/Arrays"><a:double>0</a:double><a:double>0</a:double><a:double>0</a:double></Value></Attribute><Attribute z:Id="i175"><AttributeType>rpy</AttributeType><IsRequired>true</IsRequired><Value i:type="a:ArrayOfdouble" xmlns:a="http://schemas.microsoft.com/2003/10/Serialization/Arrays"><a:double>0</a:double><a:double>0</a:double><a:double>0</a:double></Value></Attribute></Attributes><ChildElements/><ElementName>origin</ElementName><required>false</required><RPYAttribute z:Ref="i175"/><XYZAttribute z:Ref="i174"/><isCustomized>false</isCustomized></URDFElement><URDFElement z:Id="i176" i:type="ParentLink"><Attributes><Attribute z:Id="i177"><AttributeType>link</AttributeType><IsRequired>true</IsRequired><Value i:type="a:string" xmlns:a="http://www.w3.org/2001/XMLSchema"/></Attribute></Attributes><ChildElements/><ElementName>parent</ElementName><required>true</required><NameAttribute z:Ref="i177"/></URDFElement><URDFElement z:Id="i178" i:type="ChildLink"><Attributes><Attribute z:Id="i179"><AttributeType>link</AttributeType><IsRequired>true</IsRequired><Value i:type="a:string" xmlns:a="http://www.w3.org/2001/XMLSchema"/></Attribute></Attributes><ChildElements/><ElementName>child</ElementName><required>true</required><NameAttribute z:Ref="i179"/></URDFElement><URDFElement z:Id="i180" i:type="Axis"><Attributes><Attribute z:Id="i181"><AttributeType>xyz</AttributeType><IsRequired>true</IsRequired><Value i:type="a:ArrayOfdouble" xmlns:a="http://schemas.microsoft.com/2003/10/Serialization/Arrays"><a:double>0</a:double><a:double>0</a:double><a:double>0</a:double></Value></Attribute></Attributes><ChildElements/><ElementName>axis</ElementName><required>false</required><XYZAttribute z:Ref="i181"/></URDFElement><URDFElement z:Id="i182" i:type="Limit"><Attributes><Attribute z:Id="i183"><AttributeType>lower</AttributeType><IsRequired>false</IsRequired><Value i:nil="true"/></Attribute><Attribute z:Id="i184"><AttributeType>upper</AttributeType><IsRequired>false</IsRequired><Value i:nil="true"/></Attribute><Attribute z:Id="i185"><AttributeType>effort</AttributeType><IsRequired>true</IsRequired><Value i:nil="true"/></Attribute><Attribute z:Id="i186"><AttributeType>velocity</AttributeType><IsRequired>true</IsRequired><Value i:nil="true"/></Attribute></Attributes><ChildElements/><ElementName>limit</ElementName><required>false</required><EffortAttribute z:Ref="i185"/><LowerAttribute z:Ref="i183"/><UpperAttribute z:Ref="i184"/><VelocityAttribute z:Ref="i186"/></URDFElement><URDFElement z:Id="i187" i:type="Calibration"><Attributes><Attribute z:Id="i188"><AttributeType>rising</AttributeType><IsRequired>false</IsRequired><Value i:nil="true"/></Attribute><Attribute z:Id="i189"><AttributeType>falling</AttributeType><IsRequired>false</IsRequired><Value i:nil="true"/></Attribute></Attributes><ChildElements/><ElementName>calibration</ElementName><required>false</required><FallingAttribute z:Ref="i189"/><RisingAttribute z:Ref="i188"/></URDFElement><URDFElement z:Id="i190" i:type="Dynamics"><Attributes><Attribute z:Id="i191"><AttributeType>damping</AttributeType><IsRequired>false</IsRequired><Value i:nil="true"/></Attribute><Attribute z:Id="i192"><AttributeType>friction</AttributeType><IsRequired>false</IsRequired><Value i:nil="true"/></Attribute></Attributes><ChildElements/><ElementName>dynamics</ElementName><required>false</required><DampingAttribute z:Ref="i191"/><FrictionAttribute z:Ref="i192"/></URDFElement><URDFElement z:Id="i193" i:type="SafetyController"><Attributes><Attribute z:Id="i194"><AttributeType>soft_upper_limit</AttributeType><IsRequired>false</IsRequired><Value i:nil="true"/></Attribute><Attribute z:Id="i195"><AttributeType>soft_lower_limit</AttributeType><IsRequired>false</IsRequired><Value i:nil="true"/></Attribute><Attribute z:Id="i196"><AttributeType>k_position</AttributeType><IsRequired>false</IsRequired><Value i:nil="true"/></Attribute><Attribute z:Id="i197"><AttributeType>k_velocity</AttributeType><IsRequired>true</IsRequired><Value i:nil="true"/></Attribute></Attributes><ChildElements/><ElementName>safety_controller</ElementName><required>false</required><KPositionAttribute z:Ref="i196"/><KVelocityAttribute z:Ref="i197"/><SoftLowerAttribute z:Ref="i195"/><SoftUpperAttribute z:Ref="i194"/></URDFElement><URDFElement z:Id="i198" i:type="Mimic"><Attributes><Attribute z:Id="i199"><AttributeType>joint</AttributeType><IsRequired>true</IsRequired><Value i:nil="true"/></Attribute><Attribute z:Id="i200"><AttributeType>multiplier</AttributeType><IsRequired>false</IsRequired><Value i:nil="true"/></Attribute><Attribute z:Id="i201"><AttributeType>offset</AttributeType><IsRequired>false</IsRequired><Value i:nil="true"/></Attribute></Attributes><ChildElements/><ElementName>mimic</ElementName><required>false</required><JointNameAttribute z:Ref="i199"/><MultiplierAttribute z:Ref="i200"/><OffsetAttribute z:Ref="i201"/></URDFElement></ChildElements><ElementName>joint</ElementName><required>false</required><Axis z:Ref="i180"/><AxisName>Automatically Generate</AxisName><Calibration z:Ref="i187"/><Child z:Ref="i178"/><CoordinateSystemName>Automatically Generate</CoordinateSystemName><Dynamics z:Ref="i190"/><Limit z:Ref="i182"/><Mimic z:Ref="i198"/><NameAttribute z:Ref="i171"/><Origin z:Ref="i173"/><Parent z:Ref="i176"/><Safety z:Ref="i193"/><TypeAttribute z:Ref="i172"/></URDFElement></ChildElements><ElementName>link</ElementName><required>true</required><Children><Link z:Id="i202"><Attributes><Attribute z:Id="i203"><AttributeType>name</AttributeType><IsRequired>true</IsRequired><Value i:type="a:string" xmlns:a="http://www.w3.org/2001/XMLSchema">link_3</Value></Attribute></Attributes><ChildElements><URDFElement z:Id="i204" i:type="Inertial"><Attributes/><ChildElements><URDFElement z:Id="i205" i:type="Origin"><Attributes><Attribute z:Id="i206"><AttributeType>xyz</AttributeType><IsRequired>true</IsRequired><Value i:type="a:ArrayOfdouble" xmlns:a="http://schemas.microsoft.com/2003/10/Serialization/Arrays"><a:double>0</a:double><a:double>0</a:double><a:double>0</a:double></Value></Attribute><Attribute z:Id="i207"><AttributeType>rpy</AttributeType><IsRequired>true</IsRequired><Value i:type="a:ArrayOfdouble" xmlns:a="http://schemas.microsoft.com/2003/10/Serialization/Arrays"><a:double>0</a:double><a:double>0</a:double><a:double>0</a:double></Value></Attribute></Attributes><ChildElements/><ElementName>origin</ElementName><required>false</required><RPYAttribute z:Ref="i207"/><XYZAttribute z:Ref="i206"/><isCustomized>false</isCustomized></URDFElement><URDFElement z:Id="i208" i:type="Mass"><Attributes><Attribute z:Id="i209"><AttributeType>value</AttributeType><IsRequired>true</IsRequired><Value i:type="a:double" xmlns:a="http://www.w3.org/2001/XMLSchema">0</Value></Attribute></Attributes><ChildElements/><ElementName>mass</ElementName><required>false</required><ValueAttribute z:Ref="i209"/></URDFElement><URDFElement z:Id="i210" i:type="Inertia"><Attributes><Attribute z:Id="i211"><AttributeType>ixx</AttributeType><IsRequired>true</IsRequired><Value i:type="a:double" xmlns:a="http://www.w3.org/2001/XMLSchema">0</Value></Attribute><Attribute z:Id="i212"><AttributeType>ixy</AttributeType><IsRequired>true</IsRequired><Value i:type="a:double" xmlns:a="http://www.w3.org/2001/XMLSchema">0</Value></Attribute><Attribute z:Id="i213"><AttributeType>ixz</AttributeType><IsRequired>true</IsRequired><Value i:type="a:double" xmlns:a="http://www.w3.org/2001/XMLSchema">0</Value></Attribute><Attribute z:Id="i214"><AttributeType>iyy</AttributeType><IsRequired>true</IsRequired><Value i:type="a:double" xmlns:a="http://www.w3.org/2001/XMLSchema">0</Value></Attribute><Attribute z:Id="i215"><AttributeType>iyz</AttributeType><IsRequired>true</IsRequired><Value i:type="a:double" xmlns:a="http://www.w3.org/2001/XMLSchema">0</Value></Attribute><Attribute z:Id="i216"><AttributeType>izz</AttributeType><IsRequired>true</IsRequired><Value i:type="a:double" xmlns:a="http://www.w3.org/2001/XMLSchema">0</Value></Attribute></Attributes><ChildElements/><ElementName>inertia</ElementName><required>false</required><IxxAttribute z:Ref="i211"/><IxyAttribute z:Ref="i212"/><IxzAttribute z:Ref="i213"/><IyyAttribute z:Ref="i214"/><IyzAttribute z:Ref="i215"/><IzzAttribute z:Ref="i216"/></URDFElement></ChildElements><ElementName>inertial</ElementName><required>false</required><Inertia z:Ref="i210"/><Mass z:Ref="i208"/><Origin z:Ref="i205"/></URDFElement><URDFElement z:Id="i217" i:type="Visual"><Attributes/><ChildElements><URDFElement z:Id="i218" i:type="Origin"><Attributes><Attribute z:Id="i219"><AttributeType>xyz</AttributeType><IsRequired>true</IsRequired><Value i:type="a:ArrayOfdouble" xmlns:a="http://schemas.microsoft.com/2003/10/Serialization/Arrays"><a:double>0</a:double><a:double>0</a:double><a:double>0</a:double></Value></Attribute><Attribute z:Id="i220"><AttributeType>rpy</AttributeType><IsRequired>true</IsRequired><Value i:type="a:ArrayOfdouble" xmlns:a="http://schemas.microsoft.com/2003/10/Serialization/Arrays"><a:double>0</a:double><a:double>0</a:double><a:double>0</a:double></Value></Attribute></Attributes><ChildElements/><ElementName>origin</ElementName><required>false</required><RPYAttribute z:Ref="i220"/><XYZAttribute z:Ref="i219"/><isCustomized>false</isCustomized></URDFElement><URDFElement z:Id="i221" i:type="Geometry"><Attributes/><ChildElements><URDFElement z:Id="i222" i:type="Mesh"><Attributes><Attribute z:Id="i223"><AttributeType>filename</AttributeType><IsRequired>true</IsRequired><Value i:nil="true"/></Attribute></Attributes><ChildElements/><ElementName>mesh</ElementName><required>false</required><FilenameAttribute z:Ref="i223"/></URDFElement></ChildElements><ElementName>geometry</ElementName><required>true</required><Mesh z:Ref="i222"/></URDFElement><URDFElement z:Id="i224" i:type="Material"><Attributes><Attribute z:Id="i225"><AttributeType>name</AttributeType><IsRequired>true</IsRequired><Value i:type="a:string" xmlns:a="http://www.w3.org/2001/XMLSchema"/></Attribute></Attributes><ChildElements><URDFElement z:Id="i226" i:type="Color"><Attributes><Attribute z:Id="i227"><AttributeType>rgba</AttributeType><IsRequired>true</IsRequired><Value i:type="a:ArrayOfdouble" xmlns:a="http://schemas.microsoft.com/2003/10/Serialization/Arrays"><a:double>1</a:double><a:double>1</a:double><a:double>1</a:double><a:double>1</a:double></Value></Attribute></Attributes><ChildElements/><ElementName>color</ElementName><required>false</required><RGBAAttribute z:Ref="i227"/></URDFElement><URDFElement z:Id="i228" i:type="Texture"><Attributes><Attribute z:Id="i229"><AttributeType>filename</AttributeType><IsRequired>true</IsRequired><Value i:nil="true"/></Attribute></Attributes><ChildElements/><ElementName>texture</ElementName><required>false</required><FilenameAttribute z:Ref="i229"/><wFilename/></URDFElement></ChildElements><ElementName>material</ElementName><required>false</required><Color z:Ref="i226"/><NameAttribute z:Ref="i225"/><Texture z:Ref="i228"/></URDFElement></ChildElements><ElementName>visual</ElementName><required>false</required><Geometry z:Ref="i221"/><Material z:Ref="i224"/><Origin z:Ref="i218"/></URDFElement><URDFElement z:Id="i230" i:type="Collision"><Attributes/><ChildElements><URDFElement z:Id="i231" i:type="Origin"><Attributes><Attribute z:Id="i232"><AttributeType>xyz</AttributeType><IsRequired>true</IsRequired><Value i:type="a:ArrayOfdouble" xmlns:a="http://schemas.microsoft.com/2003/10/Serialization/Arrays"><a:double>0</a:double><a:double>0</a:double><a:double>0</a:double></Value></Attribute><Attribute z:Id="i233"><AttributeType>rpy</AttributeType><IsRequired>true</IsRequired><Value i:type="a:ArrayOfdouble" xmlns:a="http://schemas.microsoft.com/2003/10/Serialization/Arrays"><a:double>0</a:double><a:double>0</a:double><a:double>0</a:double></Value></Attribute></Attributes><ChildElements/><ElementName>origin</ElementName><required>false</required><RPYAttribute z:Ref="i233"/><XYZAttribute z:Ref="i232"/><isCustomized>false</isCustomized></URDFElement><URDFElement z:Id="i234" i:type="Geometry"><Attributes/><ChildElements><URDFElement z:Id="i235" i:type="Mesh"><Attributes><Attribute z:Id="i236"><AttributeType>filename</AttributeType><IsRequired>true</IsRequired><Value i:nil="true"/></Attribute></Attributes><ChildElements/><ElementName>mesh</ElementName><required>false</required><FilenameAttribute z:Ref="i236"/></URDFElement></ChildElements><ElementName>geometry</ElementName><required>true</required><Mesh z:Ref="i235"/></URDFElement></ChildElements><ElementName>collision</ElementName><required>false</required><Geometry z:Ref="i234"/><Origin z:Ref="i231"/></URDFElement><URDFElement z:Id="i237" i:type="Joint"><Attributes><Attribute z:Id="i238"><AttributeType>name</AttributeType><IsRequired>true</IsRequired><Value i:type="a:string" xmlns:a="http://www.w3.org/2001/XMLSchema">joint_3</Value></Attribute><Attribute z:Id="i239"><AttributeType>type</AttributeType><IsRequired>true</IsRequired><Value i:type="a:string" xmlns:a="http://www.w3.org/2001/XMLSchema">Automatically Detect</Value></Attribute></Attributes><ChildElements><URDFElement z:Id="i240" i:type="Origin"><Attributes><Attribute z:Id="i241"><AttributeType>xyz</AttributeType><IsRequired>true</IsRequired><Value i:type="a:ArrayOfdouble" xmlns:a="http://schemas.microsoft.com/2003/10/Serialization/Arrays"><a:double>0</a:double><a:double>0</a:double><a:double>0</a:double></Value></Attribute><Attribute z:Id="i242"><AttributeType>rpy</AttributeType><IsRequired>true</IsRequired><Value i:type="a:ArrayOfdouble" xmlns:a="http://schemas.microsoft.com/2003/10/Serialization/Arrays"><a:double>0</a:double><a:double>0</a:double><a:double>0</a:double></Value></Attribute></Attributes><ChildElements/><ElementName>origin</ElementName><required>false</required><RPYAttribute z:Ref="i242"/><XYZAttribute z:Ref="i241"/><isCustomized>false</isCustomized></URDFElement><URDFElement z:Id="i243" i:type="ParentLink"><Attributes><Attribute z:Id="i244"><AttributeType>link</AttributeType><IsRequired>true</IsRequired><Value i:type="a:string" xmlns:a="http://www.w3.org/2001/XMLSchema"/></Attribute></Attributes><ChildElements/><ElementName>parent</ElementName><required>true</required><NameAttribute z:Ref="i244"/></URDFElement><URDFElement z:Id="i245" i:type="ChildLink"><Attributes><Attribute z:Id="i246"><AttributeType>link</AttributeType><IsRequired>true</IsRequired><Value i:type="a:string" xmlns:a="http://www.w3.org/2001/XMLSchema"/></Attribute></Attributes><ChildElements/><ElementName>child</ElementName><required>true</required><NameAttribute z:Ref="i246"/></URDFElement><URDFElement z:Id="i247" i:type="Axis"><Attributes><Attribute z:Id="i248"><AttributeType>xyz</AttributeType><IsRequired>true</IsRequired><Value i:type="a:ArrayOfdouble" xmlns:a="http://schemas.microsoft.com/2003/10/Serialization/Arrays"><a:double>0</a:double><a:double>0</a:double><a:double>0</a:double></Value></Attribute></Attributes><ChildElements/><ElementName>axis</ElementName><required>false</required><XYZAttribute z:Ref="i248"/></URDFElement><URDFElement z:Id="i249" i:type="Limit"><Attributes><Attribute z:Id="i250"><AttributeType>lower</AttributeType><IsRequired>false</IsRequired><Value i:nil="true"/></Attribute><Attribute z:Id="i251"><AttributeType>upper</AttributeType><IsRequired>false</IsRequired><Value i:nil="true"/></Attribute><Attribute z:Id="i252"><AttributeType>effort</AttributeType><IsRequired>true</IsRequired><Value i:nil="true"/></Attribute><Attribute z:Id="i253"><AttributeType>velocity</AttributeType><IsRequired>true</IsRequired><Value i:nil="true"/></Attribute></Attributes><ChildElements/><ElementName>limit</ElementName><required>false</required><EffortAttribute z:Ref="i252"/><LowerAttribute z:Ref="i250"/><UpperAttribute z:Ref="i251"/><VelocityAttribute z:Ref="i253"/></URDFElement><URDFElement z:Id="i254" i:type="Calibration"><Attributes><Attribute z:Id="i255"><AttributeType>rising</AttributeType><IsRequired>false</IsRequired><Value i:nil="true"/></Attribute><Attribute z:Id="i256"><AttributeType>falling</AttributeType><IsRequired>false</IsRequired><Value i:nil="true"/></Attribute></Attributes><ChildElements/><ElementName>calibration</ElementName><required>false</required><FallingAttribute z:Ref="i256"/><RisingAttribute z:Ref="i255"/></URDFElement><URDFElement z:Id="i257" i:type="Dynamics"><Attributes><Attribute z:Id="i258"><AttributeType>damping</AttributeType><IsRequired>false</IsRequired><Value i:nil="true"/></Attribute><Attribute z:Id="i259"><AttributeType>friction</AttributeType><IsRequired>false</IsRequired><Value i:nil="true"/></Attribute></Attributes><ChildElements/><ElementName>dynamics</ElementName><required>false</required><DampingAttribute z:Ref="i258"/><FrictionAttribute z:Ref="i259"/></URDFElement><URDFElement z:Id="i260" i:type="SafetyController"><Attributes><Attribute z:Id="i261"><AttributeType>soft_upper_limit</AttributeType><IsRequired>false</IsRequired><Value i:nil="true"/></Attribute><Attribute z:Id="i262"><AttributeType>soft_lower_limit</AttributeType><IsRequired>false</IsRequired><Value i:nil="true"/></Attribute><Attribute z:Id="i263"><AttributeType>k_position</AttributeType><IsRequired>false</IsRequired><Value i:nil="true"/></Attribute><Attribute z:Id="i264"><AttributeType>k_velocity</AttributeType><IsRequired>true</IsRequired><Value i:nil="true"/></Attribute></Attributes><ChildElements/><ElementName>safety_controller</ElementName><required>false</required><KPositionAttribute z:Ref="i263"/><KVelocityAttribute z:Ref="i264"/><SoftLowerAttribute z:Ref="i262"/><SoftUpperAttribute z:Ref="i261"/></URDFElement><URDFElement z:Id="i265" i:type="Mimic"><Attributes><Attribute z:Id="i266"><AttributeType>joint</AttributeType><IsRequired>true</IsRequired><Value i:nil="true"/></Attribute><Attribute z:Id="i267"><AttributeType>multiplier</AttributeType><IsRequired>false</IsRequired><Value i:nil="true"/></Attribute><Attribute z:Id="i268"><AttributeType>offset</AttributeType><IsRequired>false</IsRequired><Value i:nil="true"/></Attribute></Attributes><ChildElements/><ElementName>mimic</ElementName><required>false</required><JointNameAttribute z:Ref="i266"/><MultiplierAttribute z:Ref="i267"/><OffsetAttribute z:Ref="i268"/></URDFElement></ChildElements><ElementName>joint</ElementName><required>false</required><Axis z:Ref="i247"/><AxisName>Automatically Generate</AxisName><Calibration z:Ref="i254"/><Child z:Ref="i245"/><CoordinateSystemName>Automatically Generate</CoordinateSystemName><Dynamics z:Ref="i257"/><Limit z:Ref="i249"/><Mimic z:Ref="i265"/><NameAttribute z:Ref="i238"/><Origin z:Ref="i240"/><Parent z:Ref="i243"/><Safety z:Ref="i260"/><TypeAttribute z:Ref="i239"/></URDFElement></ChildElements><ElementName>link</ElementName><required>true</required><Children><Link z:Id="i269"><Attributes><Attribute z:Id="i270"><AttributeType>name</AttributeType><IsRequired>true</IsRequired><Value i:type="a:string" xmlns:a="http://www.w3.org/2001/XMLSchema">Link_4</Value></Attribute></Attributes><ChildElements><URDFElement z:Id="i271" i:type="Inertial"><Attributes/><ChildElements><URDFElement z:Id="i272" i:type="Origin"><Attributes><Attribute z:Id="i273"><AttributeType>xyz</AttributeType><IsRequired>true</IsRequired><Value i:type="a:ArrayOfdouble" xmlns:a="http://schemas.microsoft.com/2003/10/Serialization/Arrays"><a:double>0</a:double><a:double>0</a:double><a:double>0</a:double></Value></Attribute><Attribute z:Id="i274"><AttributeType>rpy</AttributeType><IsRequired>true</IsRequired><Value i:type="a:ArrayOfdouble" xmlns:a="http://schemas.microsoft.com/2003/10/Serialization/Arrays"><a:double>0</a:double><a:double>0</a:double><a:double>0</a:double></Value></Attribute></Attributes><ChildElements/><ElementName>origin</ElementName><required>false</required><RPYAttribute z:Ref="i274"/><XYZAttribute z:Ref="i273"/><isCustomized>false</isCustomized></URDFElement><URDFElement z:Id="i275" i:type="Mass"><Attributes><Attribute z:Id="i276"><AttributeType>value</AttributeType><IsRequired>true</IsRequired><Value i:type="a:double" xmlns:a="http://www.w3.org/2001/XMLSchema">0</Value></Attribute></Attributes><ChildElements/><ElementName>mass</ElementName><required>false</required><ValueAttribute z:Ref="i276"/></URDFElement><URDFElement z:Id="i277" i:type="Inertia"><Attributes><Attribute z:Id="i278"><AttributeType>ixx</AttributeType><IsRequired>true</IsRequired><Value i:type="a:double" xmlns:a="http://www.w3.org/2001/XMLSchema">0</Value></Attribute><Attribute z:Id="i279"><AttributeType>ixy</AttributeType><IsRequired>true</IsRequired><Value i:type="a:double" xmlns:a="http://www.w3.org/2001/XMLSchema">0</Value></Attribute><Attribute z:Id="i280"><AttributeType>ixz</AttributeType><IsRequired>true</IsRequired><Value i:type="a:double" xmlns:a="http://www.w3.org/2001/XMLSchema">0</Value></Attribute><Attribute z:Id="i281"><AttributeType>iyy</AttributeType><IsRequired>true</IsRequired><Value i:type="a:double" xmlns:a="http://www.w3.org/2001/XMLSchema">0</Value></Attribute><Attribute z:Id="i282"><AttributeType>iyz</AttributeType><IsRequired>true</IsRequired><Value i:type="a:double" xmlns:a="http://www.w3.org/2001/XMLSchema">0</Value></Attribute><Attribute z:Id="i283"><AttributeType>izz</AttributeType><IsRequired>true</IsRequired><Value i:type="a:double" xmlns:a="http://www.w3.org/2001/XMLSchema">0</Value></Attribute></Attributes><ChildElements/><ElementName>inertia</ElementName><required>false</required><IxxAttribute z:Ref="i278"/><IxyAttribute z:Ref="i279"/><IxzAttribute z:Ref="i280"/><IyyAttribute z:Ref="i281"/><IyzAttribute z:Ref="i282"/><IzzAttribute z:Ref="i283"/></URDFElement></ChildElements><ElementName>inertial</ElementName><required>false</required><Inertia z:Ref="i277"/><Mass z:Ref="i275"/><Origin z:Ref="i272"/></URDFElement><URDFElement z:Id="i284" i:type="Visual"><Attributes/><ChildElements><URDFElement z:Id="i285" i:type="Origin"><Attributes><Attribute z:Id="i286"><AttributeType>xyz</AttributeType><IsRequired>true</IsRequired><Value i:type="a:ArrayOfdouble" xmlns:a="http://schemas.microsoft.com/2003/10/Serialization/Arrays"><a:double>0</a:double><a:double>0</a:double><a:double>0</a:double></Value></Attribute><Attribute z:Id="i287"><AttributeType>rpy</AttributeType><IsRequired>true</IsRequired><Value i:type="a:ArrayOfdouble" xmlns:a="http://schemas.microsoft.com/2003/10/Serialization/Arrays"><a:double>0</a:double><a:double>0</a:double><a:double>0</a:double></Value></Attribute></Attributes><ChildElements/><ElementName>origin</ElementName><required>false</required><RPYAttribute z:Ref="i287"/><XYZAttribute z:Ref="i286"/><isCustomized>false</isCustomized></URDFElement><URDFElement z:Id="i288" i:type="Geometry"><Attributes/><ChildElements><URDFElement z:Id="i289" i:type="Mesh"><Attributes><Attribute z:Id="i290"><AttributeType>filename</AttributeType><IsRequired>true</IsRequired><Value i:nil="true"/></Attribute></Attributes><ChildElements/><ElementName>mesh</ElementName><required>false</required><FilenameAttribute z:Ref="i290"/></URDFElement></ChildElements><ElementName>geometry</ElementName><required>true</required><Mesh z:Ref="i289"/></URDFElement><URDFElement z:Id="i291" i:type="Material"><Attributes><Attribute z:Id="i292"><AttributeType>name</AttributeType><IsRequired>true</IsRequired><Value i:type="a:string" xmlns:a="http://www.w3.org/2001/XMLSchema"/></Attribute></Attributes><ChildElements><URDFElement z:Id="i293" i:type="Color"><Attributes><Attribute z:Id="i294"><AttributeType>rgba</AttributeType><IsRequired>true</IsRequired><Value i:type="a:ArrayOfdouble" xmlns:a="http://schemas.microsoft.com/2003/10/Serialization/Arrays"><a:double>1</a:double><a:double>1</a:double><a:double>1</a:double><a:double>1</a:double></Value></Attribute></Attributes><ChildElements/><ElementName>color</ElementName><required>false</required><RGBAAttribute z:Ref="i294"/></URDFElement><URDFElement z:Id="i295" i:type="Texture"><Attributes><Attribute z:Id="i296"><AttributeType>filename</AttributeType><IsRequired>true</IsRequired><Value i:nil="true"/></Attribute></Attributes><ChildElements/><ElementName>texture</ElementName><required>false</required><FilenameAttribute z:Ref="i296"/><wFilename/></URDFElement></ChildElements><ElementName>material</ElementName><required>false</required><Color z:Ref="i293"/><NameAttribute z:Ref="i292"/><Texture z:Ref="i295"/></URDFElement></ChildElements><ElementName>visual</ElementName><required>false</required><Geometry z:Ref="i288"/><Material z:Ref="i291"/><Origin z:Ref="i285"/></URDFElement><URDFElement z:Id="i297" i:type="Collision"><Attributes/><ChildElements><URDFElement z:Id="i298" i:type="Origin"><Attributes><Attribute z:Id="i299"><AttributeType>xyz</AttributeType><IsRequired>true</IsRequired><Value i:type="a:ArrayOfdouble" xmlns:a="http://schemas.microsoft.com/2003/10/Serialization/Arrays"><a:double>0</a:double><a:double>0</a:double><a:double>0</a:double></Value></Attribute><Attribute z:Id="i300"><AttributeType>rpy</AttributeType><IsRequired>true</IsRequired><Value i:type="a:ArrayOfdouble" xmlns:a="http://schemas.microsoft.com/2003/10/Serialization/Arrays"><a:double>0</a:double><a:double>0</a:double><a:double>0</a:double></Value></Attribute></Attributes><ChildElements/><ElementName>origin</ElementName><required>false</required><RPYAttribute z:Ref="i300"/><XYZAttribute z:Ref="i299"/><isCustomized>false</isCustomized></URDFElement><URDFElement z:Id="i301" i:type="Geometry"><Attributes/><ChildElements><URDFElement z:Id="i302" i:type="Mesh"><Attributes><Attribute z:Id="i303"><AttributeType>filename</AttributeType><IsRequired>true</IsRequired><Value i:nil="true"/></Attribute></Attributes><ChildElements/><ElementName>mesh</ElementName><required>false</required><FilenameAttribute z:Ref="i303"/></URDFElement></ChildElements><ElementName>geometry</ElementName><required>true</required><Mesh z:Ref="i302"/></URDFElement></ChildElements><ElementName>collision</ElementName><required>false</required><Geometry z:Ref="i301"/><Origin z:Ref="i298"/></URDFElement><URDFElement z:Id="i304" i:type="Joint"><Attributes><Attribute z:Id="i305"><AttributeType>name</AttributeType><IsRequired>true</IsRequired><Value i:type="a:string" xmlns:a="http://www.w3.org/2001/XMLSchema">joint_4</Value></Attribute><Attribute z:Id="i306"><AttributeType>type</AttributeType><IsRequired>true</IsRequired><Value i:type="a:string" xmlns:a="http://www.w3.org/2001/XMLSchema">Automatically Detect</Value></Attribute></Attributes><ChildElements><URDFElement z:Id="i307" i:type="Origin"><Attributes><Attribute z:Id="i308"><AttributeType>xyz</AttributeType><IsRequired>true</IsRequired><Value i:type="a:ArrayOfdouble" xmlns:a="http://schemas.microsoft.com/2003/10/Serialization/Arrays"><a:double>0</a:double><a:double>0</a:double><a:double>0</a:double></Value></Attribute><Attribute z:Id="i309"><AttributeType>rpy</AttributeType><IsRequired>true</IsRequired><Value i:type="a:ArrayOfdouble" xmlns:a="http://schemas.microsoft.com/2003/10/Serialization/Arrays"><a:double>0</a:double><a:double>0</a:double><a:double>0</a:double></Value></Attribute></Attributes><ChildElements/><ElementName>origin</ElementName><required>false</required><RPYAttribute z:Ref="i309"/><XYZAttribute z:Ref="i308"/><isCustomized>false</isCustomized></URDFElement><URDFElement z:Id="i310" i:type="ParentLink"><Attributes><Attribute z:Id="i311"><AttributeType>link</AttributeType><IsRequired>true</IsRequired><Value i:type="a:string" xmlns:a="http://www.w3.org/2001/XMLSchema"/></Attribute></Attributes><ChildElements/><ElementName>parent</ElementName><required>true</required><NameAttribute z:Ref="i311"/></URDFElement><URDFElement z:Id="i312" i:type="ChildLink"><Attributes><Attribute z:Id="i313"><AttributeType>link</AttributeType><IsRequired>true</IsRequired><Value i:type="a:string" xmlns:a="http://www.w3.org/2001/XMLSchema"/></Attribute></Attributes><ChildElements/><ElementName>child</ElementName><required>true</required><NameAttribute z:Ref="i313"/></URDFElement><URDFElement z:Id="i314" i:type="Axis"><Attributes><Attribute z:Id="i315"><AttributeType>xyz</AttributeType><IsRequired>true</IsRequired><Value i:type="a:ArrayOfdouble" xmlns:a="http://schemas.microsoft.com/2003/10/Serialization/Arrays"><a:double>0</a:double><a:double>0</a:double><a:double>0</a:double></Value></Attribute></Attributes><ChildElements/><ElementName>axis</ElementName><required>false</required><XYZAttribute z:Ref="i315"/></URDFElement><URDFElement z:Id="i316" i:type="Limit"><Attributes><Attribute z:Id="i317"><AttributeType>lower</AttributeType><IsRequired>false</IsRequired><Value i:nil="true"/></Attribute><Attribute z:Id="i318"><AttributeType>upper</AttributeType><IsRequired>false</IsRequired><Value i:nil="true"/></Attribute><Attribute z:Id="i319"><AttributeType>effort</AttributeType><IsRequired>true</IsRequired><Value i:nil="true"/></Attribute><Attribute z:Id="i320"><AttributeType>velocity</AttributeType><IsRequired>true</IsRequired><Value i:nil="true"/></Attribute></Attributes><ChildElements/><ElementName>limit</ElementName><required>false</required><EffortAttribute z:Ref="i319"/><LowerAttribute z:Ref="i317"/><UpperAttribute z:Ref="i318"/><VelocityAttribute z:Ref="i320"/></URDFElement><URDFElement z:Id="i321" i:type="Calibration"><Attributes><Attribute z:Id="i322"><AttributeType>rising</AttributeType><IsRequired>false</IsRequired><Value i:nil="true"/></Attribute><Attribute z:Id="i323"><AttributeType>falling</AttributeType><IsRequired>false</IsRequired><Value i:nil="true"/></Attribute></Attributes><ChildElements/><ElementName>calibration</ElementName><required>false</required><FallingAttribute z:Ref="i323"/><RisingAttribute z:Ref="i322"/></URDFElement><URDFElement z:Id="i324" i:type="Dynamics"><Attributes><Attribute z:Id="i325"><AttributeType>damping</AttributeType><IsRequired>false</IsRequired><Value i:nil="true"/></Attribute><Attribute z:Id="i326"><AttributeType>friction</AttributeType><IsRequired>false</IsRequired><Value i:nil="true"/></Attribute></Attributes><ChildElements/><ElementName>dynamics</ElementName><required>false</required><DampingAttribute z:Ref="i325"/><FrictionAttribute z:Ref="i326"/></URDFElement><URDFElement z:Id="i327" i:type="SafetyController"><Attributes><Attribute z:Id="i328"><AttributeType>soft_upper_limit</AttributeType><IsRequired>false</IsRequired><Value i:nil="true"/></Attribute><Attribute z:Id="i329"><AttributeType>soft_lower_limit</AttributeType><IsRequired>false</IsRequired><Value i:nil="true"/></Attribute><Attribute z:Id="i330"><AttributeType>k_position</AttributeType><IsRequired>false</IsRequired><Value i:nil="true"/></Attribute><Attribute z:Id="i331"><AttributeType>k_velocity</AttributeType><IsRequired>true</IsRequired><Value i:nil="true"/></Attribute></Attributes><ChildElements/><ElementName>safety_controller</ElementName><required>false</required><KPositionAttribute z:Ref="i330"/><KVelocityAttribute z:Ref="i331"/><SoftLowerAttribute z:Ref="i329"/><SoftUpperAttribute z:Ref="i328"/></URDFElement><URDFElement z:Id="i332" i:type="Mimic"><Attributes><Attribute z:Id="i333"><AttributeType>joint</AttributeType><IsRequired>true</IsRequired><Value i:nil="true"/></Attribute><Attribute z:Id="i334"><AttributeType>multiplier</AttributeType><IsRequired>false</IsRequired><Value i:nil="true"/></Attribute><Attribute z:Id="i335"><AttributeType>offset</AttributeType><IsRequired>false</IsRequired><Value i:nil="true"/></Attribute></Attributes><ChildElements/><ElementName>mimic</ElementName><required>false</required><JointNameAttribute z:Ref="i333"/><MultiplierAttribute z:Ref="i334"/><OffsetAttribute z:Ref="i335"/></URDFElement></ChildElements><ElementName>joint</ElementName><required>false</required><Axis z:Ref="i314"/><AxisName>Automatically Generate</AxisName><Calibration z:Ref="i321"/><Child z:Ref="i312"/><CoordinateSystemName>Automatically Generate</CoordinateSystemName><Dynamics z:Ref="i324"/><Limit z:Ref="i316"/><Mimic z:Ref="i332"/><NameAttribute z:Ref="i305"/><Origin z:Ref="i307"/><Parent z:Ref="i310"/><Safety z:Ref="i327"/><TypeAttribute z:Ref="i306"/></URDFElement></ChildElements><ElementName>link</ElementName><required>true</required><Children><Link z:Id="i336"><Attributes><Attribute z:Id="i337"><AttributeType>name</AttributeType><IsRequired>true</IsRequired><Value i:type="a:string" xmlns:a="http://www.w3.org/2001/XMLSchema">grab</Value></Attribute></Attributes><ChildElements><URDFElement z:Id="i338" i:type="Inertial"><Attributes/><ChildElements><URDFElement z:Id="i339" i:type="Origin"><Attributes><Attribute z:Id="i340"><AttributeType>xyz</AttributeType><IsRequired>true</IsRequired><Value i:type="a:ArrayOfdouble" xmlns:a="http://schemas.microsoft.com/2003/10/Serialization/Arrays"><a:double>0</a:double><a:double>0</a:double><a:double>0</a:double></Value></Attribute><Attribute z:Id="i341"><AttributeType>rpy</AttributeType><IsRequired>true</IsRequired><Value i:type="a:ArrayOfdouble" xmlns:a="http://schemas.microsoft.com/2003/10/Serialization/Arrays"><a:double>0</a:double><a:double>0</a:double><a:double>0</a:double></Value></Attribute></Attributes><ChildElements/><ElementName>origin</ElementName><required>false</required><RPYAttribute z:Ref="i341"/><XYZAttribute z:Ref="i340"/><isCustomized>false</isCustomized></URDFElement><URDFElement z:Id="i342" i:type="Mass"><Attributes><Attribute z:Id="i343"><AttributeType>value</AttributeType><IsRequired>true</IsRequired><Value i:type="a:double" xmlns:a="http://www.w3.org/2001/XMLSchema">0</Value></Attribute></Attributes><ChildElements/><ElementName>mass</ElementName><required>false</required><ValueAttribute z:Ref="i343"/></URDFElement><URDFElement z:Id="i344" i:type="Inertia"><Attributes><Attribute z:Id="i345"><AttributeType>ixx</AttributeType><IsRequired>true</IsRequired><Value i:type="a:double" xmlns:a="http://www.w3.org/2001/XMLSchema">0</Value></Attribute><Attribute z:Id="i346"><AttributeType>ixy</AttributeType><IsRequired>true</IsRequired><Value i:type="a:double" xmlns:a="http://www.w3.org/2001/XMLSchema">0</Value></Attribute><Attribute z:Id="i347"><AttributeType>ixz</AttributeType><IsRequired>true</IsRequired><Value i:type="a:double" xmlns:a="http://www.w3.org/2001/XMLSchema">0</Value></Attribute><Attribute z:Id="i348"><AttributeType>iyy</AttributeType><IsRequired>true</IsRequired><Value i:type="a:double" xmlns:a="http://www.w3.org/2001/XMLSchema">0</Value></Attribute><Attribute z:Id="i349"><AttributeType>iyz</AttributeType><IsRequired>true</IsRequired><Value i:type="a:double" xmlns:a="http://www.w3.org/2001/XMLSchema">0</Value></Attribute><Attribute z:Id="i350"><AttributeType>izz</AttributeType><IsRequired>true</IsRequired><Value i:type="a:double" xmlns:a="http://www.w3.org/2001/XMLSchema">0</Value></Attribute></Attributes><ChildElements/><ElementName>inertia</ElementName><required>false</required><IxxAttribute z:Ref="i345"/><IxyAttribute z:Ref="i346"/><IxzAttribute z:Ref="i347"/><IyyAttribute z:Ref="i348"/><IyzAttribute z:Ref="i349"/><IzzAttribute z:Ref="i350"/></URDFElement></ChildElements><ElementName>inertial</ElementName><required>false</required><Inertia z:Ref="i344"/><Mass z:Ref="i342"/><Origin z:Ref="i339"/></URDFElement><URDFElement z:Id="i351" i:type="Visual"><Attributes/><ChildElements><URDFElement z:Id="i352" i:type="Origin"><Attributes><Attribute z:Id="i353"><AttributeType>xyz</AttributeType><IsRequired>true</IsRequired><Value i:type="a:ArrayOfdouble" xmlns:a="http://schemas.microsoft.com/2003/10/Serialization/Arrays"><a:double>0</a:double><a:double>0</a:double><a:double>0</a:double></Value></Attribute><Attribute z:Id="i354"><AttributeType>rpy</AttributeType><IsRequired>true</IsRequired><Value i:type="a:ArrayOfdouble" xmlns:a="http://schemas.microsoft.com/2003/10/Serialization/Arrays"><a:double>0</a:double><a:double>0</a:double><a:double>0</a:double></Value></Attribute></Attributes><ChildElements/><ElementName>origin</ElementName><required>false</required><RPYAttribute z:Ref="i354"/><XYZAttribute z:Ref="i353"/><isCustomized>false</isCustomized></URDFElement><URDFElement z:Id="i355" i:type="Geometry"><Attributes/><ChildElements><URDFElement z:Id="i356" i:type="Mesh"><Attributes><Attribute z:Id="i357"><AttributeType>filename</AttributeType><IsRequired>true</IsRequired><Value i:nil="true"/></Attribute></Attributes><ChildElements/><ElementName>mesh</ElementName><required>false</required><FilenameAttribute z:Ref="i357"/></URDFElement></ChildElements><ElementName>geometry</ElementName><required>true</required><Mesh z:Ref="i356"/></URDFElement><URDFElement z:Id="i358" i:type="Material"><Attributes><Attribute z:Id="i359"><AttributeType>name</AttributeType><IsRequired>true</IsRequired><Value i:type="a:string" xmlns:a="http://www.w3.org/2001/XMLSchema"/></Attribute></Attributes><ChildElements><URDFElement z:Id="i360" i:type="Color"><Attributes><Attribute z:Id="i361"><AttributeType>rgba</AttributeType><IsRequired>true</IsRequired><Value i:type="a:ArrayOfdouble" xmlns:a="http://schemas.microsoft.com/2003/10/Serialization/Arrays"><a:double>1</a:double><a:double>1</a:double><a:double>1</a:double><a:double>1</a:double></Value></Attribute></Attributes><ChildElements/><ElementName>color</ElementName><required>false</required><RGBAAttribute z:Ref="i361"/></URDFElement><URDFElement z:Id="i362" i:type="Texture"><Attributes><Attribute z:Id="i363"><AttributeType>filename</AttributeType><IsRequired>true</IsRequired><Value i:nil="true"/></Attribute></Attributes><ChildElements/><ElementName>texture</ElementName><required>false</required><FilenameAttribute z:Ref="i363"/><wFilename/></URDFElement></ChildElements><ElementName>material</ElementName><required>false</required><Color z:Ref="i360"/><NameAttribute z:Ref="i359"/><Texture z:Ref="i362"/></URDFElement></ChildElements><ElementName>visual</ElementName><required>false</required><Geometry z:Ref="i355"/><Material z:Ref="i358"/><Origin z:Ref="i352"/></URDFElement><URDFElement z:Id="i364" i:type="Collision"><Attributes/><ChildElements><URDFElement z:Id="i365" i:type="Origin"><Attributes><Attribute z:Id="i366"><AttributeType>xyz</AttributeType><IsRequired>true</IsRequired><Value i:type="a:ArrayOfdouble" xmlns:a="http://schemas.microsoft.com/2003/10/Serialization/Arrays"><a:double>0</a:double><a:double>0</a:double><a:double>0</a:double></Value></Attribute><Attribute z:Id="i367"><AttributeType>rpy</AttributeType><IsRequired>true</IsRequired><Value i:type="a:ArrayOfdouble" xmlns:a="http://schemas.microsoft.com/2003/10/Serialization/Arrays"><a:double>0</a:double><a:double>0</a:double><a:double>0</a:double></Value></Attribute></Attributes><ChildElements/><ElementName>origin</ElementName><required>false</required><RPYAttribute z:Ref="i367"/><XYZAttribute z:Ref="i366"/><isCustomized>false</isCustomized></URDFElement><URDFElement z:Id="i368" i:type="Geometry"><Attributes/><ChildElements><URDFElement z:Id="i369" i:type="Mesh"><Attributes><Attribute z:Id="i370"><AttributeType>filename</AttributeType><IsRequired>true</IsRequired><Value i:nil="true"/></Attribute></Attributes><ChildElements/><ElementName>mesh</ElementName><required>false</required><FilenameAttribute z:Ref="i370"/></URDFElement></ChildElements><ElementName>geometry</ElementName><required>true</required><Mesh z:Ref="i369"/></URDFElement></ChildElements><ElementName>collision</ElementName><required>false</required><Geometry z:Ref="i368"/><Origin z:Ref="i365"/></URDFElement><URDFElement z:Id="i371" i:type="Joint"><Attributes><Attribute z:Id="i372"><AttributeType>name</AttributeType><IsRequired>true</IsRequired><Value i:type="a:string" xmlns:a="http://www.w3.org/2001/XMLSchema">joint_5</Value></Attribute><Attribute z:Id="i373"><AttributeType>type</AttributeType><IsRequired>true</IsRequired><Value i:type="a:string" xmlns:a="http://www.w3.org/2001/XMLSchema">Automatically Detect</Value></Attribute></Attributes><ChildElements><URDFElement z:Id="i374" i:type="Origin"><Attributes><Attribute z:Id="i375"><AttributeType>xyz</AttributeType><IsRequired>true</IsRequired><Value i:type="a:ArrayOfdouble" xmlns:a="http://schemas.microsoft.com/2003/10/Serialization/Arrays"><a:double>0</a:double><a:double>0</a:double><a:double>0</a:double></Value></Attribute><Attribute z:Id="i376"><AttributeType>rpy</AttributeType><IsRequired>true</IsRequired><Value i:type="a:ArrayOfdouble" xmlns:a="http://schemas.microsoft.com/2003/10/Serialization/Arrays"><a:double>0</a:double><a:double>0</a:double><a:double>0</a:double></Value></Attribute></Attributes><ChildElements/><ElementName>origin</ElementName><required>false</required><RPYAttribute z:Ref="i376"/><XYZAttribute z:Ref="i375"/><isCustomized>false</isCustomized></URDFElement><URDFElement z:Id="i377" i:type="ParentLink"><Attributes><Attribute z:Id="i378"><AttributeType>link</AttributeType><IsRequired>true</IsRequired><Value i:type="a:string" xmlns:a="http://www.w3.org/2001/XMLSchema"/></Attribute></Attributes><ChildElements/><ElementName>parent</ElementName><required>true</required><NameAttribute z:Ref="i378"/></URDFElement><URDFElement z:Id="i379" i:type="ChildLink"><Attributes><Attribute z:Id="i380"><AttributeType>link</AttributeType><IsRequired>true</IsRequired><Value i:type="a:string" xmlns:a="http://www.w3.org/2001/XMLSchema"/></Attribute></Attributes><ChildElements/><ElementName>child</ElementName><required>true</required><NameAttribute z:Ref="i380"/></URDFElement><URDFElement z:Id="i381" i:type="Axis"><Attributes><Attribute z:Id="i382"><AttributeType>xyz</AttributeType><IsRequired>true</IsRequired><Value i:type="a:ArrayOfdouble" xmlns:a="http://schemas.microsoft.com/2003/10/Serialization/Arrays"><a:double>0</a:double><a:double>0</a:double><a:double>0</a:double></Value></Attribute></Attributes><ChildElements/><ElementName>axis</ElementName><required>false</required><XYZAttribute z:Ref="i382"/></URDFElement><URDFElement z:Id="i383" i:type="Limit"><Attributes><Attribute z:Id="i384"><AttributeType>lower</AttributeType><IsRequired>false</IsRequired><Value i:nil="true"/></Attribute><Attribute z:Id="i385"><AttributeType>upper</AttributeType><IsRequired>false</IsRequired><Value i:nil="true"/></Attribute><Attribute z:Id="i386"><AttributeType>effort</AttributeType><IsRequired>true</IsRequired><Value i:nil="true"/></Attribute><Attribute z:Id="i387"><AttributeType>velocity</AttributeType><IsRequired>true</IsRequired><Value i:nil="true"/></Attribute></Attributes><ChildElements/><ElementName>limit</ElementName><required>false</required><EffortAttribute z:Ref="i386"/><LowerAttribute z:Ref="i384"/><UpperAttribute z:Ref="i385"/><VelocityAttribute z:Ref="i387"/></URDFElement><URDFElement z:Id="i388" i:type="Calibration"><Attributes><Attribute z:Id="i389"><AttributeType>rising</AttributeType><IsRequired>false</IsRequired><Value i:nil="true"/></Attribute><Attribute z:Id="i390"><AttributeType>falling</AttributeType><IsRequired>false</IsRequired><Value i:nil="true"/></Attribute></Attributes><ChildElements/><ElementName>calibration</ElementName><required>false</required><FallingAttribute z:Ref="i390"/><RisingAttribute z:Ref="i389"/></URDFElement><URDFElement z:Id="i391" i:type="Dynamics"><Attributes><Attribute z:Id="i392"><AttributeType>damping</AttributeType><IsRequired>false</IsRequired><Value i:nil="true"/></Attribute><Attribute z:Id="i393"><AttributeType>friction</AttributeType><IsRequired>false</IsRequired><Value i:nil="true"/></Attribute></Attributes><ChildElements/><ElementName>dynamics</ElementName><required>false</required><DampingAttribute z:Ref="i392"/><FrictionAttribute z:Ref="i393"/></URDFElement><URDFElement z:Id="i394" i:type="SafetyController"><Attributes><Attribute z:Id="i395"><AttributeType>soft_upper_limit</AttributeType><IsRequired>false</IsRequired><Value i:nil="true"/></Attribute><Attribute z:Id="i396"><AttributeType>soft_lower_limit</AttributeType><IsRequired>false</IsRequired><Value i:nil="true"/></Attribute><Attribute z:Id="i397"><AttributeType>k_position</AttributeType><IsRequired>false</IsRequired><Value i:nil="true"/></Attribute><Attribute z:Id="i398"><AttributeType>k_velocity</AttributeType><IsRequired>true</IsRequired><Value i:nil="true"/></Attribute></Attributes><ChildElements/><ElementName>safety_controller</ElementName><required>false</required><KPositionAttribute z:Ref="i397"/><KVelocityAttribute z:Ref="i398"/><SoftLowerAttribute z:Ref="i396"/><SoftUpperAttribute z:Ref="i395"/></URDFElement><URDFElement z:Id="i399" i:type="Mimic"><Attributes><Attribute z:Id="i400"><AttributeType>joint</AttributeType><IsRequired>true</IsRequired><Value i:nil="true"/></Attribute><Attribute z:Id="i401"><AttributeType>multiplier</AttributeType><IsRequired>false</IsRequired><Value i:nil="true"/></Attribute><Attribute z:Id="i402"><AttributeType>offset</AttributeType><IsRequired>false</IsRequired><Value i:nil="true"/></Attribute></Attributes><ChildElements/><ElementName>mimic</ElementName><required>false</required><JointNameAttribute z:Ref="i400"/><MultiplierAttribute z:Ref="i401"/><OffsetAttribute z:Ref="i402"/></URDFElement></ChildElements><ElementName>joint</ElementName><required>false</required><Axis z:Ref="i381"/><AxisName>Automatically Generate</AxisName><Calibration z:Ref="i388"/><Child z:Ref="i379"/><CoordinateSystemName>Automatically Generate</CoordinateSystemName><Dynamics z:Ref="i391"/><Limit z:Ref="i383"/><Mimic z:Ref="i399"/><NameAttribute z:Ref="i372"/><Origin z:Ref="i374"/><Parent z:Ref="i377"/><Safety z:Ref="i394"/><TypeAttribute z:Ref="i373"/></URDFElement></ChildElements><ElementName>link</ElementName><required>true</required><Children/><Collision z:Ref="i364"/><Inertial z:Ref="i338"/><Joint z:Ref="i371"/><NameAttribute z:Ref="i337"/><Parent z:Ref="i269"/><STLQualityFine>false</STLQualityFine><SWComponentPIDs xmlns:a="http://schemas.microsoft.com/2003/10/Serialization/Arrays"><a:base64Binary>mDoAAAUAAAD//v8gZwAgADEALgBTAFQARQBQAC0AMQBAAHIAbwBiAG8AdABpAGMAIABhAHIAbQAgAG0AaQBuAGUALgBTAFQARQBQAAQAAAAQAAAAAQAAAAEAAAAyAAAA</a:base64Binary><a:base64Binary>mDoAAAUAAAD//v8gZwAgADIALgBTAFQARQBQAC0AMgBAAHIAbwBiAG8AdABpAGMAIABhAHIAbQAgAG0AaQBuAGUALgBTAFQARQBQAAQAAAAQAAAAAQAAAAEAAAA3AAAA</a:base64Binary><a:base64Binary>mDoAAAUAAAD//v8gZwAgADIALgBTAFQARQBQAC0AMQBAAHIAbwBiAG8AdABpAGMAIABhAHIAbQAgAG0AaQBuAGUALgBTAFQARQBQAAQAAAAQAAAAAQAAAAEAAAAzAAAA</a:base64Binary><a:base64Binary>mDoAAAUAAAD//v8fZwA1AC4AUwBUAEUAUAAtADMAQAByAG8AYgBvAHQAaQBjACAAYQByAG0AIABtAGkAbgBlAC4AUwBUAEUAUAAEAAAAEAAAAAEAAAABAAAAOgAAAA==</a:base64Binary><a:base64Binary>mDoAAAUAAAD//v8gZwAgADMALgBTAFQARQBQAC0ANQBAAHIAbwBiAG8AdABpAGMAIABhAHIAbQAgAG0AaQBuAGUALgBTAFQARQBQAAQAAAAQAAAAAQAAAAEAAAA+AAAA</a:base64Binary><a:base64Binary>mDoAAAUAAAD//v8gZwAgADMALgBTAFQARQBQAC0AMQBAAHIAbwBiAG8AdABpAGMAIABhAHIAbQAgAG0AaQBuAGUALgBTAFQARQBQAAQAAAAQAAAAAQAAAAEAAAA0AAAA</a:base64Binary><a:base64Binary>mDoAAAUAAAD//v8gZwAgADMALgBTAFQARQBQAC0AMgBAAHIAbwBiAG8AdABpAGMAIABhAHIAbQAgAG0AaQBuAGUALgBTAFQARQBQAAQAAAAQAAAAAQAAAAEAAAA4AAAA</a:base64Binary><a:base64Binary>mDoAAAUAAAD//v8fZwA1AC4AUwBUAEUAUAAtADQAQAByAG8AYgBvAHQAaQBjACAAYQByAG0AIABtAGkAbgBlAC4AUwBUAEUAUAAEAAAAEAAAAAEAAAABAAAAOwAAAA==</a:base64Binary><a:base64Binary>mDoAAAUAAAD//v8gZwAgADMALgBTAFQARQBQAC0AMwBAAHIAbwBiAG8AdABpAGMAIABhAHIAbQAgAG0AaQBuAGUALgBTAFQARQBQAAQAAAAQAAAAAQAAAAEAAAA8AAAA</a:base64Binary><a:base64Binary>mDoAAAUAAAD//v8fZwA1AC4AUwBUAEUAUAAtADIAQAByAG8AYgBvAHQAaQBjACAAYQByAG0AIABtAGkAbgBlAC4AUwBUAEUAUAAEAAAAEAAAAAEAAAABAAAAOQAAAA==</a:base64Binary><a:base64Binary>mDoAAAUAAAD//v8gZwAgADMALgBTAFQARQBQAC0ANgBAAHIAbwBiAG8AdABpAGMAIABhAHIAbQAgAG0AaQBuAGUALgBTAFQARQBQAAQAAAAQAAAAAQAAAAEAAAA/AAAA</a:base64Binary><a:base64Binary>mDoAAAUAAAD//v8fZwA1AC4AUwBUAEUAUAAtADEAQAByAG8AYgBvAHQAaQBjACAAYQByAG0AIABtAGkAbgBlAC4AUwBUAEUAUAAEAAAAEAAAAAEAAAABAAAANQAAAA==</a:base64Binary><a:base64Binary>mDoAAAUAAAD//v8gZwAgADMALgBTAFQARQBQAC0ANABAAHIAbwBiAG8AdABpAGMAIABhAHIAbQAgAG0AaQBuAGUALgBTAFQARQBQAAQAAAAQAAAAAQAAAAEAAAA9AAAA</a:base64Binary></SWComponentPIDs><SWMainComponentPID i:nil="true"/><Visual z:Ref="i351"/><isFixedFrame>false</isFixedFrame><isIncomplete>false</isIncomplete></Link></Children><Collision z:Ref="i297"/><Inertial z:Ref="i271"/><Joint z:Ref="i304"/><NameAttribute z:Ref="i270"/><Parent z:Ref="i202"/><STLQualityFine>false</STLQualityFine><SWComponentPIDs xmlns:a="http://schemas.microsoft.com/2003/10/Serialization/Arrays"><a:base64Binary>mDoAAAUAAAD//v8nUwBIAE8AUgBUACAAUwBJAEQARQAuAFMAVABFAFAALQAyAEAAcgBvAGIAbwB0AGkAYwAgAGEAcgBtACAAbQBpAG4AZQAuAFMAVABFAFAABAAAABAAAAABAAAAAQAAAB0AAAA=</a:base64Binary><a:base64Binary>mDoAAAUAAAD//v8ocwBlAHIAdgBvACAAbQBvAHQAbwByAC4AUwBUAEUAUAAtADEAQAByAG8AYgBvAHQAaQBjACAAYQByAG0AIABtAGkAbgBlAC4AUwBUAEUAUAAEAAAAEAAAAAEAAAABAAAAJAAAAA==</a:base64Binary><a:base64Binary>mDoAAAUAAAD//v8gNgAuADIALgBTAFQARQBQAC0AMQBAAHIAbwBiAG8AdABpAGMAIABhAHIAbQAgAG0AaQBuAGUALgBTAFQARQBQAAQAAAAQAAAAAQAAAAEAAAAjAAAA</a:base64Binary><a:base64Binary>mDoAAAUAAAD//v8fZwA2AC4AUwBUAEUAUAAtADEAQAByAG8AYgBvAHQAaQBjACAAYQByAG0AIABtAGkAbgBlAC4AUwBUAEUAUAAEAAAAEAAAAAEAAAABAAAANgAAAA==</a:base64Binary></SWComponentPIDs><SWMainComponentPID i:nil="true"/><Visual z:Ref="i284"/><isFixedFrame>false</isFixedFrame><isIncomplete>false</isIncomplete></Link></Children><Collision z:Ref="i230"/><Inertial z:Ref="i204"/><Joint z:Ref="i237"/><NameAttribute z:Ref="i203"/><Parent z:Ref="i135"/><STLQualityFine>false</STLQualityFine><SWComponentPIDs xmlns:a="http://schemas.microsoft.com/2003/10/Serialization/Arrays"><a:base64Binary>mDoAAAUAAAD//v8fMQAzAC4AUwBUAEUAUAAtADEAQAByAG8AYgBvAHQAaQBjACAAYQByAG0AIABtAGkAbgBlAC4AUwBUAEUAUAAEAAAAEAAAAAEAAAABAAAAIgAAAA==</a:base64Binary><a:base64Binary>mDoAAAUAAAD//v8ocwBlAHIAdgBvACAAbQBvAHQAbwByAC4AUwBUAEUAUAAtADIAQAByAG8AYgBvAHQAaQBjACAAYQByAG0AIABtAGkAbgBlAC4AUwBUAEUAUAAEAAAAEAAAAAEAAAABAAAAKgAAAA==</a:base64Binary><a:base64Binary>mDoAAAUAAAD//v8lQgBJAEcAIABTAEkARABFAC4AUwBUAEUAUAAtADMAQAByAG8AYgBvAHQAaQBjACAAYQByAG0AIABtAGkAbgBlAC4AUwBUAEUAUAAEAAAAEAAAAAEAAAABAAAAHAAAAA==</a:base64Binary></SWComponentPIDs><SWMainComponentPID i:nil="true"/><Visual z:Ref="i217"/><isFixedFrame>false</isFixedFrame><isIncomplete>false</isIncomplete></Link></Children><Collision z:Ref="i163"/><Inertial z:Ref="i137"/><Joint z:Ref="i170"/><NameAttribute z:Ref="i136"/><Parent z:Ref="i68"/><STLQualityFine>false</STLQualityFine><SWComponentPIDs xmlns:a="http://schemas.microsoft.com/2003/10/Serialization/Arrays"><a:base64Binary>mDoAAAUAAAD//v8lQgBJAEcAIABTAEkARABFAC4AUwBUAEUAUAAtADEAQAByAG8AYgBvAHQAaQBjACAAYQByAG0AIABtAGkAbgBlAC4AUwBUAEUAUAAEAAAAEAAAAAEAAAABAAAAGQAAAA==</a:base64Binary><a:base64Binary>mDoAAAUAAAD//v8fMQA1AC4AUwBUAEUAUAAtADEAQAByAG8AYgBvAHQAaQBjACAAYQByAG0AIABtAGkAbgBlAC4AUwBUAEUAUAAEAAAAEAAAAAEAAAABAAAAIQAAAA==</a:base64Binary><a:base64Binary>mDoAAAUAAAD//v8lQgBJAEcAIABTAEkARABFAC4AUwBUAEUAUAAtADIAQAByAG8AYgBvAHQAaQBjACAAYQByAG0AIABtAGkAbgBlAC4AUwBUAEUAUAAEAAAAEAAAAAEAAAABAAAAGwAAAA==</a:base64Binary></SWComponentPIDs><SWMainComponentPID i:nil="true"/><Visual z:Ref="i150"/><isFixedFrame>false</isFixedFrame><isIncomplete>false</isIncomplete></Link></Children><Collision z:Ref="i96"/><Inertial z:Ref="i70"/><Joint z:Ref="i103"/><NameAttribute z:Ref="i69"/><Parent z:Ref="i1"/><STLQualityFine>false</STLQualityFine><SWComponentPIDs xmlns:a="http://schemas.microsoft.com/2003/10/Serialization/Arrays"><a:base64Binary>mDoAAAUAAAD//v8nUwBIAE8AUgBUACAAUwBJAEQARQAuAFMAVABFAFAALQAxAEAAcgBvAGIAbwB0AGkAYwAgAGEAcgBtACAAbQBpAG4AZQAuAFMAVABFAFAABAAAABAAAAABAAAAAQAAABoAAAA=</a:base64Binary><a:base64Binary>mDoAAAUAAAD//v8ocwBlAHIAdgBvACAAbQBvAHQAbwByAC4AUwBUAEUAUAAtADMAQAByAG8AYgBvAHQAaQBjACAAYQByAG0AIABtAGkAbgBlAC4AUwBUAEUAUAAEAAAAEAAAAAEAAAABAAAAMAAAAA==</a:base64Binary></SWComponentPIDs><SWMainComponentPID i:nil="true"/><Visual z:Ref="i83"/><isFixedFrame>false</isFixedFrame><isIncomplete>false</isIncomplete></Link></Children><Collision z:Ref="i29"/><Inertial z:Ref="i3"/><Joint z:Ref="i36"/><NameAttribute z:Ref="i2"/><Parent i:nil="true"/><STLQualityFine>false</STLQualityFine><SWComponentPIDs xmlns:a="http://schemas.microsoft.com/2003/10/Serialization/Arrays"><a:base64Binary>mDoAAAUAAAD//v8jcgBvAGwAbAAgADIALgBTAFQARQBQAC0AMQBAAHIAbwBiAG8AdABpAGMAIABhAHIAbQAgAG0AaQBuAGUALgBTAFQARQBQAAQAAAAQAAAAAQAAAAEAAABBAAAA</a:base64Binary><a:base64Binary>mDoAAAUAAAD//v8eRwAuAFMAVABFAFAALQAzAEAAcgBvAGIAbwB0AGkAYwAgAGEAcgBtACAAbQBpAG4AZQAuAFMAVABFAFAABAAAABAAAAABAAAAAQAAAC4AAAA=</a:base64Binary><a:base64Binary>mDoAAAUAAAD//v8lcQBxAHEAcQBxAHEAcQBxAC4AUwBUAEUAUAAtADEAQAByAG8AYgBvAHQAaQBjACAAYQByAG0AIABtAGkAbgBlAC4AUwBUAEUAUAAEAAAAEAAAAAEAAAABAAAAHwAAAA==</a:base64Binary><a:base64Binary>mDoAAAUAAAD//v8hbgBhAGkAbAAuAFMAVABFAFAALQA0AEAAcgBvAGIAbwB0AGkAYwAgAGEAcgBtACAAbQBpAG4AZQAuAFMAVABFAFAABAAAABAAAAABAAAAAQAAAEUAAAA=</a:base64Binary><a:base64Binary>mDoAAAUAAAD//v8hbgBhAGkAbAAuAFMAVABFAFAALQAxAEAAcgBvAGIAbwB0AGkAYwAgAGEAcgBtACAAbQBpAG4AZQAuAFMAVABFAFAABAAAABAAAAABAAAAAQAAAEIAAAA=</a:base64Binary><a:base64Binary>mDoAAAUAAAD//v8icwBlAHIAdgBvAC4AUwBUAEUAUAAtADEAQAByAG8AYgBvAHQAaQBjACAAYQByAG0AIABtAGkAbgBlAC4AUwBUAEUAUAAEAAAAEAAAAAEAAAABAAAAHgAAAA==</a:base64Binary><a:base64Binary>mDoAAAUAAAD//v8hcgBvAGwAbAAuAFMAVABFAFAALQAxAEAAcgBvAGIAbwB0AGkAYwAgAGEAcgBtACAAbQBpAG4AZQAuAFMAVABFAFAABAAAABAAAAABAAAAAQAAAEAAAAA=</a:base64Binary><a:base64Binary>mDoAAAUAAAD//v8hbgBhAGkAbAAuAFMAVABFAFAALQAzAEAAcgBvAGIAbwB0AGkAYwAgAGEAcgBtACAAbQBpAG4AZQAuAFMAVABFAFAABAAAABAAAAABAAAAAQAAAEQAAAA=</a:base64Binary><a:base64Binary>mDoAAAUAAAD//v8hbgBhAGkAbAAuAFMAVABFAFAALQAyAEAAcgBvAGIAbwB0AGkAYwAgAGEAcgBtACAAbQBpAG4AZQAuAFMAVABFAFAABAAAABAAAAABAAAAAQAAAEMAAAA=</a:base64Binary></SWComponentPIDs><SWMainComponentPID i:nil="true"/><Visual z:Ref="i16"/><isFixedFrame>false</isFixedFrame><isIncomplete>false</isIncomplete></Link>
2025-12-15 15:05:41,808 INFO  AssemblyExportForm.cs: 253 - Completing URDF export
2025-12-15 15:05:41,811 INFO  ConfigurationSerialization.cs: 276 - URDF Configuration found
<Link z:Id="i1" xmlns="http://schemas.datacontract.org/2004/07/SW2URDF" xmlns:i="http://www.w3.org/2001/XMLSchema-instance" xmlns:z="http://schemas.microsoft.com/2003/10/Serialization/"><Attributes><Attribute z:Id="i2"><AttributeType>name</AttributeType><IsRequired>true</IsRequired><Value i:type="a:string" xmlns:a="http://www.w3.org/2001/XMLSchema">base_link</Value></Attribute></Attributes><ChildElements><URDFElement z:Id="i3" i:type="Inertial"><Attributes/><ChildElements><URDFElement z:Id="i4" i:type="Origin"><Attributes><Attribute z:Id="i5"><AttributeType>xyz</AttributeType><IsRequired>true</IsRequired><Value i:type="a:ArrayOfdouble" xmlns:a="http://schemas.microsoft.com/2003/10/Serialization/Arrays"><a:double>0.091959</a:double><a:double>0.026985</a:double><a:double>-0.17169</a:double></Value></Attribute><Attribute z:Id="i6"><AttributeType>rpy</AttributeType><IsRequired>true</IsRequired><Value i:type="a:ArrayOfdouble" xmlns:a="http://schemas.microsoft.com/2003/10/Serialization/Arrays"><a:double>0</a:double><a:double>0</a:double><a:double>0</a:double></Value></Attribute></Attributes><ChildElements/><ElementName>origin</ElementName><required>false</required><RPYAttribute z:Ref="i6"/><XYZAttribute z:Ref="i5"/><isCustomized>false</isCustomized></URDFElement><URDFElement z:Id="i7" i:type="Mass"><Attributes><Attribute z:Id="i8"><AttributeType>value</AttributeType><IsRequired>true</IsRequired><Value i:type="a:double" xmlns:a="http://www.w3.org/2001/XMLSchema">0.092187</Value></Attribute></Attributes><ChildElements/><ElementName>mass</ElementName><required>false</required><ValueAttribute z:Ref="i8"/></URDFElement><URDFElement z:Id="i9" i:type="Inertia"><Attributes><Attribute z:Id="i10"><AttributeType>ixx</AttributeType><IsRequired>true</IsRequired><Value i:type="a:double" xmlns:a="http://www.w3.org/2001/XMLSchema">0.00010245</Value></Attribute><Attribute z:Id="i11"><AttributeType>ixy</AttributeType><IsRequired>true</IsRequired><Value i:type="a:double" xmlns:a="http://www.w3.org/2001/XMLSchema">1.4538E-09</Value></Attribute><Attribute z:Id="i12"><AttributeType>ixz</AttributeType><IsRequired>true</IsRequired><Value i:type="a:double" xmlns:a="http://www.w3.org/2001/XMLSchema">1.8672E-06</Value></Attribute><Attribute z:Id="i13"><AttributeType>iyy</AttributeType><IsRequired>true</IsRequired><Value i:type="a:double" xmlns:a="http://www.w3.org/2001/XMLSchema">0.0001058</Value></Attribute><Attribute z:Id="i14"><AttributeType>iyz</AttributeType><IsRequired>true</IsRequired><Value i:type="a:double" xmlns:a="http://www.w3.org/2001/XMLSchema">-2.8355E-11</Value></Attribute><Attribute z:Id="i15"><AttributeType>izz</AttributeType><IsRequired>true</IsRequired><Value i:type="a:double" xmlns:a="http://www.w3.org/2001/XMLSchema">0.00019857</Value></Attribute></Attributes><ChildElements/><ElementName>inertia</ElementName><required>false</required><IxxAttribute z:Ref="i10"/><IxyAttribute z:Ref="i11"/><IxzAttribute z:Ref="i12"/><IyyAttribute z:Ref="i13"/><IyzAttribute z:Ref="i14"/><IzzAttribute z:Ref="i15"/></URDFElement></ChildElements><ElementName>inertial</ElementName><required>false</required><Inertia z:Ref="i9"/><Mass z:Ref="i7"/><Origin z:Ref="i4"/></URDFElement><URDFElement z:Id="i16" i:type="Visual"><Attributes/><ChildElements><URDFElement z:Id="i17" i:type="Origin"><Attributes><Attribute z:Id="i18"><AttributeType>xyz</AttributeType><IsRequired>true</IsRequired><Value i:type="a:ArrayOfdouble" xmlns:a="http://schemas.microsoft.com/2003/10/Serialization/Arrays"><a:double>0</a:double><a:double>0</a:double><a:double>0</a:double></Value></Attribute><Attribute z:Id="i19"><AttributeType>rpy</AttributeType><IsRequired>true</IsRequired><Value i:type="a:ArrayOfdouble" xmlns:a="http://schemas.microsoft.com/2003/10/Serialization/Arrays"><a:double>0</a:double><a:double>0</a:double><a:double>0</a:double></Value></Attribute></Attributes><ChildElements/><ElementName>origin</ElementName><required>false</required><RPYAttribute z:Ref="i19"/><XYZAttribute z:Ref="i18"/><isCustomized>false</isCustomized></URDFElement><URDFElement z:Id="i20" i:type="Geometry"><Attributes/><ChildElements><URDFElement z:Id="i21" i:type="Mesh"><Attributes><Attribute z:Id="i22"><AttributeType>filename</AttributeType><IsRequired>true</IsRequired><Value i:nil="true"/></Attribute></Attributes><ChildElements/><ElementName>mesh</ElementName><required>false</required><FilenameAttribute z:Ref="i22"/></URDFElement></ChildElements><ElementName>geometry</ElementName><required>true</required><Mesh z:Ref="i21"/></URDFElement><URDFElement z:Id="i23" i:type="Material"><Attributes><Attribute z:Id="i24"><AttributeType>name</AttributeType><IsRequired>true</IsRequired><Value i:type="a:string" xmlns:a="http://www.w3.org/2001/XMLSchema"/></Attribute></Attributes><ChildElements><URDFElement z:Id="i25" i:type="Color"><Attributes><Attribute z:Id="i26"><AttributeType>rgba</AttributeType><IsRequired>true</IsRequired><Value i:type="a:ArrayOfdouble" xmlns:a="http://schemas.microsoft.com/2003/10/Serialization/Arrays"><a:double>0.79216</a:double><a:double>0.81961</a:double><a:double>0.93333</a:double><a:double>1</a:double></Value></Attribute></Attributes><ChildElements/><ElementName>color</ElementName><required>false</required><RGBAAttribute z:Ref="i26"/></URDFElement><URDFElement z:Id="i27" i:type="Texture"><Attributes><Attribute z:Id="i28"><AttributeType>filename</AttributeType><IsRequired>true</IsRequired><Value i:nil="true"/></Attribute></Attributes><ChildElements/><ElementName>texture</ElementName><required>false</required><FilenameAttribute z:Ref="i28"/><wFilename/></URDFElement></ChildElements><ElementName>material</ElementName><required>false</required><Color z:Ref="i25"/><NameAttribute z:Ref="i24"/><Texture z:Ref="i27"/></URDFElement></ChildElements><ElementName>visual</ElementName><required>false</required><Geometry z:Ref="i20"/><Material z:Ref="i23"/><Origin z:Ref="i17"/></URDFElement><URDFElement z:Id="i29" i:type="Collision"><Attributes/><ChildElements><URDFElement z:Id="i30" i:type="Origin"><Attributes><Attribute z:Id="i31"><AttributeType>xyz</AttributeType><IsRequired>true</IsRequired><Value i:type="a:ArrayOfdouble" xmlns:a="http://schemas.microsoft.com/2003/10/Serialization/Arrays"><a:double>0</a:double><a:double>0</a:double><a:double>0</a:double></Value></Attribute><Attribute z:Id="i32"><AttributeType>rpy</AttributeType><IsRequired>true</IsRequired><Value i:type="a:ArrayOfdouble" xmlns:a="http://schemas.microsoft.com/2003/10/Serialization/Arrays"><a:double>0</a:double><a:double>0</a:double><a:double>0</a:double></Value></Attribute></Attributes><ChildElements/><ElementName>origin</ElementName><required>false</required><RPYAttribute z:Ref="i32"/><XYZAttribute z:Ref="i31"/><isCustomized>false</isCustomized></URDFElement><URDFElement z:Id="i33" i:type="Geometry"><Attributes/><ChildElements><URDFElement z:Id="i34" i:type="Mesh"><Attributes><Attribute z:Id="i35"><AttributeType>filename</AttributeType><IsRequired>true</IsRequired><Value i:nil="true"/></Attribute></Attributes><ChildElements/><ElementName>mesh</ElementName><required>false</required><FilenameAttribute z:Ref="i35"/></URDFElement></ChildElements><ElementName>geometry</ElementName><required>true</required><Mesh z:Ref="i34"/></URDFElement></ChildElements><ElementName>collision</ElementName><required>false</required><Geometry z:Ref="i33"/><Origin z:Ref="i30"/></URDFElement><URDFElement z:Id="i36" i:type="Joint"><Attributes><Attribute z:Id="i37"><AttributeType>name</AttributeType><IsRequired>true</IsRequired><Value i:type="a:string" xmlns:a="http://www.w3.org/2001/XMLSchema"/></Attribute><Attribute z:Id="i38"><AttributeType>type</AttributeType><IsRequired>true</IsRequired><Value i:type="a:string" xmlns:a="http://www.w3.org/2001/XMLSchema"/></Attribute></Attributes><ChildElements><URDFElement z:Id="i39" i:type="Origin"><Attributes><Attribute z:Id="i40"><AttributeType>xyz</AttributeType><IsRequired>true</IsRequired><Value i:type="a:ArrayOfdouble" xmlns:a="http://schemas.microsoft.com/2003/10/Serialization/Arrays"><a:double>0</a:double><a:double>0</a:double><a:double>0</a:double></Value></Attribute><Attribute z:Id="i41"><AttributeType>rpy</AttributeType><IsRequired>true</IsRequired><Value i:type="a:ArrayOfdouble" xmlns:a="http://schemas.microsoft.com/2003/10/Serialization/Arrays"><a:double>0</a:double><a:double>0</a:double><a:double>0</a:double></Value></Attribute></Attributes><ChildElements/><ElementName>origin</ElementName><required>false</required><RPYAttribute z:Ref="i41"/><XYZAttribute z:Ref="i40"/><isCustomized>false</isCustomized></URDFElement><URDFElement z:Id="i42" i:type="ParentLink"><Attributes><Attribute z:Id="i43"><AttributeType>link</AttributeType><IsRequired>true</IsRequired><Value i:type="a:string" xmlns:a="http://www.w3.org/2001/XMLSchema"/></Attribute></Attributes><ChildElements/><ElementName>parent</ElementName><required>true</required><NameAttribute z:Ref="i43"/></URDFElement><URDFElement z:Id="i44" i:type="ChildLink"><Attributes><Attribute z:Id="i45"><AttributeType>link</AttributeType><IsRequired>true</IsRequired><Value i:type="a:string" xmlns:a="http://www.w3.org/2001/XMLSchema"/></Attribute></Attributes><ChildElements/><ElementName>child</ElementName><required>true</required><NameAttribute z:Ref="i45"/></URDFElement><URDFElement z:Id="i46" i:type="Axis"><Attributes><Attribute z:Id="i47"><AttributeType>xyz</AttributeType><IsRequired>true</IsRequired><Value i:type="a:ArrayOfdouble" xmlns:a="http://schemas.microsoft.com/2003/10/Serialization/Arrays"><a:double>0</a:double><a:double>0</a:double><a:double>0</a:double></Value></Attribute></Attributes><ChildElements/><ElementName>axis</ElementName><required>false</required><XYZAttribute z:Ref="i47"/></URDFElement><URDFElement z:Id="i48" i:type="Limit"><Attributes><Attribute z:Id="i49"><AttributeType>lower</AttributeType><IsRequired>false</IsRequired><Value i:nil="true"/></Attribute><Attribute z:Id="i50"><AttributeType>upper</AttributeType><IsRequired>false</IsRequired><Value i:nil="true"/></Attribute><Attribute z:Id="i51"><AttributeType>effort</AttributeType><IsRequired>true</IsRequired><Value i:nil="true"/></Attribute><Attribute z:Id="i52"><AttributeType>velocity</AttributeType><IsRequired>true</IsRequired><Value i:nil="true"/></Attribute></Attributes><ChildElements/><ElementName>limit</ElementName><required>false</required><EffortAttribute z:Ref="i51"/><LowerAttribute z:Ref="i49"/><UpperAttribute z:Ref="i50"/><VelocityAttribute z:Ref="i52"/></URDFElement><URDFElement z:Id="i53" i:type="Calibration"><Attributes><Attribute z:Id="i54"><AttributeType>rising</AttributeType><IsRequired>false</IsRequired><Value i:nil="true"/></Attribute><Attribute z:Id="i55"><AttributeType>falling</AttributeType><IsRequired>false</IsRequired><Value i:nil="true"/></Attribute></Attributes><ChildElements/><ElementName>calibration</ElementName><required>false</required><FallingAttribute z:Ref="i55"/><RisingAttribute z:Ref="i54"/></URDFElement><URDFElement z:Id="i56" i:type="Dynamics"><Attributes><Attribute z:Id="i57"><AttributeType>damping</AttributeType><IsRequired>false</IsRequired><Value i:nil="true"/></Attribute><Attribute z:Id="i58"><AttributeType>friction</AttributeType><IsRequired>false</IsRequired><Value i:nil="true"/></Attribute></Attributes><ChildElements/><ElementName>dynamics</ElementName><required>false</required><DampingAttribute z:Ref="i57"/><FrictionAttribute z:Ref="i58"/></URDFElement><URDFElement z:Id="i59" i:type="SafetyController"><Attributes><Attribute z:Id="i60"><AttributeType>soft_upper_limit</AttributeType><IsRequired>false</IsRequired><Value i:nil="true"/></Attribute><Attribute z:Id="i61"><AttributeType>soft_lower_limit</AttributeType><IsRequired>false</IsRequired><Value i:nil="true"/></Attribute><Attribute z:Id="i62"><AttributeType>k_position</AttributeType><IsRequired>false</IsRequired><Value i:nil="true"/></Attribute><Attribute z:Id="i63"><AttributeType>k_velocity</AttributeType><IsRequired>true</IsRequired><Value i:nil="true"/></Attribute></Attributes><ChildElements/><ElementName>safety_controller</ElementName><required>false</required><KPositionAttribute z:Ref="i62"/><KVelocityAttribute z:Ref="i63"/><SoftLowerAttribute z:Ref="i61"/><SoftUpperAttribute z:Ref="i60"/></URDFElement><URDFElement z:Id="i64" i:type="Mimic"><Attributes><Attribute z:Id="i65"><AttributeType>joint</AttributeType><IsRequired>true</IsRequired><Value i:nil="true"/></Attribute><Attribute z:Id="i66"><AttributeType>multiplier</AttributeType><IsRequired>false</IsRequired><Value i:nil="true"/></Attribute><Attribute z:Id="i67"><AttributeType>offset</AttributeType><IsRequired>false</IsRequired><Value i:nil="true"/></Attribute></Attributes><ChildElements/><ElementName>mimic</ElementName><required>false</required><JointNameAttribute z:Ref="i65"/><MultiplierAttribute z:Ref="i66"/><OffsetAttribute z:Ref="i67"/></URDFElement></ChildElements><ElementName>joint</ElementName><required>false</required><Axis z:Ref="i46"/><AxisName/><Calibration z:Ref="i53"/><Child z:Ref="i44"/><CoordinateSystemName>Origin_global</CoordinateSystemName><Dynamics z:Ref="i56"/><Limit z:Ref="i48"/><Mimic z:Ref="i64"/><NameAttribute z:Ref="i37"/><Origin z:Ref="i39"/><Parent z:Ref="i42"/><Safety z:Ref="i59"/><TypeAttribute z:Ref="i38"/></URDFElement></ChildElements><ElementName>link</ElementName><required>true</required><Children><Link z:Id="i68"><Attributes><Attribute z:Id="i69"><AttributeType>name</AttributeType><IsRequired>true</IsRequired><Value i:type="a:string" xmlns:a="http://www.w3.org/2001/XMLSchema">link_1</Value></Attribute></Attributes><ChildElements><URDFElement z:Id="i70" i:type="Inertial"><Attributes/><ChildElements><URDFElement z:Id="i71" i:type="Origin"><Attributes><Attribute z:Id="i72"><AttributeType>xyz</AttributeType><IsRequired>true</IsRequired><Value i:type="a:ArrayOfdouble" xmlns:a="http://schemas.microsoft.com/2003/10/Serialization/Arrays"><a:double>-0.0015424134178159826</a:double><a:double>0.010001335000445706</a:double><a:double>0.00024229829884681031</a:double></Value></Attribute><Attribute z:Id="i73"><AttributeType>rpy</AttributeType><IsRequired>true</IsRequired><Value i:type="a:ArrayOfdouble" xmlns:a="http://schemas.microsoft.com/2003/10/Serialization/Arrays"><a:double>0</a:double><a:double>0</a:double><a:double>0</a:double></Value></Attribute></Attributes><ChildElements/><ElementName>origin</ElementName><required>false</required><RPYAttribute z:Ref="i73"/><XYZAttribute z:Ref="i72"/><isCustomized>false</isCustomized></URDFElement><URDFElement z:Id="i74" i:type="Mass"><Attributes><Attribute z:Id="i75"><AttributeType>value</AttributeType><IsRequired>true</IsRequired><Value i:type="a:double" xmlns:a="http://www.w3.org/2001/XMLSchema">0.036067227742246022</Value></Attribute></Attributes><ChildElements/><ElementName>mass</ElementName><required>false</required><ValueAttribute z:Ref="i75"/></URDFElement><URDFElement z:Id="i76" i:type="Inertia"><Attributes><Attribute z:Id="i77"><AttributeType>ixx</AttributeType><IsRequired>true</IsRequired><Value i:type="a:double" xmlns:a="http://www.w3.org/2001/XMLSchema">6.6365786487677758E-06</Value></Attribute><Attribute z:Id="i78"><AttributeType>ixy</AttributeType><IsRequired>true</IsRequired><Value i:type="a:double" xmlns:a="http://www.w3.org/2001/XMLSchema">8.8026944901077877E-11</Value></Attribute><Attribute z:Id="i79"><AttributeType>ixz</AttributeType><IsRequired>true</IsRequired><Value i:type="a:double" xmlns:a="http://www.w3.org/2001/XMLSchema">-2.542803430916445E-08</Value></Attribute><Attribute z:Id="i80"><AttributeType>iyy</AttributeType><IsRequired>true</IsRequired><Value i:type="a:double" xmlns:a="http://www.w3.org/2001/XMLSchema">1.0032565729544948E-05</Value></Attribute><Attribute z:Id="i81"><AttributeType>iyz</AttributeType><IsRequired>true</IsRequired><Value i:type="a:double" xmlns:a="http://www.w3.org/2001/XMLSchema">5.5830248766791882E-11</Value></Attribute><Attribute z:Id="i82"><AttributeType>izz</AttributeType><IsRequired>true</IsRequired><Value i:type="a:double" xmlns:a="http://www.w3.org/2001/XMLSchema">5.7633489590591261E-06</Value></Attribute></Attributes><ChildElements/><ElementName>inertia</ElementName><required>false</required><IxxAttribute z:Ref="i77"/><IxyAttribute z:Ref="i78"/><IxzAttribute z:Ref="i79"/><IyyAttribute z:Ref="i80"/><IyzAttribute z:Ref="i81"/><IzzAttribute z:Ref="i82"/></URDFElement></ChildElements><ElementName>inertial</ElementName><required>false</required><Inertia z:Ref="i76"/><Mass z:Ref="i74"/><Origin z:Ref="i71"/></URDFElement><URDFElement z:Id="i83" i:type="Visual"><Attributes/><ChildElements><URDFElement z:Id="i84" i:type="Origin"><Attributes><Attribute z:Id="i85"><AttributeType>xyz</AttributeType><IsRequired>true</IsRequired><Value i:type="a:ArrayOfdouble" xmlns:a="http://schemas.microsoft.com/2003/10/Serialization/Arrays"><a:double>0</a:double><a:double>0</a:double><a:double>0</a:double></Value></Attribute><Attribute z:Id="i86"><AttributeType>rpy</AttributeType><IsRequired>true</IsRequired><Value i:type="a:ArrayOfdouble" xmlns:a="http://schemas.microsoft.com/2003/10/Serialization/Arrays"><a:double>0</a:double><a:double>0</a:double><a:double>0</a:double></Value></Attribute></Attributes><ChildElements/><ElementName>origin</ElementName><required>false</required><RPYAttribute z:Ref="i86"/><XYZAttribute z:Ref="i85"/><isCustomized>false</isCustomized></URDFElement><URDFElement z:Id="i87" i:type="Geometry"><Attributes/><ChildElements><URDFElement z:Id="i88" i:type="Mesh"><Attributes><Attribute z:Id="i89"><AttributeType>filename</AttributeType><IsRequired>true</IsRequired><Value i:nil="true"/></Attribute></Attributes><ChildElements/><ElementName>mesh</ElementName><required>false</required><FilenameAttribute z:Ref="i89"/></URDFElement></ChildElements><ElementName>geometry</ElementName><required>true</required><Mesh z:Ref="i88"/></URDFElement><URDFElement z:Id="i90" i:type="Material"><Attributes><Attribute z:Id="i91"><AttributeType>name</AttributeType><IsRequired>true</IsRequired><Value i:type="a:string" xmlns:a="http://www.w3.org/2001/XMLSchema"/></Attribute></Attributes><ChildElements><URDFElement z:Id="i92" i:type="Color"><Attributes><Attribute z:Id="i93"><AttributeType>rgba</AttributeType><IsRequired>true</IsRequired><Value i:type="a:ArrayOfdouble" xmlns:a="http://schemas.microsoft.com/2003/10/Serialization/Arrays"><a:double>0.792156862745098</a:double><a:double>0.81960784313725488</a:double><a:double>0.93333333333333335</a:double><a:double>1</a:double></Value></Attribute></Attributes><ChildElements/><ElementName>color</ElementName><required>false</required><RGBAAttribute z:Ref="i93"/></URDFElement><URDFElement z:Id="i94" i:type="Texture"><Attributes><Attribute z:Id="i95"><AttributeType>filename</AttributeType><IsRequired>true</IsRequired><Value i:nil="true"/></Attribute></Attributes><ChildElements/><ElementName>texture</ElementName><required>false</required><FilenameAttribute z:Ref="i95"/><wFilename/></URDFElement></ChildElements><ElementName>material</ElementName><required>false</required><Color z:Ref="i92"/><NameAttribute z:Ref="i91"/><Texture z:Ref="i94"/></URDFElement></ChildElements><ElementName>visual</ElementName><required>false</required><Geometry z:Ref="i87"/><Material z:Ref="i90"/><Origin z:Ref="i84"/></URDFElement><URDFElement z:Id="i96" i:type="Collision"><Attributes/><ChildElements><URDFElement z:Id="i97" i:type="Origin"><Attributes><Attribute z:Id="i98"><AttributeType>xyz</AttributeType><IsRequired>true</IsRequired><Value i:type="a:ArrayOfdouble" xmlns:a="http://schemas.microsoft.com/2003/10/Serialization/Arrays"><a:double>0</a:double><a:double>0</a:double><a:double>0</a:double></Value></Attribute><Attribute z:Id="i99"><AttributeType>rpy</AttributeType><IsRequired>true</IsRequired><Value i:type="a:ArrayOfdouble" xmlns:a="http://schemas.microsoft.com/2003/10/Serialization/Arrays"><a:double>0</a:double><a:double>0</a:double><a:double>0</a:double></Value></Attribute></Attributes><ChildElements/><ElementName>origin</ElementName><required>false</required><RPYAttribute z:Ref="i99"/><XYZAttribute z:Ref="i98"/><isCustomized>false</isCustomized></URDFElement><URDFElement z:Id="i100" i:type="Geometry"><Attributes/><ChildElements><URDFElement z:Id="i101" i:type="Mesh"><Attributes><Attribute z:Id="i102"><AttributeType>filename</AttributeType><IsRequired>true</IsRequired><Value i:nil="true"/></Attribute></Attributes><ChildElements/><ElementName>mesh</ElementName><required>false</required><FilenameAttribute z:Ref="i102"/></URDFElement></ChildElements><ElementName>geometry</ElementName><required>true</required><Mesh z:Ref="i101"/></URDFElement></ChildElements><ElementName>collision</ElementName><required>false</required><Geometry z:Ref="i100"/><Origin z:Ref="i97"/></URDFElement><URDFElement z:Id="i103" i:type="Joint"><Attributes><Attribute z:Id="i104"><AttributeType>name</AttributeType><IsRequired>true</IsRequired><Value i:type="a:string" xmlns:a="http://www.w3.org/2001/XMLSchema">joint_1</Value></Attribute><Attribute z:Id="i105"><AttributeType>type</AttributeType><IsRequired>true</IsRequired><Value i:type="a:string" xmlns:a="http://www.w3.org/2001/XMLSchema">revolute</Value></Attribute></Attributes><ChildElements><URDFElement z:Id="i106" i:type="Origin"><Attributes><Attribute z:Id="i107"><AttributeType>xyz</AttributeType><IsRequired>true</IsRequired><Value i:type="a:ArrayOfdouble" xmlns:a="http://schemas.microsoft.com/2003/10/Serialization/Arrays"><a:double>0.10523</a:double><a:double>0.12001</a:double><a:double>0.040127</a:double></Value></Attribute><Attribute z:Id="i108"><AttributeType>rpy</AttributeType><IsRequired>true</IsRequired><Value i:type="a:ArrayOfdouble" xmlns:a="http://schemas.microsoft.com/2003/10/Serialization/Arrays"><a:double>-1.5645</a:double><a:double>0</a:double><a:double>-1.5513</a:double></Value></Attribute></Attributes><ChildElements/><ElementName>origin</ElementName><required>false</required><RPYAttribute z:Ref="i108"/><XYZAttribute z:Ref="i107"/><isCustomized>false</isCustomized></URDFElement><URDFElement z:Id="i109" i:type="ParentLink"><Attributes><Attribute z:Id="i110"><AttributeType>link</AttributeType><IsRequired>true</IsRequired><Value i:type="a:string" xmlns:a="http://www.w3.org/2001/XMLSchema">base_link</Value></Attribute></Attributes><ChildElements/><ElementName>parent</ElementName><required>true</required><NameAttribute z:Ref="i110"/></URDFElement><URDFElement z:Id="i111" i:type="ChildLink"><Attributes><Attribute z:Id="i112"><AttributeType>link</AttributeType><IsRequired>true</IsRequired><Value i:type="a:string" xmlns:a="http://www.w3.org/2001/XMLSchema">link_1</Value></Attribute></Attributes><ChildElements/><ElementName>child</ElementName><required>true</required><NameAttribute z:Ref="i112"/></URDFElement><URDFElement z:Id="i113" i:type="Axis"><Attributes><Attribute z:Id="i114"><AttributeType>xyz</AttributeType><IsRequired>true</IsRequired><Value i:type="a:ArrayOfdouble" xmlns:a="http://schemas.microsoft.com/2003/10/Serialization/Arrays"><a:double>0</a:double><a:double>0</a:double><a:double>1</a:double></Value></Attribute></Attributes><ChildElements/><ElementName>axis</ElementName><required>false</required><XYZAttribute z:Ref="i114"/></URDFElement><URDFElement z:Id="i115" i:type="Limit"><Attributes><Attribute z:Id="i116"><AttributeType>lower</AttributeType><IsRequired>true</IsRequired><Value i:type="a:double" xmlns:a="http://www.w3.org/2001/XMLSchema">-1.57</Value></Attribute><Attribute z:Id="i117"><AttributeType>upper</AttributeType><IsRequired>true</IsRequired><Value i:type="a:double" xmlns:a="http://www.w3.org/2001/XMLSchema">1.57</Value></Attribute><Attribute z:Id="i118"><AttributeType>effort</AttributeType><IsRequired>true</IsRequired><Value i:type="a:double" xmlns:a="http://www.w3.org/2001/XMLSchema">17</Value></Attribute><Attribute z:Id="i119"><AttributeType>velocity</AttributeType><IsRequired>true</IsRequired><Value i:type="a:double" xmlns:a="http://www.w3.org/2001/XMLSchema">6</Value></Attribute></Attributes><ChildElements/><ElementName>limit</ElementName><required>true</required><EffortAttribute z:Ref="i118"/><LowerAttribute z:Ref="i116"/><UpperAttribute z:Ref="i117"/><VelocityAttribute z:Ref="i119"/></URDFElement><URDFElement z:Id="i120" i:type="Calibration"><Attributes><Attribute z:Id="i121"><AttributeType>rising</AttributeType><IsRequired>false</IsRequired><Value i:nil="true"/></Attribute><Attribute z:Id="i122"><AttributeType>falling</AttributeType><IsRequired>false</IsRequired><Value i:nil="true"/></Attribute></Attributes><ChildElements/><ElementName>calibration</ElementName><required>false</required><FallingAttribute z:Ref="i122"/><RisingAttribute z:Ref="i121"/></URDFElement><URDFElement z:Id="i123" i:type="Dynamics"><Attributes><Attribute z:Id="i124"><AttributeType>damping</AttributeType><IsRequired>false</IsRequired><Value i:nil="true"/></Attribute><Attribute z:Id="i125"><AttributeType>friction</AttributeType><IsRequired>false</IsRequired><Value i:nil="true"/></Attribute></Attributes><ChildElements/><ElementName>dynamics</ElementName><required>false</required><DampingAttribute z:Ref="i124"/><FrictionAttribute z:Ref="i125"/></URDFElement><URDFElement z:Id="i126" i:type="SafetyController"><Attributes><Attribute z:Id="i127"><AttributeType>soft_upper_limit</AttributeType><IsRequired>false</IsRequired><Value i:nil="true"/></Attribute><Attribute z:Id="i128"><AttributeType>soft_lower_limit</AttributeType><IsRequired>false</IsRequired><Value i:nil="true"/></Attribute><Attribute z:Id="i129"><AttributeType>k_position</AttributeType><IsRequired>false</IsRequired><Value i:nil="true"/></Attribute><Attribute z:Id="i130"><AttributeType>k_velocity</AttributeType><IsRequired>true</IsRequired><Value i:nil="true"/></Attribute></Attributes><ChildElements/><ElementName>safety_controller</ElementName><required>false</required><KPositionAttribute z:Ref="i129"/><KVelocityAttribute z:Ref="i130"/><SoftLowerAttribute z:Ref="i128"/><SoftUpperAttribute z:Ref="i127"/></URDFElement><URDFElement z:Id="i131" i:type="Mimic"><Attributes><Attribute z:Id="i132"><AttributeType>joint</AttributeType><IsRequired>true</IsRequired><Value i:nil="true"/></Attribute><Attribute z:Id="i133"><AttributeType>multiplier</AttributeType><IsRequired>false</IsRequired><Value i:nil="true"/></Attribute><Attribute z:Id="i134"><AttributeType>offset</AttributeType><IsRequired>false</IsRequired><Value i:nil="true"/></Attribute></Attributes><ChildElements/><ElementName>mimic</ElementName><required>false</required><JointNameAttribute z:Ref="i132"/><MultiplierAttribute z:Ref="i133"/><OffsetAttribute z:Ref="i134"/></URDFElement></ChildElements><ElementName>joint</ElementName><required>false</required><Axis z:Ref="i113"/><AxisName/><Calibration z:Ref="i120"/><Child z:Ref="i111"/><CoordinateSystemName>Origin_joint_12</CoordinateSystemName><Dynamics z:Ref="i123"/><Limit z:Ref="i115"/><Mimic z:Ref="i131"/><NameAttribute z:Ref="i104"/><Origin z:Ref="i106"/><Parent z:Ref="i109"/><Safety z:Ref="i126"/><TypeAttribute z:Ref="i105"/></URDFElement></ChildElements><ElementName>link</ElementName><required>true</required><Children><Link z:Id="i135"><Attributes><Attribute z:Id="i136"><AttributeType>name</AttributeType><IsRequired>true</IsRequired><Value i:type="a:string" xmlns:a="http://www.w3.org/2001/XMLSchema">link_2</Value></Attribute></Attributes><ChildElements><URDFElement z:Id="i137" i:type="Inertial"><Attributes/><ChildElements><URDFElement z:Id="i138" i:type="Origin"><Attributes><Attribute z:Id="i139"><AttributeType>xyz</AttributeType><IsRequired>true</IsRequired><Value i:type="a:ArrayOfdouble" xmlns:a="http://schemas.microsoft.com/2003/10/Serialization/Arrays"><a:double>0.080491491193247236</a:double><a:double>0.0099993903503659276</a:double><a:double>-0.00069999999999977025</a:double></Value></Attribute><Attribute z:Id="i140"><AttributeType>rpy</AttributeType><IsRequired>true</IsRequired><Value i:type="a:ArrayOfdouble" xmlns:a="http://schemas.microsoft.com/2003/10/Serialization/Arrays"><a:double>0</a:double><a:double>0</a:double><a:double>0</a:double></Value></Attribute></Attributes><ChildElements/><ElementName>origin</ElementName><required>false</required><RPYAttribute z:Ref="i140"/><XYZAttribute z:Ref="i139"/><isCustomized>false</isCustomized></URDFElement><URDFElement z:Id="i141" i:type="Mass"><Attributes><Attribute z:Id="i142"><AttributeType>value</AttributeType><IsRequired>true</IsRequired><Value i:type="a:double" xmlns:a="http://www.w3.org/2001/XMLSchema">0.049546161256002336</Value></Attribute></Attributes><ChildElements/><ElementName>mass</ElementName><required>false</required><ValueAttribute z:Ref="i142"/></URDFElement><URDFElement z:Id="i143" i:type="Inertia"><Attributes><Attribute z:Id="i144"><AttributeType>ixx</AttributeType><IsRequired>true</IsRequired><Value i:type="a:double" xmlns:a="http://www.w3.org/2001/XMLSchema">1.2416229673071268E-05</Value></Attribute><Attribute z:Id="i145"><AttributeType>ixy</AttributeType><IsRequired>true</IsRequired><Value i:type="a:double" xmlns:a="http://www.w3.org/2001/XMLSchema">1.2705494208814505E-20</Value></Attribute><Attribute z:Id="i146"><AttributeType>ixz</AttributeType><IsRequired>true</IsRequired><Value i:type="a:double" xmlns:a="http://www.w3.org/2001/XMLSchema">-9.7077916689223328E-20</Value></Attribute><Attribute z:Id="i147"><AttributeType>iyy</AttributeType><IsRequired>true</IsRequired><Value i:type="a:double" xmlns:a="http://www.w3.org/2001/XMLSchema">4.0383237262559584E-05</Value></Attribute><Attribute z:Id="i148"><AttributeType>iyz</AttributeType><IsRequired>true</IsRequired><Value i:type="a:double" xmlns:a="http://www.w3.org/2001/XMLSchema">-1.0058516248644817E-21</Value></Attribute><Attribute z:Id="i149"><AttributeType>izz</AttributeType><IsRequired>true</IsRequired><Value i:type="a:double" xmlns:a="http://www.w3.org/2001/XMLSchema">3.1305005880398313E-05</Value></Attribute></Attributes><ChildElements/><ElementName>inertia</ElementName><required>false</required><IxxAttribute z:Ref="i144"/><IxyAttribute z:Ref="i145"/><IxzAttribute z:Ref="i146"/><IyyAttribute z:Ref="i147"/><IyzAttribute z:Ref="i148"/><IzzAttribute z:Ref="i149"/></URDFElement></ChildElements><ElementName>inertial</ElementName><required>false</required><Inertia z:Ref="i143"/><Mass z:Ref="i141"/><Origin z:Ref="i138"/></URDFElement><URDFElement z:Id="i150" i:type="Visual"><Attributes/><ChildElements><URDFElement z:Id="i151" i:type="Origin"><Attributes><Attribute z:Id="i152"><AttributeType>xyz</AttributeType><IsRequired>true</IsRequired><Value i:type="a:ArrayOfdouble" xmlns:a="http://schemas.microsoft.com/2003/10/Serialization/Arrays"><a:double>0</a:double><a:double>0</a:double><a:double>0</a:double></Value></Attribute><Attribute z:Id="i153"><AttributeType>rpy</AttributeType><IsRequired>true</IsRequired><Value i:type="a:ArrayOfdouble" xmlns:a="http://schemas.microsoft.com/2003/10/Serialization/Arrays"><a:double>0</a:double><a:double>0</a:double><a:double>0</a:double></Value></Attribute></Attributes><ChildElements/><ElementName>origin</ElementName><required>false</required><RPYAttribute z:Ref="i153"/><XYZAttribute z:Ref="i152"/><isCustomized>false</isCustomized></URDFElement><URDFElement z:Id="i154" i:type="Geometry"><Attributes/><ChildElements><URDFElement z:Id="i155" i:type="Mesh"><Attributes><Attribute z:Id="i156"><AttributeType>filename</AttributeType><IsRequired>true</IsRequired><Value i:nil="true"/></Attribute></Attributes><ChildElements/><ElementName>mesh</ElementName><required>false</required><FilenameAttribute z:Ref="i156"/></URDFElement></ChildElements><ElementName>geometry</ElementName><required>true</required><Mesh z:Ref="i155"/></URDFElement><URDFElement z:Id="i157" i:type="Material"><Attributes><Attribute z:Id="i158"><AttributeType>name</AttributeType><IsRequired>true</IsRequired><Value i:type="a:string" xmlns:a="http://www.w3.org/2001/XMLSchema"/></Attribute></Attributes><ChildElements><URDFElement z:Id="i159" i:type="Color"><Attributes><Attribute z:Id="i160"><AttributeType>rgba</AttributeType><IsRequired>true</IsRequired><Value i:type="a:ArrayOfdouble" xmlns:a="http://schemas.microsoft.com/2003/10/Serialization/Arrays"><a:double>0.792156862745098</a:double><a:double>0.81960784313725488</a:double><a:double>0.93333333333333335</a:double><a:double>1</a:double></Value></Attribute></Attributes><ChildElements/><ElementName>color</ElementName><required>false</required><RGBAAttribute z:Ref="i160"/></URDFElement><URDFElement z:Id="i161" i:type="Texture"><Attributes><Attribute z:Id="i162"><AttributeType>filename</AttributeType><IsRequired>true</IsRequired><Value i:nil="true"/></Attribute></Attributes><ChildElements/><ElementName>texture</ElementName><required>false</required><FilenameAttribute z:Ref="i162"/><wFilename/></URDFElement></ChildElements><ElementName>material</ElementName><required>false</required><Color z:Ref="i159"/><NameAttribute z:Ref="i158"/><Texture z:Ref="i161"/></URDFElement></ChildElements><ElementName>visual</ElementName><required>false</required><Geometry z:Ref="i154"/><Material z:Ref="i157"/><Origin z:Ref="i151"/></URDFElement><URDFElement z:Id="i163" i:type="Collision"><Attributes/><ChildElements><URDFElement z:Id="i164" i:type="Origin"><Attributes><Attribute z:Id="i165"><AttributeType>xyz</AttributeType><IsRequired>true</IsRequired><Value i:type="a:ArrayOfdouble" xmlns:a="http://schemas.microsoft.com/2003/10/Serialization/Arrays"><a:double>0</a:double><a:double>0</a:double><a:double>0</a:double></Value></Attribute><Attribute z:Id="i166"><AttributeType>rpy</AttributeType><IsRequired>true</IsRequired><Value i:type="a:ArrayOfdouble" xmlns:a="http://schemas.microsoft.com/2003/10/Serialization/Arrays"><a:double>0</a:double><a:double>0</a:double><a:double>0</a:double></Value></Attribute></Attributes><ChildElements/><ElementName>origin</ElementName><required>false</required><RPYAttribute z:Ref="i166"/><XYZAttribute z:Ref="i165"/><isCustomized>false</isCustomized></URDFElement><URDFElement z:Id="i167" i:type="Geometry"><Attributes/><ChildElements><URDFElement z:Id="i168" i:type="Mesh"><Attributes><Attribute z:Id="i169"><AttributeType>filename</AttributeType><IsRequired>true</IsRequired><Value i:nil="true"/></Attribute></Attributes><ChildElements/><ElementName>mesh</ElementName><required>false</required><FilenameAttribute z:Ref="i169"/></URDFElement></ChildElements><ElementName>geometry</ElementName><required>true</required><Mesh z:Ref="i168"/></URDFElement></ChildElements><ElementName>collision</ElementName><required>false</required><Geometry z:Ref="i167"/><Origin z:Ref="i164"/></URDFElement><URDFElement z:Id="i170" i:type="Joint"><Attributes><Attribute z:Id="i171"><AttributeType>name</AttributeType><IsRequired>true</IsRequired><Value i:type="a:string" xmlns:a="http://www.w3.org/2001/XMLSchema">joint_2</Value></Attribute><Attribute z:Id="i172"><AttributeType>type</AttributeType><IsRequired>true</IsRequired><Value i:type="a:string" xmlns:a="http://www.w3.org/2001/XMLSchema">revolute</Value></Attribute></Attributes><ChildElements><URDFElement z:Id="i173" i:type="Origin"><Attributes><Attribute z:Id="i174"><AttributeType>xyz</AttributeType><IsRequired>true</IsRequired><Value i:type="a:ArrayOfdouble" xmlns:a="http://schemas.microsoft.com/2003/10/Serialization/Arrays"><a:double>-0.0035304</a:double><a:double>0.0068889</a:double><a:double>5E-05</a:double></Value></Attribute><Attribute z:Id="i175"><AttributeType>rpy</AttributeType><IsRequired>true</IsRequired><Value i:type="a:ArrayOfdouble" xmlns:a="http://schemas.microsoft.com/2003/10/Serialization/Arrays"><a:double>0</a:double><a:double>0</a:double><a:double>-0.52728</a:double></Value></Attribute></Attributes><ChildElements/><ElementName>origin</ElementName><required>false</required><RPYAttribute z:Ref="i175"/><XYZAttribute z:Ref="i174"/><isCustomized>false</isCustomized></URDFElement><URDFElement z:Id="i176" i:type="ParentLink"><Attributes><Attribute z:Id="i177"><AttributeType>link</AttributeType><IsRequired>true</IsRequired><Value i:type="a:string" xmlns:a="http://www.w3.org/2001/XMLSchema">link_1</Value></Attribute></Attributes><ChildElements/><ElementName>parent</ElementName><required>true</required><NameAttribute z:Ref="i177"/></URDFElement><URDFElement z:Id="i178" i:type="ChildLink"><Attributes><Attribute z:Id="i179"><AttributeType>link</AttributeType><IsRequired>true</IsRequired><Value i:type="a:string" xmlns:a="http://www.w3.org/2001/XMLSchema">link_2</Value></Attribute></Attributes><ChildElements/><ElementName>child</ElementName><required>true</required><NameAttribute z:Ref="i179"/></URDFElement><URDFElement z:Id="i180" i:type="Axis"><Attributes><Attribute z:Id="i181"><AttributeType>xyz</AttributeType><IsRequired>true</IsRequired><Value i:type="a:ArrayOfdouble" xmlns:a="http://schemas.microsoft.com/2003/10/Serialization/Arrays"><a:double>1</a:double><a:double>0</a:double><a:double>0</a:double></Value></Attribute></Attributes><ChildElements/><ElementName>axis</ElementName><required>false</required><XYZAttribute z:Ref="i181"/></URDFElement><URDFElement z:Id="i182" i:type="Limit"><Attributes><Attribute z:Id="i183"><AttributeType>lower</AttributeType><IsRequired>true</IsRequired><Value i:type="a:double" xmlns:a="http://www.w3.org/2001/XMLSchema">-1.57</Value></Attribute><Attribute z:Id="i184"><AttributeType>upper</AttributeType><IsRequired>true</IsRequired><Value i:type="a:double" xmlns:a="http://www.w3.org/2001/XMLSchema">1.57</Value></Attribute><Attribute z:Id="i185"><AttributeType>effort</AttributeType><IsRequired>true</IsRequired><Value i:type="a:double" xmlns:a="http://www.w3.org/2001/XMLSchema">17</Value></Attribute><Attribute z:Id="i186"><AttributeType>velocity</AttributeType><IsRequired>true</IsRequired><Value i:type="a:double" xmlns:a="http://www.w3.org/2001/XMLSchema">6</Value></Attribute></Attributes><ChildElements/><ElementName>limit</ElementName><required>true</required><EffortAttribute z:Ref="i185"/><LowerAttribute z:Ref="i183"/><UpperAttribute z:Ref="i184"/><VelocityAttribute z:Ref="i186"/></URDFElement><URDFElement z:Id="i187" i:type="Calibration"><Attributes><Attribute z:Id="i188"><AttributeType>rising</AttributeType><IsRequired>false</IsRequired><Value i:nil="true"/></Attribute><Attribute z:Id="i189"><AttributeType>falling</AttributeType><IsRequired>false</IsRequired><Value i:nil="true"/></Attribute></Attributes><ChildElements/><ElementName>calibration</ElementName><required>false</required><FallingAttribute z:Ref="i189"/><RisingAttribute z:Ref="i188"/></URDFElement><URDFElement z:Id="i190" i:type="Dynamics"><Attributes><Attribute z:Id="i191"><AttributeType>damping</AttributeType><IsRequired>false</IsRequired><Value i:nil="true"/></Attribute><Attribute z:Id="i192"><AttributeType>friction</AttributeType><IsRequired>false</IsRequired><Value i:nil="true"/></Attribute></Attributes><ChildElements/><ElementName>dynamics</ElementName><required>false</required><DampingAttribute z:Ref="i191"/><FrictionAttribute z:Ref="i192"/></URDFElement><URDFElement z:Id="i193" i:type="SafetyController"><Attributes><Attribute z:Id="i194"><AttributeType>soft_upper_limit</AttributeType><IsRequired>false</IsRequired><Value i:nil="true"/></Attribute><Attribute z:Id="i195"><AttributeType>soft_lower_limit</AttributeType><IsRequired>false</IsRequired><Value i:nil="true"/></Attribute><Attribute z:Id="i196"><AttributeType>k_position</AttributeType><IsRequired>false</IsRequired><Value i:nil="true"/></Attribute><Attribute z:Id="i197"><AttributeType>k_velocity</AttributeType><IsRequired>true</IsRequired><Value i:nil="true"/></Attribute></Attributes><ChildElements/><ElementName>safety_controller</ElementName><required>false</required><KPositionAttribute z:Ref="i196"/><KVelocityAttribute z:Ref="i197"/><SoftLowerAttribute z:Ref="i195"/><SoftUpperAttribute z:Ref="i194"/></URDFElement><URDFElement z:Id="i198" i:type="Mimic"><Attributes><Attribute z:Id="i199"><AttributeType>joint</AttributeType><IsRequired>true</IsRequired><Value i:nil="true"/></Attribute><Attribute z:Id="i200"><AttributeType>multiplier</AttributeType><IsRequired>false</IsRequired><Value i:nil="true"/></Attribute><Attribute z:Id="i201"><AttributeType>offset</AttributeType><IsRequired>false</IsRequired><Value i:nil="true"/></Attribute></Attributes><ChildElements/><ElementName>mimic</ElementName><required>false</required><JointNameAttribute z:Ref="i199"/><MultiplierAttribute z:Ref="i200"/><OffsetAttribute z:Ref="i201"/></URDFElement></ChildElements><ElementName>joint</ElementName><required>false</required><Axis z:Ref="i180"/><AxisName/><Calibration z:Ref="i187"/><Child z:Ref="i178"/><CoordinateSystemName>Origin_joint_22</CoordinateSystemName><Dynamics z:Ref="i190"/><Limit z:Ref="i182"/><Mimic z:Ref="i198"/><NameAttribute z:Ref="i171"/><Origin z:Ref="i173"/><Parent z:Ref="i176"/><Safety z:Ref="i193"/><TypeAttribute z:Ref="i172"/></URDFElement></ChildElements><ElementName>link</ElementName><required>true</required><Children><Link z:Id="i202"><Attributes><Attribute z:Id="i203"><AttributeType>name</AttributeType><IsRequired>true</IsRequired><Value i:type="a:string" xmlns:a="http://www.w3.org/2001/XMLSchema">link_3</Value></Attribute></Attributes><ChildElements><URDFElement z:Id="i204" i:type="Inertial"><Attributes/><ChildElements><URDFElement z:Id="i205" i:type="Origin"><Attributes><Attribute z:Id="i206"><AttributeType>xyz</AttributeType><IsRequired>true</IsRequired><Value i:type="a:ArrayOfdouble" xmlns:a="http://schemas.microsoft.com/2003/10/Serialization/Arrays"><a:double>0.0065316128521103745</a:double><a:double>-0.019933238616653713</a:double><a:double>4.308115159751269E-08</a:double></Value></Attribute><Attribute z:Id="i207"><AttributeType>rpy</AttributeType><IsRequired>true</IsRequired><Value i:type="a:ArrayOfdouble" xmlns:a="http://schemas.microsoft.com/2003/10/Serialization/Arrays"><a:double>0</a:double><a:double>0</a:double><a:double>0</a:double></Value></Attribute></Attributes><ChildElements/><ElementName>origin</ElementName><required>false</required><RPYAttribute z:Ref="i207"/><XYZAttribute z:Ref="i206"/><isCustomized>false</isCustomized></URDFElement><URDFElement z:Id="i208" i:type="Mass"><Attributes><Attribute z:Id="i209"><AttributeType>value</AttributeType><IsRequired>true</IsRequired><Value i:type="a:double" xmlns:a="http://www.w3.org/2001/XMLSchema">0.070505825884653109</Value></Attribute></Attributes><ChildElements/><ElementName>mass</ElementName><required>false</required><ValueAttribute z:Ref="i209"/></URDFElement><URDFElement z:Id="i210" i:type="Inertia"><Attributes><Attribute z:Id="i211"><AttributeType>ixx</AttributeType><IsRequired>true</IsRequired><Value i:type="a:double" xmlns:a="http://www.w3.org/2001/XMLSchema">2.0663812158650806E-05</Value></Attribute><Attribute z:Id="i212"><AttributeType>ixy</AttributeType><IsRequired>true</IsRequired><Value i:type="a:double" xmlns:a="http://www.w3.org/2001/XMLSchema">-2.6709029095480383E-09</Value></Attribute><Attribute z:Id="i213"><AttributeType>ixz</AttributeType><IsRequired>true</IsRequired><Value i:type="a:double" xmlns:a="http://www.w3.org/2001/XMLSchema">5.5819814824455754E-11</Value></Attribute><Attribute z:Id="i214"><AttributeType>iyy</AttributeType><IsRequired>true</IsRequired><Value i:type="a:double" xmlns:a="http://www.w3.org/2001/XMLSchema">1.3863305056383187E-05</Value></Attribute><Attribute z:Id="i215"><AttributeType>iyz</AttributeType><IsRequired>true</IsRequired><Value i:type="a:double" xmlns:a="http://www.w3.org/2001/XMLSchema">4.440119459525393E-11</Value></Attribute><Attribute z:Id="i216"><AttributeType>izz</AttributeType><IsRequired>true</IsRequired><Value i:type="a:double" xmlns:a="http://www.w3.org/2001/XMLSchema">2.9845578372942627E-05</Value></Attribute></Attributes><ChildElements/><ElementName>inertia</ElementName><required>false</required><IxxAttribute z:Ref="i211"/><IxyAttribute z:Ref="i212"/><IxzAttribute z:Ref="i213"/><IyyAttribute z:Ref="i214"/><IyzAttribute z:Ref="i215"/><IzzAttribute z:Ref="i216"/></URDFElement></ChildElements><ElementName>inertial</ElementName><required>false</required><Inertia z:Ref="i210"/><Mass z:Ref="i208"/><Origin z:Ref="i205"/></URDFElement><URDFElement z:Id="i217" i:type="Visual"><Attributes/><ChildElements><URDFElement z:Id="i218" i:type="Origin"><Attributes><Attribute z:Id="i219"><AttributeType>xyz</AttributeType><IsRequired>true</IsRequired><Value i:type="a:ArrayOfdouble" xmlns:a="http://schemas.microsoft.com/2003/10/Serialization/Arrays"><a:double>0</a:double><a:double>0</a:double><a:double>0</a:double></Value></Attribute><Attribute z:Id="i220"><AttributeType>rpy</AttributeType><IsRequired>true</IsRequired><Value i:type="a:ArrayOfdouble" xmlns:a="http://schemas.microsoft.com/2003/10/Serialization/Arrays"><a:double>0</a:double><a:double>0</a:double><a:double>0</a:double></Value></Attribute></Attributes><ChildElements/><ElementName>origin</ElementName><required>false</required><RPYAttribute z:Ref="i220"/><XYZAttribute z:Ref="i219"/><isCustomized>false</isCustomized></URDFElement><URDFElement z:Id="i221" i:type="Geometry"><Attributes/><ChildElements><URDFElement z:Id="i222" i:type="Mesh"><Attributes><Attribute z:Id="i223"><AttributeType>filename</AttributeType><IsRequired>true</IsRequired><Value i:nil="true"/></Attribute></Attributes><ChildElements/><ElementName>mesh</ElementName><required>false</required><FilenameAttribute z:Ref="i223"/></URDFElement></ChildElements><ElementName>geometry</ElementName><required>true</required><Mesh z:Ref="i222"/></URDFElement><URDFElement z:Id="i224" i:type="Material"><Attributes><Attribute z:Id="i225"><AttributeType>name</AttributeType><IsRequired>true</IsRequired><Value i:type="a:string" xmlns:a="http://www.w3.org/2001/XMLSchema"/></Attribute></Attributes><ChildElements><URDFElement z:Id="i226" i:type="Color"><Attributes><Attribute z:Id="i227"><AttributeType>rgba</AttributeType><IsRequired>true</IsRequired><Value i:type="a:ArrayOfdouble" xmlns:a="http://schemas.microsoft.com/2003/10/Serialization/Arrays"><a:double>0.792156862745098</a:double><a:double>0.81960784313725488</a:double><a:double>0.93333333333333335</a:double><a:double>1</a:double></Value></Attribute></Attributes><ChildElements/><ElementName>color</ElementName><required>false</required><RGBAAttribute z:Ref="i227"/></URDFElement><URDFElement z:Id="i228" i:type="Texture"><Attributes><Attribute z:Id="i229"><AttributeType>filename</AttributeType><IsRequired>true</IsRequired><Value i:nil="true"/></Attribute></Attributes><ChildElements/><ElementName>texture</ElementName><required>false</required><FilenameAttribute z:Ref="i229"/><wFilename/></URDFElement></ChildElements><ElementName>material</ElementName><required>false</required><Color z:Ref="i226"/><NameAttribute z:Ref="i225"/><Texture z:Ref="i228"/></URDFElement></ChildElements><ElementName>visual</ElementName><required>false</required><Geometry z:Ref="i221"/><Material z:Ref="i224"/><Origin z:Ref="i218"/></URDFElement><URDFElement z:Id="i230" i:type="Collision"><Attributes/><ChildElements><URDFElement z:Id="i231" i:type="Origin"><Attributes><Attribute z:Id="i232"><AttributeType>xyz</AttributeType><IsRequired>true</IsRequired><Value i:type="a:ArrayOfdouble" xmlns:a="http://schemas.microsoft.com/2003/10/Serialization/Arrays"><a:double>0</a:double><a:double>0</a:double><a:double>0</a:double></Value></Attribute><Attribute z:Id="i233"><AttributeType>rpy</AttributeType><IsRequired>true</IsRequired><Value i:type="a:ArrayOfdouble" xmlns:a="http://schemas.microsoft.com/2003/10/Serialization/Arrays"><a:double>0</a:double><a:double>0</a:double><a:double>0</a:double></Value></Attribute></Attributes><ChildElements/><ElementName>origin</ElementName><required>false</required><RPYAttribute z:Ref="i233"/><XYZAttribute z:Ref="i232"/><isCustomized>false</isCustomized></URDFElement><URDFElement z:Id="i234" i:type="Geometry"><Attributes/><ChildElements><URDFElement z:Id="i235" i:type="Mesh"><Attributes><Attribute z:Id="i236"><AttributeType>filename</AttributeType><IsRequired>true</IsRequired><Value i:nil="true"/></Attribute></Attributes><ChildElements/><ElementName>mesh</ElementName><required>false</required><FilenameAttribute z:Ref="i236"/></URDFElement></ChildElements><ElementName>geometry</ElementName><required>true</required><Mesh z:Ref="i235"/></URDFElement></ChildElements><ElementName>collision</ElementName><required>false</required><Geometry z:Ref="i234"/><Origin z:Ref="i231"/></URDFElement><URDFElement z:Id="i237" i:type="Joint"><Attributes><Attribute z:Id="i238"><AttributeType>name</AttributeType><IsRequired>true</IsRequired><Value i:type="a:string" xmlns:a="http://www.w3.org/2001/XMLSchema">joint_3</Value></Attribute><Attribute z:Id="i239"><AttributeType>type</AttributeType><IsRequired>true</IsRequired><Value i:type="a:string" xmlns:a="http://www.w3.org/2001/XMLSchema">revolute</Value></Attribute></Attributes><ChildElements><URDFElement z:Id="i240" i:type="Origin"><Attributes><Attribute z:Id="i241"><AttributeType>xyz</AttributeType><IsRequired>true</IsRequired><Value i:type="a:ArrayOfdouble" xmlns:a="http://schemas.microsoft.com/2003/10/Serialization/Arrays"><a:double>0.14167</a:double><a:double>0.034057</a:double><a:double>0.0066836</a:double></Value></Attribute><Attribute z:Id="i242"><AttributeType>rpy</AttributeType><IsRequired>true</IsRequired><Value i:type="a:ArrayOfdouble" xmlns:a="http://schemas.microsoft.com/2003/10/Serialization/Arrays"><a:double>2.8085</a:double><a:double>1.5708</a:double><a:double>0</a:double></Value></Attribute></Attributes><ChildElements/><ElementName>origin</ElementName><required>false</required><RPYAttribute z:Ref="i242"/><XYZAttribute z:Ref="i241"/><isCustomized>false</isCustomized></URDFElement><URDFElement z:Id="i243" i:type="ParentLink"><Attributes><Attribute z:Id="i244"><AttributeType>link</AttributeType><IsRequired>true</IsRequired><Value i:type="a:string" xmlns:a="http://www.w3.org/2001/XMLSchema">link_2</Value></Attribute></Attributes><ChildElements/><ElementName>parent</ElementName><required>true</required><NameAttribute z:Ref="i244"/></URDFElement><URDFElement z:Id="i245" i:type="ChildLink"><Attributes><Attribute z:Id="i246"><AttributeType>link</AttributeType><IsRequired>true</IsRequired><Value i:type="a:string" xmlns:a="http://www.w3.org/2001/XMLSchema">link_3</Value></Attribute></Attributes><ChildElements/><ElementName>child</ElementName><required>true</required><NameAttribute z:Ref="i246"/></URDFElement><URDFElement z:Id="i247" i:type="Axis"><Attributes><Attribute z:Id="i248"><AttributeType>xyz</AttributeType><IsRequired>true</IsRequired><Value i:type="a:ArrayOfdouble" xmlns:a="http://schemas.microsoft.com/2003/10/Serialization/Arrays"><a:double>1</a:double><a:double>0</a:double><a:double>0</a:double></Value></Attribute></Attributes><ChildElements/><ElementName>axis</ElementName><required>false</required><XYZAttribute z:Ref="i248"/></URDFElement><URDFElement z:Id="i249" i:type="Limit"><Attributes><Attribute z:Id="i250"><AttributeType>lower</AttributeType><IsRequired>true</IsRequired><Value i:type="a:double" xmlns:a="http://www.w3.org/2001/XMLSchema">-1.57</Value></Attribute><Attribute z:Id="i251"><AttributeType>upper</AttributeType><IsRequired>true</IsRequired><Value i:type="a:double" xmlns:a="http://www.w3.org/2001/XMLSchema">1.57</Value></Attribute><Attribute z:Id="i252"><AttributeType>effort</AttributeType><IsRequired>true</IsRequired><Value i:type="a:double" xmlns:a="http://www.w3.org/2001/XMLSchema">17</Value></Attribute><Attribute z:Id="i253"><AttributeType>velocity</AttributeType><IsRequired>true</IsRequired><Value i:type="a:double" xmlns:a="http://www.w3.org/2001/XMLSchema">6</Value></Attribute></Attributes><ChildElements/><ElementName>limit</ElementName><required>true</required><EffortAttribute z:Ref="i252"/><LowerAttribute z:Ref="i250"/><UpperAttribute z:Ref="i251"/><VelocityAttribute z:Ref="i253"/></URDFElement><URDFElement z:Id="i254" i:type="Calibration"><Attributes><Attribute z:Id="i255"><AttributeType>rising</AttributeType><IsRequired>false</IsRequired><Value i:nil="true"/></Attribute><Attribute z:Id="i256"><AttributeType>falling</AttributeType><IsRequired>false</IsRequired><Value i:nil="true"/></Attribute></Attributes><ChildElements/><ElementName>calibration</ElementName><required>false</required><FallingAttribute z:Ref="i256"/><RisingAttribute z:Ref="i255"/></URDFElement><URDFElement z:Id="i257" i:type="Dynamics"><Attributes><Attribute z:Id="i258"><AttributeType>damping</AttributeType><IsRequired>false</IsRequired><Value i:nil="true"/></Attribute><Attribute z:Id="i259"><AttributeType>friction</AttributeType><IsRequired>false</IsRequired><Value i:nil="true"/></Attribute></Attributes><ChildElements/><ElementName>dynamics</ElementName><required>false</required><DampingAttribute z:Ref="i258"/><FrictionAttribute z:Ref="i259"/></URDFElement><URDFElement z:Id="i260" i:type="SafetyController"><Attributes><Attribute z:Id="i261"><AttributeType>soft_upper_limit</AttributeType><IsRequired>false</IsRequired><Value i:nil="true"/></Attribute><Attribute z:Id="i262"><AttributeType>soft_lower_limit</AttributeType><IsRequired>false</IsRequired><Value i:nil="true"/></Attribute><Attribute z:Id="i263"><AttributeType>k_position</AttributeType><IsRequired>false</IsRequired><Value i:nil="true"/></Attribute><Attribute z:Id="i264"><AttributeType>k_velocity</AttributeType><IsRequired>true</IsRequired><Value i:nil="true"/></Attribute></Attributes><ChildElements/><ElementName>safety_controller</ElementName><required>false</required><KPositionAttribute z:Ref="i263"/><KVelocityAttribute z:Ref="i264"/><SoftLowerAttribute z:Ref="i262"/><SoftUpperAttribute z:Ref="i261"/></URDFElement><URDFElement z:Id="i265" i:type="Mimic"><Attributes><Attribute z:Id="i266"><AttributeType>joint</AttributeType><IsRequired>true</IsRequired><Value i:nil="true"/></Attribute><Attribute z:Id="i267"><AttributeType>multiplier</AttributeType><IsRequired>false</IsRequired><Value i:nil="true"/></Attribute><Attribute z:Id="i268"><AttributeType>offset</AttributeType><IsRequired>false</IsRequired><Value i:nil="true"/></Attribute></Attributes><ChildElements/><ElementName>mimic</ElementName><required>false</required><JointNameAttribute z:Ref="i266"/><MultiplierAttribute z:Ref="i267"/><OffsetAttribute z:Ref="i268"/></URDFElement></ChildElements><ElementName>joint</ElementName><required>false</required><Axis z:Ref="i247"/><AxisName/><Calibration z:Ref="i254"/><Child z:Ref="i245"/><CoordinateSystemName>Origin_joint_32</CoordinateSystemName><Dynamics z:Ref="i257"/><Limit z:Ref="i249"/><Mimic z:Ref="i265"/><NameAttribute z:Ref="i238"/><Origin z:Ref="i240"/><Parent z:Ref="i243"/><Safety z:Ref="i260"/><TypeAttribute z:Ref="i239"/></URDFElement></ChildElements><ElementName>link</ElementName><required>true</required><Children><Link z:Id="i269"><Attributes><Attribute z:Id="i270"><AttributeType>name</AttributeType><IsRequired>true</IsRequired><Value i:type="a:string" xmlns:a="http://www.w3.org/2001/XMLSchema">Link_4</Value></Attribute></Attributes><ChildElements><URDFElement z:Id="i271" i:type="Inertial"><Attributes/><ChildElements><URDFElement z:Id="i272" i:type="Origin"><Attributes><Attribute z:Id="i273"><AttributeType>xyz</AttributeType><IsRequired>true</IsRequired><Value i:type="a:ArrayOfdouble" xmlns:a="http://schemas.microsoft.com/2003/10/Serialization/Arrays"><a:double>-0.019343435665807398</a:double><a:double>0.010000810732903903</a:double><a:double>0.00014723635060076568</a:double></Value></Attribute><Attribute z:Id="i274"><AttributeType>rpy</AttributeType><IsRequired>true</IsRequired><Value i:type="a:ArrayOfdouble" xmlns:a="http://schemas.microsoft.com/2003/10/Serialization/Arrays"><a:double>0</a:double><a:double>0</a:double><a:double>0</a:double></Value></Attribute></Attributes><ChildElements/><ElementName>origin</ElementName><required>false</required><RPYAttribute z:Ref="i274"/><XYZAttribute z:Ref="i273"/><isCustomized>false</isCustomized></URDFElement><URDFElement z:Id="i275" i:type="Mass"><Attributes><Attribute z:Id="i276"><AttributeType>value</AttributeType><IsRequired>true</IsRequired><Value i:type="a:double" xmlns:a="http://www.w3.org/2001/XMLSchema">0.059353775162953294</Value></Attribute></Attributes><ChildElements/><ElementName>mass</ElementName><required>false</required><ValueAttribute z:Ref="i276"/></URDFElement><URDFElement z:Id="i277" i:type="Inertia"><Attributes><Attribute z:Id="i278"><AttributeType>ixx</AttributeType><IsRequired>true</IsRequired><Value i:type="a:double" xmlns:a="http://www.w3.org/2001/XMLSchema">1.0530614274401899E-05</Value></Attribute><Attribute z:Id="i279"><AttributeType>ixy</AttributeType><IsRequired>true</IsRequired><Value i:type="a:double" xmlns:a="http://www.w3.org/2001/XMLSchema">8.8177282882323543E-11</Value></Attribute><Attribute z:Id="i280"><AttributeType>ixz</AttributeType><IsRequired>true</IsRequired><Value i:type="a:double" xmlns:a="http://www.w3.org/2001/XMLSchema">-2.5428423535120324E-08</Value></Attribute><Attribute z:Id="i281"><AttributeType>iyy</AttributeType><IsRequired>true</IsRequired><Value i:type="a:double" xmlns:a="http://www.w3.org/2001/XMLSchema">1.595722968235888E-05</Value></Attribute><Attribute z:Id="i282"><AttributeType>iyz</AttributeType><IsRequired>true</IsRequired><Value i:type="a:double" xmlns:a="http://www.w3.org/2001/XMLSchema">5.569174403893034E-11</Value></Attribute><Attribute z:Id="i283"><AttributeType>izz</AttributeType><IsRequired>true</IsRequired><Value i:type="a:double" xmlns:a="http://www.w3.org/2001/XMLSchema">9.2451600436859629E-06</Value></Attribute></Attributes><ChildElements/><ElementName>inertia</ElementName><required>false</required><IxxAttribute z:Ref="i278"/><IxyAttribute z:Ref="i279"/><IxzAttribute z:Ref="i280"/><IyyAttribute z:Ref="i281"/><IyzAttribute z:Ref="i282"/><IzzAttribute z:Ref="i283"/></URDFElement></ChildElements><ElementName>inertial</ElementName><required>false</required><Inertia z:Ref="i277"/><Mass z:Ref="i275"/><Origin z:Ref="i272"/></URDFElement><URDFElement z:Id="i284" i:type="Visual"><Attributes/><ChildElements><URDFElement z:Id="i285" i:type="Origin"><Attributes><Attribute z:Id="i286"><AttributeType>xyz</AttributeType><IsRequired>true</IsRequired><Value i:type="a:ArrayOfdouble" xmlns:a="http://schemas.microsoft.com/2003/10/Serialization/Arrays"><a:double>0</a:double><a:double>0</a:double><a:double>0</a:double></Value></Attribute><Attribute z:Id="i287"><AttributeType>rpy</AttributeType><IsRequired>true</IsRequired><Value i:type="a:ArrayOfdouble" xmlns:a="http://schemas.microsoft.com/2003/10/Serialization/Arrays"><a:double>0</a:double><a:double>0</a:double><a:double>0</a:double></Value></Attribute></Attributes><ChildElements/><ElementName>origin</ElementName><required>false</required><RPYAttribute z:Ref="i287"/><XYZAttribute z:Ref="i286"/><isCustomized>false</isCustomized></URDFElement><URDFElement z:Id="i288" i:type="Geometry"><Attributes/><ChildElements><URDFElement z:Id="i289" i:type="Mesh"><Attributes><Attribute z:Id="i290"><AttributeType>filename</AttributeType><IsRequired>true</IsRequired><Value i:nil="true"/></Attribute></Attributes><ChildElements/><ElementName>mesh</ElementName><required>false</required><FilenameAttribute z:Ref="i290"/></URDFElement></ChildElements><ElementName>geometry</ElementName><required>true</required><Mesh z:Ref="i289"/></URDFElement><URDFElement z:Id="i291" i:type="Material"><Attributes><Attribute z:Id="i292"><AttributeType>name</AttributeType><IsRequired>true</IsRequired><Value i:type="a:string" xmlns:a="http://www.w3.org/2001/XMLSchema"/></Attribute></Attributes><ChildElements><URDFElement z:Id="i293" i:type="Color"><Attributes><Attribute z:Id="i294"><AttributeType>rgba</AttributeType><IsRequired>true</IsRequired><Value i:type="a:ArrayOfdouble" xmlns:a="http://schemas.microsoft.com/2003/10/Serialization/Arrays"><a:double>0.792156862745098</a:double><a:double>0.81960784313725488</a:double><a:double>0.93333333333333335</a:double><a:double>1</a:double></Value></Attribute></Attributes><ChildElements/><ElementName>color</ElementName><required>false</required><RGBAAttribute z:Ref="i294"/></URDFElement><URDFElement z:Id="i295" i:type="Texture"><Attributes><Attribute z:Id="i296"><AttributeType>filename</AttributeType><IsRequired>true</IsRequired><Value i:nil="true"/></Attribute></Attributes><ChildElements/><ElementName>texture</ElementName><required>false</required><FilenameAttribute z:Ref="i296"/><wFilename/></URDFElement></ChildElements><ElementName>material</ElementName><required>false</required><Color z:Ref="i293"/><NameAttribute z:Ref="i292"/><Texture z:Ref="i295"/></URDFElement></ChildElements><ElementName>visual</ElementName><required>false</required><Geometry z:Ref="i288"/><Material z:Ref="i291"/><Origin z:Ref="i285"/></URDFElement><URDFElement z:Id="i297" i:type="Collision"><Attributes/><ChildElements><URDFElement z:Id="i298" i:type="Origin"><Attributes><Attribute z:Id="i299"><AttributeType>xyz</AttributeType><IsRequired>true</IsRequired><Value i:type="a:ArrayOfdouble" xmlns:a="http://schemas.microsoft.com/2003/10/Serialization/Arrays"><a:double>0</a:double><a:double>0</a:double><a:double>0</a:double></Value></Attribute><Attribute z:Id="i300"><AttributeType>rpy</AttributeType><IsRequired>true</IsRequired><Value i:type="a:ArrayOfdouble" xmlns:a="http://schemas.microsoft.com/2003/10/Serialization/Arrays"><a:double>0</a:double><a:double>0</a:double><a:double>0</a:double></Value></Attribute></Attributes><ChildElements/><ElementName>origin</ElementName><required>false</required><RPYAttribute z:Ref="i300"/><XYZAttribute z:Ref="i299"/><isCustomized>false</isCustomized></URDFElement><URDFElement z:Id="i301" i:type="Geometry"><Attributes/><ChildElements><URDFElement z:Id="i302" i:type="Mesh"><Attributes><Attribute z:Id="i303"><AttributeType>filename</AttributeType><IsRequired>true</IsRequired><Value i:nil="true"/></Attribute></Attributes><ChildElements/><ElementName>mesh</ElementName><required>false</required><FilenameAttribute z:Ref="i303"/></URDFElement></ChildElements><ElementName>geometry</ElementName><required>true</required><Mesh z:Ref="i302"/></URDFElement></ChildElements><ElementName>collision</ElementName><required>false</required><Geometry z:Ref="i301"/><Origin z:Ref="i298"/></URDFElement><URDFElement z:Id="i304" i:type="Joint"><Attributes><Attribute z:Id="i305"><AttributeType>name</AttributeType><IsRequired>true</IsRequired><Value i:type="a:string" xmlns:a="http://www.w3.org/2001/XMLSchema">joint_4</Value></Attribute><Attribute z:Id="i306"><AttributeType>type</AttributeType><IsRequired>true</IsRequired><Value i:type="a:string" xmlns:a="http://www.w3.org/2001/XMLSchema">revolute</Value></Attribute></Attributes><ChildElements><URDFElement z:Id="i307" i:type="Origin"><Attributes><Attribute z:Id="i308"><AttributeType>xyz</AttributeType><IsRequired>true</IsRequired><Value i:type="a:ArrayOfdouble" xmlns:a="http://schemas.microsoft.com/2003/10/Serialization/Arrays"><a:double>0.0058687</a:double><a:double>-0.10605</a:double><a:double>0.014804</a:double></Value></Attribute><Attribute z:Id="i309"><AttributeType>rpy</AttributeType><IsRequired>true</IsRequired><Value i:type="a:ArrayOfdouble" xmlns:a="http://schemas.microsoft.com/2003/10/Serialization/Arrays"><a:double>-1.5708</a:double><a:double>0.73124</a:double><a:double>1.5708</a:double></Value></Attribute></Attributes><ChildElements/><ElementName>origin</ElementName><required>false</required><RPYAttribute z:Ref="i309"/><XYZAttribute z:Ref="i308"/><isCustomized>false</isCustomized></URDFElement><URDFElement z:Id="i310" i:type="ParentLink"><Attributes><Attribute z:Id="i311"><AttributeType>link</AttributeType><IsRequired>true</IsRequired><Value i:type="a:string" xmlns:a="http://www.w3.org/2001/XMLSchema">link_3</Value></Attribute></Attributes><ChildElements/><ElementName>parent</ElementName><required>true</required><NameAttribute z:Ref="i311"/></URDFElement><URDFElement z:Id="i312" i:type="ChildLink"><Attributes><Attribute z:Id="i313"><AttributeType>link</AttributeType><IsRequired>true</IsRequired><Value i:type="a:string" xmlns:a="http://www.w3.org/2001/XMLSchema">Link_4</Value></Attribute></Attributes><ChildElements/><ElementName>child</ElementName><required>true</required><NameAttribute z:Ref="i313"/></URDFElement><URDFElement z:Id="i314" i:type="Axis"><Attributes><Attribute z:Id="i315"><AttributeType>xyz</AttributeType><IsRequired>true</IsRequired><Value i:type="a:ArrayOfdouble" xmlns:a="http://schemas.microsoft.com/2003/10/Serialization/Arrays"><a:double>1</a:double><a:double>0</a:double><a:double>0</a:double></Value></Attribute></Attributes><ChildElements/><ElementName>axis</ElementName><required>false</required><XYZAttribute z:Ref="i315"/></URDFElement><URDFElement z:Id="i316" i:type="Limit"><Attributes><Attribute z:Id="i317"><AttributeType>lower</AttributeType><IsRequired>true</IsRequired><Value i:type="a:double" xmlns:a="http://www.w3.org/2001/XMLSchema">-1.57</Value></Attribute><Attribute z:Id="i318"><AttributeType>upper</AttributeType><IsRequired>true</IsRequired><Value i:type="a:double" xmlns:a="http://www.w3.org/2001/XMLSchema">1.57</Value></Attribute><Attribute z:Id="i319"><AttributeType>effort</AttributeType><IsRequired>true</IsRequired><Value i:type="a:double" xmlns:a="http://www.w3.org/2001/XMLSchema">17</Value></Attribute><Attribute z:Id="i320"><AttributeType>velocity</AttributeType><IsRequired>true</IsRequired><Value i:type="a:double" xmlns:a="http://www.w3.org/2001/XMLSchema">6</Value></Attribute></Attributes><ChildElements/><ElementName>limit</ElementName><required>true</required><EffortAttribute z:Ref="i319"/><LowerAttribute z:Ref="i317"/><UpperAttribute z:Ref="i318"/><VelocityAttribute z:Ref="i320"/></URDFElement><URDFElement z:Id="i321" i:type="Calibration"><Attributes><Attribute z:Id="i322"><AttributeType>rising</AttributeType><IsRequired>false</IsRequired><Value i:nil="true"/></Attribute><Attribute z:Id="i323"><AttributeType>falling</AttributeType><IsRequired>false</IsRequired><Value i:nil="true"/></Attribute></Attributes><ChildElements/><ElementName>calibration</ElementName><required>false</required><FallingAttribute z:Ref="i323"/><RisingAttribute z:Ref="i322"/></URDFElement><URDFElement z:Id="i324" i:type="Dynamics"><Attributes><Attribute z:Id="i325"><AttributeType>damping</AttributeType><IsRequired>false</IsRequired><Value i:nil="true"/></Attribute><Attribute z:Id="i326"><AttributeType>friction</AttributeType><IsRequired>false</IsRequired><Value i:nil="true"/></Attribute></Attributes><ChildElements/><ElementName>dynamics</ElementName><required>false</required><DampingAttribute z:Ref="i325"/><FrictionAttribute z:Ref="i326"/></URDFElement><URDFElement z:Id="i327" i:type="SafetyController"><Attributes><Attribute z:Id="i328"><AttributeType>soft_upper_limit</AttributeType><IsRequired>false</IsRequired><Value i:nil="true"/></Attribute><Attribute z:Id="i329"><AttributeType>soft_lower_limit</AttributeType><IsRequired>false</IsRequired><Value i:nil="true"/></Attribute><Attribute z:Id="i330"><AttributeType>k_position</AttributeType><IsRequired>false</IsRequired><Value i:nil="true"/></Attribute><Attribute z:Id="i331"><AttributeType>k_velocity</AttributeType><IsRequired>true</IsRequired><Value i:nil="true"/></Attribute></Attributes><ChildElements/><ElementName>safety_controller</ElementName><required>false</required><KPositionAttribute z:Ref="i330"/><KVelocityAttribute z:Ref="i331"/><SoftLowerAttribute z:Ref="i329"/><SoftUpperAttribute z:Ref="i328"/></URDFElement><URDFElement z:Id="i332" i:type="Mimic"><Attributes><Attribute z:Id="i333"><AttributeType>joint</AttributeType><IsRequired>true</IsRequired><Value i:nil="true"/></Attribute><Attribute z:Id="i334"><AttributeType>multiplier</AttributeType><IsRequired>false</IsRequired><Value i:nil="true"/></Attribute><Attribute z:Id="i335"><AttributeType>offset</AttributeType><IsRequired>false</IsRequired><Value i:nil="true"/></Attribute></Attributes><ChildElements/><ElementName>mimic</ElementName><required>false</required><JointNameAttribute z:Ref="i333"/><MultiplierAttribute z:Ref="i334"/><OffsetAttribute z:Ref="i335"/></URDFElement></ChildElements><ElementName>joint</ElementName><required>false</required><Axis z:Ref="i314"/><AxisName/><Calibration z:Ref="i321"/><Child z:Ref="i312"/><CoordinateSystemName>Origin_joint_42</CoordinateSystemName><Dynamics z:Ref="i324"/><Limit z:Ref="i316"/><Mimic z:Ref="i332"/><NameAttribute z:Ref="i305"/><Origin z:Ref="i307"/><Parent z:Ref="i310"/><Safety z:Ref="i327"/><TypeAttribute z:Ref="i306"/></URDFElement></ChildElements><ElementName>link</ElementName><required>true</required><Children><Link z:Id="i336"><Attributes><Attribute z:Id="i337"><AttributeType>name</AttributeType><IsRequired>true</IsRequired><Value i:type="a:string" xmlns:a="http://www.w3.org/2001/XMLSchema">grab</Value></Attribute></Attributes><ChildElements><URDFElement z:Id="i338" i:type="Inertial"><Attributes/><ChildElements><URDFElement z:Id="i339" i:type="Origin"><Attributes><Attribute z:Id="i340"><AttributeType>xyz</AttributeType><IsRequired>true</IsRequired><Value i:type="a:ArrayOfdouble" xmlns:a="http://schemas.microsoft.com/2003/10/Serialization/Arrays"><a:double>0.030736</a:double><a:double>0.046969</a:double><a:double>0.0036819</a:double></Value></Attribute><Attribute z:Id="i341"><AttributeType>rpy</AttributeType><IsRequired>true</IsRequired><Value i:type="a:ArrayOfdouble" xmlns:a="http://schemas.microsoft.com/2003/10/Serialization/Arrays"><a:double>0</a:double><a:double>0</a:double><a:double>0</a:double></Value></Attribute></Attributes><ChildElements/><ElementName>origin</ElementName><required>false</required><RPYAttribute z:Ref="i341"/><XYZAttribute z:Ref="i340"/><isCustomized>false</isCustomized></URDFElement><URDFElement z:Id="i342" i:type="Mass"><Attributes><Attribute z:Id="i343"><AttributeType>value</AttributeType><IsRequired>true</IsRequired><Value i:type="a:double" xmlns:a="http://www.w3.org/2001/XMLSchema">0.021709</Value></Attribute></Attributes><ChildElements/><ElementName>mass</ElementName><required>false</required><ValueAttribute z:Ref="i343"/></URDFElement><URDFElement z:Id="i344" i:type="Inertia"><Attributes><Attribute z:Id="i345"><AttributeType>ixx</AttributeType><IsRequired>true</IsRequired><Value i:type="a:double" xmlns:a="http://www.w3.org/2001/XMLSchema">5.0488E-06</Value></Attribute><Attribute z:Id="i346"><AttributeType>ixy</AttributeType><IsRequired>true</IsRequired><Value i:type="a:double" xmlns:a="http://www.w3.org/2001/XMLSchema">6.4622E-08</Value></Attribute><Attribute z:Id="i347"><AttributeType>ixz</AttributeType><IsRequired>true</IsRequired><Value i:type="a:double" xmlns:a="http://www.w3.org/2001/XMLSchema">-2.0046E-12</Value></Attribute><Attribute z:Id="i348"><AttributeType>iyy</AttributeType><IsRequired>true</IsRequired><Value i:type="a:double" xmlns:a="http://www.w3.org/2001/XMLSchema">2.0398E-06</Value></Attribute><Attribute z:Id="i349"><AttributeType>iyz</AttributeType><IsRequired>true</IsRequired><Value i:type="a:double" xmlns:a="http://www.w3.org/2001/XMLSchema">4.7424E-12</Value></Attribute><Attribute z:Id="i350"><AttributeType>izz</AttributeType><IsRequired>true</IsRequired><Value i:type="a:double" xmlns:a="http://www.w3.org/2001/XMLSchema">7.0141E-06</Value></Attribute></Attributes><ChildElements/><ElementName>inertia</ElementName><required>false</required><IxxAttribute z:Ref="i345"/><IxyAttribute z:Ref="i346"/><IxzAttribute z:Ref="i347"/><IyyAttribute z:Ref="i348"/><IyzAttribute z:Ref="i349"/><IzzAttribute z:Ref="i350"/></URDFElement></ChildElements><ElementName>inertial</ElementName><required>false</required><Inertia z:Ref="i344"/><Mass z:Ref="i342"/><Origin z:Ref="i339"/></URDFElement><URDFElement z:Id="i351" i:type="Visual"><Attributes/><ChildElements><URDFElement z:Id="i352" i:type="Origin"><Attributes><Attribute z:Id="i353"><AttributeType>xyz</AttributeType><IsRequired>true</IsRequired><Value i:type="a:ArrayOfdouble" xmlns:a="http://schemas.microsoft.com/2003/10/Serialization/Arrays"><a:double>0</a:double><a:double>0</a:double><a:double>0</a:double></Value></Attribute><Attribute z:Id="i354"><AttributeType>rpy</AttributeType><IsRequired>true</IsRequired><Value i:type="a:ArrayOfdouble" xmlns:a="http://schemas.microsoft.com/2003/10/Serialization/Arrays"><a:double>0</a:double><a:double>0</a:double><a:double>0</a:double></Value></Attribute></Attributes><ChildElements/><ElementName>origin</ElementName><required>false</required><RPYAttribute z:Ref="i354"/><XYZAttribute z:Ref="i353"/><isCustomized>false</isCustomized></URDFElement><URDFElement z:Id="i355" i:type="Geometry"><Attributes/><ChildElements><URDFElement z:Id="i356" i:type="Mesh"><Attributes><Attribute z:Id="i357"><AttributeType>filename</AttributeType><IsRequired>true</IsRequired><Value i:nil="true"/></Attribute></Attributes><ChildElements/><ElementName>mesh</ElementName><required>false</required><FilenameAttribute z:Ref="i357"/></URDFElement></ChildElements><ElementName>geometry</ElementName><required>true</required><Mesh z:Ref="i356"/></URDFElement><URDFElement z:Id="i358" i:type="Material"><Attributes><Attribute z:Id="i359"><AttributeType>name</AttributeType><IsRequired>true</IsRequired><Value i:type="a:string" xmlns:a="http://www.w3.org/2001/XMLSchema"/></Attribute></Attributes><ChildElements><URDFElement z:Id="i360" i:type="Color"><Attributes><Attribute z:Id="i361"><AttributeType>rgba</AttributeType><IsRequired>true</IsRequired><Value i:type="a:ArrayOfdouble" xmlns:a="http://schemas.microsoft.com/2003/10/Serialization/Arrays"><a:double>0.79216</a:double><a:double>0.81961</a:double><a:double>0.93333</a:double><a:double>1</a:double></Value></Attribute></Attributes><ChildElements/><ElementName>color</ElementName><required>false</required><RGBAAttribute z:Ref="i361"/></URDFElement><URDFElement z:Id="i362" i:type="Texture"><Attributes><Attribute z:Id="i363"><AttributeType>filename</AttributeType><IsRequired>true</IsRequired><Value i:nil="true"/></Attribute></Attributes><ChildElements/><ElementName>texture</ElementName><required>false</required><FilenameAttribute z:Ref="i363"/><wFilename/></URDFElement></ChildElements><ElementName>material</ElementName><required>false</required><Color z:Ref="i360"/><NameAttribute z:Ref="i359"/><Texture z:Ref="i362"/></URDFElement></ChildElements><ElementName>visual</ElementName><required>false</required><Geometry z:Ref="i355"/><Material z:Ref="i358"/><Origin z:Ref="i352"/></URDFElement><URDFElement z:Id="i364" i:type="Collision"><Attributes/><ChildElements><URDFElement z:Id="i365" i:type="Origin"><Attributes><Attribute z:Id="i366"><AttributeType>xyz</AttributeType><IsRequired>true</IsRequired><Value i:type="a:ArrayOfdouble" xmlns:a="http://schemas.microsoft.com/2003/10/Serialization/Arrays"><a:double>0</a:double><a:double>0</a:double><a:double>0</a:double></Value></Attribute><Attribute z:Id="i367"><AttributeType>rpy</AttributeType><IsRequired>true</IsRequired><Value i:type="a:ArrayOfdouble" xmlns:a="http://schemas.microsoft.com/2003/10/Serialization/Arrays"><a:double>0</a:double><a:double>0</a:double><a:double>0</a:double></Value></Attribute></Attributes><ChildElements/><ElementName>origin</ElementName><required>false</required><RPYAttribute z:Ref="i367"/><XYZAttribute z:Ref="i366"/><isCustomized>false</isCustomized></URDFElement><URDFElement z:Id="i368" i:type="Geometry"><Attributes/><ChildElements><URDFElement z:Id="i369" i:type="Mesh"><Attributes><Attribute z:Id="i370"><AttributeType>filename</AttributeType><IsRequired>true</IsRequired><Value i:nil="true"/></Attribute></Attributes><ChildElements/><ElementName>mesh</ElementName><required>false</required><FilenameAttribute z:Ref="i370"/></URDFElement></ChildElements><ElementName>geometry</ElementName><required>true</required><Mesh z:Ref="i369"/></URDFElement></ChildElements><ElementName>collision</ElementName><required>false</required><Geometry z:Ref="i368"/><Origin z:Ref="i365"/></URDFElement><URDFElement z:Id="i371" i:type="Joint"><Attributes><Attribute z:Id="i372"><AttributeType>name</AttributeType><IsRequired>true</IsRequired><Value i:type="a:string" xmlns:a="http://www.w3.org/2001/XMLSchema">joint_5</Value></Attribute><Attribute z:Id="i373"><AttributeType>type</AttributeType><IsRequired>true</IsRequired><Value i:type="a:string" xmlns:a="http://www.w3.org/2001/XMLSchema">prismatic</Value></Attribute></Attributes><ChildElements><URDFElement z:Id="i374" i:type="Origin"><Attributes><Attribute z:Id="i375"><AttributeType>xyz</AttributeType><IsRequired>true</IsRequired><Value i:type="a:ArrayOfdouble" xmlns:a="http://schemas.microsoft.com/2003/10/Serialization/Arrays"><a:double>-0.071065</a:double><a:double>0.007</a:double><a:double>0.030039</a:double></Value></Attribute><Attribute z:Id="i376"><AttributeType>rpy</AttributeType><IsRequired>true</IsRequired><Value i:type="a:ArrayOfdouble" xmlns:a="http://schemas.microsoft.com/2003/10/Serialization/Arrays"><a:double>-1.5838</a:double><a:double>1.5708</a:double><a:double>-0.013243</a:double></Value></Attribute></Attributes><ChildElements/><ElementName>origin</ElementName><required>false</required><RPYAttribute z:Ref="i376"/><XYZAttribute z:Ref="i375"/><isCustomized>false</isCustomized></URDFElement><URDFElement z:Id="i377" i:type="ParentLink"><Attributes><Attribute z:Id="i378"><AttributeType>link</AttributeType><IsRequired>true</IsRequired><Value i:type="a:string" xmlns:a="http://www.w3.org/2001/XMLSchema">Link_4</Value></Attribute></Attributes><ChildElements/><ElementName>parent</ElementName><required>true</required><NameAttribute z:Ref="i378"/></URDFElement><URDFElement z:Id="i379" i:type="ChildLink"><Attributes><Attribute z:Id="i380"><AttributeType>link</AttributeType><IsRequired>true</IsRequired><Value i:type="a:string" xmlns:a="http://www.w3.org/2001/XMLSchema">grab</Value></Attribute></Attributes><ChildElements/><ElementName>child</ElementName><required>true</required><NameAttribute z:Ref="i380"/></URDFElement><URDFElement z:Id="i381" i:type="Axis"><Attributes><Attribute z:Id="i382"><AttributeType>xyz</AttributeType><IsRequired>true</IsRequired><Value i:type="a:ArrayOfdouble" xmlns:a="http://schemas.microsoft.com/2003/10/Serialization/Arrays"><a:double>0</a:double><a:double>0</a:double><a:double>1</a:double></Value></Attribute></Attributes><ChildElements/><ElementName>axis</ElementName><required>false</required><XYZAttribute z:Ref="i382"/></URDFElement><URDFElement z:Id="i383" i:type="Limit"><Attributes><Attribute z:Id="i384"><AttributeType>lower</AttributeType><IsRequired>true</IsRequired><Value i:type="a:double" xmlns:a="http://www.w3.org/2001/XMLSchema">0</Value></Attribute><Attribute z:Id="i385"><AttributeType>upper</AttributeType><IsRequired>true</IsRequired><Value i:type="a:double" xmlns:a="http://www.w3.org/2001/XMLSchema">1.57</Value></Attribute><Attribute z:Id="i386"><AttributeType>effort</AttributeType><IsRequired>true</IsRequired><Value i:type="a:double" xmlns:a="http://www.w3.org/2001/XMLSchema">17</Value></Attribute><Attribute z:Id="i387"><AttributeType>velocity</AttributeType><IsRequired>true</IsRequired><Value i:type="a:double" xmlns:a="http://www.w3.org/2001/XMLSchema">1</Value></Attribute></Attributes><ChildElements/><ElementName>limit</ElementName><required>true</required><EffortAttribute z:Ref="i386"/><LowerAttribute z:Ref="i384"/><UpperAttribute z:Ref="i385"/><VelocityAttribute z:Ref="i387"/></URDFElement><URDFElement z:Id="i388" i:type="Calibration"><Attributes><Attribute z:Id="i389"><AttributeType>rising</AttributeType><IsRequired>false</IsRequired><Value i:nil="true"/></Attribute><Attribute z:Id="i390"><AttributeType>falling</AttributeType><IsRequired>false</IsRequired><Value i:nil="true"/></Attribute></Attributes><ChildElements/><ElementName>calibration</ElementName><required>false</required><FallingAttribute z:Ref="i390"/><RisingAttribute z:Ref="i389"/></URDFElement><URDFElement z:Id="i391" i:type="Dynamics"><Attributes><Attribute z:Id="i392"><AttributeType>damping</AttributeType><IsRequired>false</IsRequired><Value i:nil="true"/></Attribute><Attribute z:Id="i393"><AttributeType>friction</AttributeType><IsRequired>false</IsRequired><Value i:nil="true"/></Attribute></Attributes><ChildElements/><ElementName>dynamics</ElementName><required>false</required><DampingAttribute z:Ref="i392"/><FrictionAttribute z:Ref="i393"/></URDFElement><URDFElement z:Id="i394" i:type="SafetyController"><Attributes><Attribute z:Id="i395"><AttributeType>soft_upper_limit</AttributeType><IsRequired>false</IsRequired><Value i:nil="true"/></Attribute><Attribute z:Id="i396"><AttributeType>soft_lower_limit</AttributeType><IsRequired>false</IsRequired><Value i:nil="true"/></Attribute><Attribute z:Id="i397"><AttributeType>k_position</AttributeType><IsRequired>false</IsRequired><Value i:nil="true"/></Attribute><Attribute z:Id="i398"><AttributeType>k_velocity</AttributeType><IsRequired>true</IsRequired><Value i:nil="true"/></Attribute></Attributes><ChildElements/><ElementName>safety_controller</ElementName><required>false</required><KPositionAttribute z:Ref="i397"/><KVelocityAttribute z:Ref="i398"/><SoftLowerAttribute z:Ref="i396"/><SoftUpperAttribute z:Ref="i395"/></URDFElement><URDFElement z:Id="i399" i:type="Mimic"><Attributes><Attribute z:Id="i400"><AttributeType>joint</AttributeType><IsRequired>true</IsRequired><Value i:nil="true"/></Attribute><Attribute z:Id="i401"><AttributeType>multiplier</AttributeType><IsRequired>false</IsRequired><Value i:nil="true"/></Attribute><Attribute z:Id="i402"><AttributeType>offset</AttributeType><IsRequired>false</IsRequired><Value i:nil="true"/></Attribute></Attributes><ChildElements/><ElementName>mimic</ElementName><required>false</required><JointNameAttribute z:Ref="i400"/><MultiplierAttribute z:Ref="i401"/><OffsetAttribute z:Ref="i402"/></URDFElement></ChildElements><ElementName>joint</ElementName><required>false</required><Axis z:Ref="i381"/><AxisName/><Calibration z:Ref="i388"/><Child z:Ref="i379"/><CoordinateSystemName>Origin_joint_52</CoordinateSystemName><Dynamics z:Ref="i391"/><Limit z:Ref="i383"/><Mimic z:Ref="i399"/><NameAttribute z:Ref="i372"/><Origin z:Ref="i374"/><Parent z:Ref="i377"/><Safety z:Ref="i394"/><TypeAttribute z:Ref="i373"/></URDFElement></ChildElements><ElementName>link</ElementName><required>true</required><Children/><Collision z:Ref="i364"/><Inertial z:Ref="i338"/><Joint z:Ref="i371"/><NameAttribute z:Ref="i337"/><Parent z:Ref="i269"/><STLQualityFine>false</STLQualityFine><SWComponentPIDs xmlns:a="http://schemas.microsoft.com/2003/10/Serialization/Arrays"><a:base64Binary>mDoAAAUAAAD//v8gZwAgADEALgBTAFQARQBQAC0AMQBAAHIAbwBiAG8AdABpAGMAIABhAHIAbQAgAG0AaQBuAGUALgBTAFQARQBQAAQAAAAQAAAAAQAAAAEAAAAyAAAA</a:base64Binary><a:base64Binary>mDoAAAUAAAD//v8gZwAgADIALgBTAFQARQBQAC0AMgBAAHIAbwBiAG8AdABpAGMAIABhAHIAbQAgAG0AaQBuAGUALgBTAFQARQBQAAQAAAAQAAAAAQAAAAEAAAA3AAAA</a:base64Binary><a:base64Binary>mDoAAAUAAAD//v8gZwAgADIALgBTAFQARQBQAC0AMQBAAHIAbwBiAG8AdABpAGMAIABhAHIAbQAgAG0AaQBuAGUALgBTAFQARQBQAAQAAAAQAAAAAQAAAAEAAAAzAAAA</a:base64Binary><a:base64Binary>mDoAAAUAAAD//v8fZwA1AC4AUwBUAEUAUAAtADMAQAByAG8AYgBvAHQAaQBjACAAYQByAG0AIABtAGkAbgBlAC4AUwBUAEUAUAAEAAAAEAAAAAEAAAABAAAAOgAAAA==</a:base64Binary><a:base64Binary>mDoAAAUAAAD//v8gZwAgADMALgBTAFQARQBQAC0ANQBAAHIAbwBiAG8AdABpAGMAIABhAHIAbQAgAG0AaQBuAGUALgBTAFQARQBQAAQAAAAQAAAAAQAAAAEAAAA+AAAA</a:base64Binary><a:base64Binary>mDoAAAUAAAD//v8gZwAgADMALgBTAFQARQBQAC0AMQBAAHIAbwBiAG8AdABpAGMAIABhAHIAbQAgAG0AaQBuAGUALgBTAFQARQBQAAQAAAAQAAAAAQAAAAEAAAA0AAAA</a:base64Binary><a:base64Binary>mDoAAAUAAAD//v8gZwAgADMALgBTAFQARQBQAC0AMgBAAHIAbwBiAG8AdABpAGMAIABhAHIAbQAgAG0AaQBuAGUALgBTAFQARQBQAAQAAAAQAAAAAQAAAAEAAAA4AAAA</a:base64Binary><a:base64Binary>mDoAAAUAAAD//v8fZwA1AC4AUwBUAEUAUAAtADQAQAByAG8AYgBvAHQAaQBjACAAYQByAG0AIABtAGkAbgBlAC4AUwBUAEUAUAAEAAAAEAAAAAEAAAABAAAAOwAAAA==</a:base64Binary><a:base64Binary>mDoAAAUAAAD//v8gZwAgADMALgBTAFQARQBQAC0AMwBAAHIAbwBiAG8AdABpAGMAIABhAHIAbQAgAG0AaQBuAGUALgBTAFQARQBQAAQAAAAQAAAAAQAAAAEAAAA8AAAA</a:base64Binary><a:base64Binary>mDoAAAUAAAD//v8fZwA1AC4AUwBUAEUAUAAtADIAQAByAG8AYgBvAHQAaQBjACAAYQByAG0AIABtAGkAbgBlAC4AUwBUAEUAUAAEAAAAEAAAAAEAAAABAAAAOQAAAA==</a:base64Binary><a:base64Binary>mDoAAAUAAAD//v8gZwAgADMALgBTAFQARQBQAC0ANgBAAHIAbwBiAG8AdABpAGMAIABhAHIAbQAgAG0AaQBuAGUALgBTAFQARQBQAAQAAAAQAAAAAQAAAAEAAAA/AAAA</a:base64Binary><a:base64Binary>mDoAAAUAAAD//v8fZwA1AC4AUwBUAEUAUAAtADEAQAByAG8AYgBvAHQAaQBjACAAYQByAG0AIABtAGkAbgBlAC4AUwBUAEUAUAAEAAAAEAAAAAEAAAABAAAANQAAAA==</a:base64Binary><a:base64Binary>mDoAAAUAAAD//v8gZwAgADMALgBTAFQARQBQAC0ANABAAHIAbwBiAG8AdABpAGMAIABhAHIAbQAgAG0AaQBuAGUALgBTAFQARQBQAAQAAAAQAAAAAQAAAAEAAAA9AAAA</a:base64Binary></SWComponentPIDs><SWMainComponentPID i:nil="true"/><Visual z:Ref="i351"/><isFixedFrame>false</isFixedFrame><isIncomplete>false</isIncomplete></Link></Children><Collision z:Ref="i297"/><Inertial z:Ref="i271"/><Joint z:Ref="i304"/><NameAttribute z:Ref="i270"/><Parent z:Ref="i202"/><STLQualityFine>false</STLQualityFine><SWComponentPIDs xmlns:a="http://schemas.microsoft.com/2003/10/Serialization/Arrays"><a:base64Binary>mDoAAAUAAAD//v8nUwBIAE8AUgBUACAAUwBJAEQARQAuAFMAVABFAFAALQAyAEAAcgBvAGIAbwB0AGkAYwAgAGEAcgBtACAAbQBpAG4AZQAuAFMAVABFAFAABAAAABAAAAABAAAAAQAAAB0AAAA=</a:base64Binary><a:base64Binary>mDoAAAUAAAD//v8ocwBlAHIAdgBvACAAbQBvAHQAbwByAC4AUwBUAEUAUAAtADEAQAByAG8AYgBvAHQAaQBjACAAYQByAG0AIABtAGkAbgBlAC4AUwBUAEUAUAAEAAAAEAAAAAEAAAABAAAAJAAAAA==</a:base64Binary><a:base64Binary>mDoAAAUAAAD//v8gNgAuADIALgBTAFQARQBQAC0AMQBAAHIAbwBiAG8AdABpAGMAIABhAHIAbQAgAG0AaQBuAGUALgBTAFQARQBQAAQAAAAQAAAAAQAAAAEAAAAjAAAA</a:base64Binary><a:base64Binary>mDoAAAUAAAD//v8fZwA2AC4AUwBUAEUAUAAtADEAQAByAG8AYgBvAHQAaQBjACAAYQByAG0AIABtAGkAbgBlAC4AUwBUAEUAUAAEAAAAEAAAAAEAAAABAAAANgAAAA==</a:base64Binary></SWComponentPIDs><SWMainComponentPID i:nil="true"/><Visual z:Ref="i284"/><isFixedFrame>false</isFixedFrame><isIncomplete>false</isIncomplete></Link></Children><Collision z:Ref="i230"/><Inertial z:Ref="i204"/><Joint z:Ref="i237"/><NameAttribute z:Ref="i203"/><Parent z:Ref="i135"/><STLQualityFine>false</STLQualityFine><SWComponentPIDs xmlns:a="http://schemas.microsoft.com/2003/10/Serialization/Arrays"><a:base64Binary>mDoAAAUAAAD//v8fMQAzAC4AUwBUAEUAUAAtADEAQAByAG8AYgBvAHQAaQBjACAAYQByAG0AIABtAGkAbgBlAC4AUwBUAEUAUAAEAAAAEAAAAAEAAAABAAAAIgAAAA==</a:base64Binary><a:base64Binary>mDoAAAUAAAD//v8ocwBlAHIAdgBvACAAbQBvAHQAbwByAC4AUwBUAEUAUAAtADIAQAByAG8AYgBvAHQAaQBjACAAYQByAG0AIABtAGkAbgBlAC4AUwBUAEUAUAAEAAAAEAAAAAEAAAABAAAAKgAAAA==</a:base64Binary><a:base64Binary>mDoAAAUAAAD//v8lQgBJAEcAIABTAEkARABFAC4AUwBUAEUAUAAtADMAQAByAG8AYgBvAHQAaQBjACAAYQByAG0AIABtAGkAbgBlAC4AUwBUAEUAUAAEAAAAEAAAAAEAAAABAAAAHAAAAA==</a:base64Binary></SWComponentPIDs><SWMainComponentPID i:nil="true"/><Visual z:Ref="i217"/><isFixedFrame>false</isFixedFrame><isIncomplete>false</isIncomplete></Link></Children><Collision z:Ref="i163"/><Inertial z:Ref="i137"/><Joint z:Ref="i170"/><NameAttribute z:Ref="i136"/><Parent z:Ref="i68"/><STLQualityFine>false</STLQualityFine><SWComponentPIDs xmlns:a="http://schemas.microsoft.com/2003/10/Serialization/Arrays"><a:base64Binary>mDoAAAUAAAD//v8lQgBJAEcAIABTAEkARABFAC4AUwBUAEUAUAAtADEAQAByAG8AYgBvAHQAaQBjACAAYQByAG0AIABtAGkAbgBlAC4AUwBUAEUAUAAEAAAAEAAAAAEAAAABAAAAGQAAAA==</a:base64Binary><a:base64Binary>mDoAAAUAAAD//v8fMQA1AC4AUwBUAEUAUAAtADEAQAByAG8AYgBvAHQAaQBjACAAYQByAG0AIABtAGkAbgBlAC4AUwBUAEUAUAAEAAAAEAAAAAEAAAABAAAAIQAAAA==</a:base64Binary><a:base64Binary>mDoAAAUAAAD//v8lQgBJAEcAIABTAEkARABFAC4AUwBUAEUAUAAtADIAQAByAG8AYgBvAHQAaQBjACAAYQByAG0AIABtAGkAbgBlAC4AUwBUAEUAUAAEAAAAEAAAAAEAAAABAAAAGwAAAA==</a:base64Binary></SWComponentPIDs><SWMainComponentPID i:nil="true"/><Visual z:Ref="i150"/><isFixedFrame>false</isFixedFrame><isIncomplete>false</isIncomplete></Link></Children><Collision z:Ref="i96"/><Inertial z:Ref="i70"/><Joint z:Ref="i103"/><NameAttribute z:Ref="i69"/><Parent z:Ref="i1"/><STLQualityFine>false</STLQualityFine><SWComponentPIDs xmlns:a="http://schemas.microsoft.com/2003/10/Serialization/Arrays"><a:base64Binary>mDoAAAUAAAD//v8nUwBIAE8AUgBUACAAUwBJAEQARQAuAFMAVABFAFAALQAxAEAAcgBvAGIAbwB0AGkAYwAgAGEAcgBtACAAbQBpAG4AZQAuAFMAVABFAFAABAAAABAAAAABAAAAAQAAABoAAAA=</a:base64Binary><a:base64Binary>mDoAAAUAAAD//v8ocwBlAHIAdgBvACAAbQBvAHQAbwByAC4AUwBUAEUAUAAtADMAQAByAG8AYgBvAHQAaQBjACAAYQByAG0AIABtAGkAbgBlAC4AUwBUAEUAUAAEAAAAEAAAAAEAAAABAAAAMAAAAA==</a:base64Binary></SWComponentPIDs><SWMainComponentPID i:nil="true"/><Visual z:Ref="i83"/><isFixedFrame>false</isFixedFrame><isIncomplete>false</isIncomplete></Link></Children><Collision z:Ref="i29"/><Inertial z:Ref="i3"/><Joint z:Ref="i36"/><NameAttribute z:Ref="i2"/><Parent i:nil="true"/><STLQualityFine>false</STLQualityFine><SWComponentPIDs xmlns:a="http://schemas.microsoft.com/2003/10/Serialization/Arrays"><a:base64Binary>mDoAAAUAAAD//v8jcgBvAGwAbAAgADIALgBTAFQARQBQAC0AMQBAAHIAbwBiAG8AdABpAGMAIABhAHIAbQAgAG0AaQBuAGUALgBTAFQARQBQAAQAAAAQAAAAAQAAAAEAAABBAAAA</a:base64Binary><a:base64Binary>mDoAAAUAAAD//v8eRwAuAFMAVABFAFAALQAzAEAAcgBvAGIAbwB0AGkAYwAgAGEAcgBtACAAbQBpAG4AZQAuAFMAVABFAFAABAAAABAAAAABAAAAAQAAAC4AAAA=</a:base64Binary><a:base64Binary>mDoAAAUAAAD//v8lcQBxAHEAcQBxAHEAcQBxAC4AUwBUAEUAUAAtADEAQAByAG8AYgBvAHQAaQBjACAAYQByAG0AIABtAGkAbgBlAC4AUwBUAEUAUAAEAAAAEAAAAAEAAAABAAAAHwAAAA==</a:base64Binary><a:base64Binary>mDoAAAUAAAD//v8hbgBhAGkAbAAuAFMAVABFAFAALQA0AEAAcgBvAGIAbwB0AGkAYwAgAGEAcgBtACAAbQBpAG4AZQAuAFMAVABFAFAABAAAABAAAAABAAAAAQAAAEUAAAA=</a:base64Binary><a:base64Binary>mDoAAAUAAAD//v8hbgBhAGkAbAAuAFMAVABFAFAALQAxAEAAcgBvAGIAbwB0AGkAYwAgAGEAcgBtACAAbQBpAG4AZQAuAFMAVABFAFAABAAAABAAAAABAAAAAQAAAEIAAAA=</a:base64Binary><a:base64Binary>mDoAAAUAAAD//v8icwBlAHIAdgBvAC4AUwBUAEUAUAAtADEAQAByAG8AYgBvAHQAaQBjACAAYQByAG0AIABtAGkAbgBlAC4AUwBUAEUAUAAEAAAAEAAAAAEAAAABAAAAHgAAAA==</a:base64Binary><a:base64Binary>mDoAAAUAAAD//v8hcgBvAGwAbAAuAFMAVABFAFAALQAxAEAAcgBvAGIAbwB0AGkAYwAgAGEAcgBtACAAbQBpAG4AZQAuAFMAVABFAFAABAAAABAAAAABAAAAAQAAAEAAAAA=</a:base64Binary><a:base64Binary>mDoAAAUAAAD//v8hbgBhAGkAbAAuAFMAVABFAFAALQAzAEAAcgBvAGIAbwB0AGkAYwAgAGEAcgBtACAAbQBpAG4AZQAuAFMAVABFAFAABAAAABAAAAABAAAAAQAAAEQAAAA=</a:base64Binary><a:base64Binary>mDoAAAUAAAD//v8hbgBhAGkAbAAuAFMAVABFAFAALQAyAEAAcgBvAGIAbwB0AGkAYwAgAGEAcgBtACAAbQBpAG4AZQAuAFMAVABFAFAABAAAABAAAAABAAAAAQAAAEMAAAA=</a:base64Binary></SWComponentPIDs><SWMainComponentPID i:nil="true"/><Visual z:Ref="i16"/><isFixedFrame>false</isFixedFrame><isIncomplete>false</isIncomplete></Link>
2025-12-15 15:06:15,931 INFO  AssemblyExportForm.cs: 253 - Completing URDF export
2025-12-15 15:06:15,937 INFO  ConfigurationSerialization.cs: 276 - URDF Configuration found
<Link z:Id="i1" xmlns="http://schemas.datacontract.org/2004/07/SW2URDF" xmlns:i="http://www.w3.org/2001/XMLSchema-instance" xmlns:z="http://schemas.microsoft.com/2003/10/Serialization/"><Attributes><Attribute z:Id="i2"><AttributeType>name</AttributeType><IsRequired>true</IsRequired><Value i:type="a:string" xmlns:a="http://www.w3.org/2001/XMLSchema">base_link</Value></Attribute></Attributes><ChildElements><URDFElement z:Id="i3" i:type="Inertial"><Attributes/><ChildElements><URDFElement z:Id="i4" i:type="Origin"><Attributes><Attribute z:Id="i5"><AttributeType>xyz</AttributeType><IsRequired>true</IsRequired><Value i:type="a:ArrayOfdouble" xmlns:a="http://schemas.microsoft.com/2003/10/Serialization/Arrays"><a:double>0.091959</a:double><a:double>0.026985</a:double><a:double>-0.17169</a:double></Value></Attribute><Attribute z:Id="i6"><AttributeType>rpy</AttributeType><IsRequired>true</IsRequired><Value i:type="a:ArrayOfdouble" xmlns:a="http://schemas.microsoft.com/2003/10/Serialization/Arrays"><a:double>0</a:double><a:double>0</a:double><a:double>0</a:double></Value></Attribute></Attributes><ChildElements/><ElementName>origin</ElementName><required>false</required><RPYAttribute z:Ref="i6"/><XYZAttribute z:Ref="i5"/><isCustomized>false</isCustomized></URDFElement><URDFElement z:Id="i7" i:type="Mass"><Attributes><Attribute z:Id="i8"><AttributeType>value</AttributeType><IsRequired>true</IsRequired><Value i:type="a:double" xmlns:a="http://www.w3.org/2001/XMLSchema">0.092187</Value></Attribute></Attributes><ChildElements/><ElementName>mass</ElementName><required>false</required><ValueAttribute z:Ref="i8"/></URDFElement><URDFElement z:Id="i9" i:type="Inertia"><Attributes><Attribute z:Id="i10"><AttributeType>ixx</AttributeType><IsRequired>true</IsRequired><Value i:type="a:double" xmlns:a="http://www.w3.org/2001/XMLSchema">0.00010245</Value></Attribute><Attribute z:Id="i11"><AttributeType>ixy</AttributeType><IsRequired>true</IsRequired><Value i:type="a:double" xmlns:a="http://www.w3.org/2001/XMLSchema">1.4538E-09</Value></Attribute><Attribute z:Id="i12"><AttributeType>ixz</AttributeType><IsRequired>true</IsRequired><Value i:type="a:double" xmlns:a="http://www.w3.org/2001/XMLSchema">1.8672E-06</Value></Attribute><Attribute z:Id="i13"><AttributeType>iyy</AttributeType><IsRequired>true</IsRequired><Value i:type="a:double" xmlns:a="http://www.w3.org/2001/XMLSchema">0.0001058</Value></Attribute><Attribute z:Id="i14"><AttributeType>iyz</AttributeType><IsRequired>true</IsRequired><Value i:type="a:double" xmlns:a="http://www.w3.org/2001/XMLSchema">-2.8355E-11</Value></Attribute><Attribute z:Id="i15"><AttributeType>izz</AttributeType><IsRequired>true</IsRequired><Value i:type="a:double" xmlns:a="http://www.w3.org/2001/XMLSchema">0.00019857</Value></Attribute></Attributes><ChildElements/><ElementName>inertia</ElementName><required>false</required><IxxAttribute z:Ref="i10"/><IxyAttribute z:Ref="i11"/><IxzAttribute z:Ref="i12"/><IyyAttribute z:Ref="i13"/><IyzAttribute z:Ref="i14"/><IzzAttribute z:Ref="i15"/></URDFElement></ChildElements><ElementName>inertial</ElementName><required>false</required><Inertia z:Ref="i9"/><Mass z:Ref="i7"/><Origin z:Ref="i4"/></URDFElement><URDFElement z:Id="i16" i:type="Visual"><Attributes/><ChildElements><URDFElement z:Id="i17" i:type="Origin"><Attributes><Attribute z:Id="i18"><AttributeType>xyz</AttributeType><IsRequired>true</IsRequired><Value i:type="a:ArrayOfdouble" xmlns:a="http://schemas.microsoft.com/2003/10/Serialization/Arrays"><a:double>0</a:double><a:double>0</a:double><a:double>0</a:double></Value></Attribute><Attribute z:Id="i19"><AttributeType>rpy</AttributeType><IsRequired>true</IsRequired><Value i:type="a:ArrayOfdouble" xmlns:a="http://schemas.microsoft.com/2003/10/Serialization/Arrays"><a:double>0</a:double><a:double>0</a:double><a:double>0</a:double></Value></Attribute></Attributes><ChildElements/><ElementName>origin</ElementName><required>false</required><RPYAttribute z:Ref="i19"/><XYZAttribute z:Ref="i18"/><isCustomized>false</isCustomized></URDFElement><URDFElement z:Id="i20" i:type="Geometry"><Attributes/><ChildElements><URDFElement z:Id="i21" i:type="Mesh"><Attributes><Attribute z:Id="i22"><AttributeType>filename</AttributeType><IsRequired>true</IsRequired><Value i:nil="true"/></Attribute></Attributes><ChildElements/><ElementName>mesh</ElementName><required>false</required><FilenameAttribute z:Ref="i22"/></URDFElement></ChildElements><ElementName>geometry</ElementName><required>true</required><Mesh z:Ref="i21"/></URDFElement><URDFElement z:Id="i23" i:type="Material"><Attributes><Attribute z:Id="i24"><AttributeType>name</AttributeType><IsRequired>true</IsRequired><Value i:type="a:string" xmlns:a="http://www.w3.org/2001/XMLSchema"/></Attribute></Attributes><ChildElements><URDFElement z:Id="i25" i:type="Color"><Attributes><Attribute z:Id="i26"><AttributeType>rgba</AttributeType><IsRequired>true</IsRequired><Value i:type="a:ArrayOfdouble" xmlns:a="http://schemas.microsoft.com/2003/10/Serialization/Arrays"><a:double>0.79216</a:double><a:double>0.81961</a:double><a:double>0.93333</a:double><a:double>1</a:double></Value></Attribute></Attributes><ChildElements/><ElementName>color</ElementName><required>false</required><RGBAAttribute z:Ref="i26"/></URDFElement><URDFElement z:Id="i27" i:type="Texture"><Attributes><Attribute z:Id="i28"><AttributeType>filename</AttributeType><IsRequired>true</IsRequired><Value i:nil="true"/></Attribute></Attributes><ChildElements/><ElementName>texture</ElementName><required>false</required><FilenameAttribute z:Ref="i28"/><wFilename/></URDFElement></ChildElements><ElementName>material</ElementName><required>false</required><Color z:Ref="i25"/><NameAttribute z:Ref="i24"/><Texture z:Ref="i27"/></URDFElement></ChildElements><ElementName>visual</ElementName><required>false</required><Geometry z:Ref="i20"/><Material z:Ref="i23"/><Origin z:Ref="i17"/></URDFElement><URDFElement z:Id="i29" i:type="Collision"><Attributes/><ChildElements><URDFElement z:Id="i30" i:type="Origin"><Attributes><Attribute z:Id="i31"><AttributeType>xyz</AttributeType><IsRequired>true</IsRequired><Value i:type="a:ArrayOfdouble" xmlns:a="http://schemas.microsoft.com/2003/10/Serialization/Arrays"><a:double>0</a:double><a:double>0</a:double><a:double>0</a:double></Value></Attribute><Attribute z:Id="i32"><AttributeType>rpy</AttributeType><IsRequired>true</IsRequired><Value i:type="a:ArrayOfdouble" xmlns:a="http://schemas.microsoft.com/2003/10/Serialization/Arrays"><a:double>0</a:double><a:double>0</a:double><a:double>0</a:double></Value></Attribute></Attributes><ChildElements/><ElementName>origin</ElementName><required>false</required><RPYAttribute z:Ref="i32"/><XYZAttribute z:Ref="i31"/><isCustomized>false</isCustomized></URDFElement><URDFElement z:Id="i33" i:type="Geometry"><Attributes/><ChildElements><URDFElement z:Id="i34" i:type="Mesh"><Attributes><Attribute z:Id="i35"><AttributeType>filename</AttributeType><IsRequired>true</IsRequired><Value i:nil="true"/></Attribute></Attributes><ChildElements/><ElementName>mesh</ElementName><required>false</required><FilenameAttribute z:Ref="i35"/></URDFElement></ChildElements><ElementName>geometry</ElementName><required>true</required><Mesh z:Ref="i34"/></URDFElement></ChildElements><ElementName>collision</ElementName><required>false</required><Geometry z:Ref="i33"/><Origin z:Ref="i30"/></URDFElement><URDFElement z:Id="i36" i:type="Joint"><Attributes><Attribute z:Id="i37"><AttributeType>name</AttributeType><IsRequired>true</IsRequired><Value i:type="a:string" xmlns:a="http://www.w3.org/2001/XMLSchema"/></Attribute><Attribute z:Id="i38"><AttributeType>type</AttributeType><IsRequired>true</IsRequired><Value i:type="a:string" xmlns:a="http://www.w3.org/2001/XMLSchema"/></Attribute></Attributes><ChildElements><URDFElement z:Id="i39" i:type="Origin"><Attributes><Attribute z:Id="i40"><AttributeType>xyz</AttributeType><IsRequired>true</IsRequired><Value i:type="a:ArrayOfdouble" xmlns:a="http://schemas.microsoft.com/2003/10/Serialization/Arrays"><a:double>0</a:double><a:double>0</a:double><a:double>0</a:double></Value></Attribute><Attribute z:Id="i41"><AttributeType>rpy</AttributeType><IsRequired>true</IsRequired><Value i:type="a:ArrayOfdouble" xmlns:a="http://schemas.microsoft.com/2003/10/Serialization/Arrays"><a:double>0</a:double><a:double>0</a:double><a:double>0</a:double></Value></Attribute></Attributes><ChildElements/><ElementName>origin</ElementName><required>false</required><RPYAttribute z:Ref="i41"/><XYZAttribute z:Ref="i40"/><isCustomized>false</isCustomized></URDFElement><URDFElement z:Id="i42" i:type="ParentLink"><Attributes><Attribute z:Id="i43"><AttributeType>link</AttributeType><IsRequired>true</IsRequired><Value i:type="a:string" xmlns:a="http://www.w3.org/2001/XMLSchema"/></Attribute></Attributes><ChildElements/><ElementName>parent</ElementName><required>true</required><NameAttribute z:Ref="i43"/></URDFElement><URDFElement z:Id="i44" i:type="ChildLink"><Attributes><Attribute z:Id="i45"><AttributeType>link</AttributeType><IsRequired>true</IsRequired><Value i:type="a:string" xmlns:a="http://www.w3.org/2001/XMLSchema"/></Attribute></Attributes><ChildElements/><ElementName>child</ElementName><required>true</required><NameAttribute z:Ref="i45"/></URDFElement><URDFElement z:Id="i46" i:type="Axis"><Attributes><Attribute z:Id="i47"><AttributeType>xyz</AttributeType><IsRequired>true</IsRequired><Value i:type="a:ArrayOfdouble" xmlns:a="http://schemas.microsoft.com/2003/10/Serialization/Arrays"><a:double>0</a:double><a:double>0</a:double><a:double>0</a:double></Value></Attribute></Attributes><ChildElements/><ElementName>axis</ElementName><required>false</required><XYZAttribute z:Ref="i47"/></URDFElement><URDFElement z:Id="i48" i:type="Limit"><Attributes><Attribute z:Id="i49"><AttributeType>lower</AttributeType><IsRequired>false</IsRequired><Value i:nil="true"/></Attribute><Attribute z:Id="i50"><AttributeType>upper</AttributeType><IsRequired>false</IsRequired><Value i:nil="true"/></Attribute><Attribute z:Id="i51"><AttributeType>effort</AttributeType><IsRequired>true</IsRequired><Value i:nil="true"/></Attribute><Attribute z:Id="i52"><AttributeType>velocity</AttributeType><IsRequired>true</IsRequired><Value i:nil="true"/></Attribute></Attributes><ChildElements/><ElementName>limit</ElementName><required>false</required><EffortAttribute z:Ref="i51"/><LowerAttribute z:Ref="i49"/><UpperAttribute z:Ref="i50"/><VelocityAttribute z:Ref="i52"/></URDFElement><URDFElement z:Id="i53" i:type="Calibration"><Attributes><Attribute z:Id="i54"><AttributeType>rising</AttributeType><IsRequired>false</IsRequired><Value i:nil="true"/></Attribute><Attribute z:Id="i55"><AttributeType>falling</AttributeType><IsRequired>false</IsRequired><Value i:nil="true"/></Attribute></Attributes><ChildElements/><ElementName>calibration</ElementName><required>false</required><FallingAttribute z:Ref="i55"/><RisingAttribute z:Ref="i54"/></URDFElement><URDFElement z:Id="i56" i:type="Dynamics"><Attributes><Attribute z:Id="i57"><AttributeType>damping</AttributeType><IsRequired>false</IsRequired><Value i:nil="true"/></Attribute><Attribute z:Id="i58"><AttributeType>friction</AttributeType><IsRequired>false</IsRequired><Value i:nil="true"/></Attribute></Attributes><ChildElements/><ElementName>dynamics</ElementName><required>false</required><DampingAttribute z:Ref="i57"/><FrictionAttribute z:Ref="i58"/></URDFElement><URDFElement z:Id="i59" i:type="SafetyController"><Attributes><Attribute z:Id="i60"><AttributeType>soft_upper_limit</AttributeType><IsRequired>false</IsRequired><Value i:nil="true"/></Attribute><Attribute z:Id="i61"><AttributeType>soft_lower_limit</AttributeType><IsRequired>false</IsRequired><Value i:nil="true"/></Attribute><Attribute z:Id="i62"><AttributeType>k_position</AttributeType><IsRequired>false</IsRequired><Value i:nil="true"/></Attribute><Attribute z:Id="i63"><AttributeType>k_velocity</AttributeType><IsRequired>true</IsRequired><Value i:nil="true"/></Attribute></Attributes><ChildElements/><ElementName>safety_controller</ElementName><required>false</required><KPositionAttribute z:Ref="i62"/><KVelocityAttribute z:Ref="i63"/><SoftLowerAttribute z:Ref="i61"/><SoftUpperAttribute z:Ref="i60"/></URDFElement><URDFElement z:Id="i64" i:type="Mimic"><Attributes><Attribute z:Id="i65"><AttributeType>joint</AttributeType><IsRequired>true</IsRequired><Value i:nil="true"/></Attribute><Attribute z:Id="i66"><AttributeType>multiplier</AttributeType><IsRequired>false</IsRequired><Value i:nil="true"/></Attribute><Attribute z:Id="i67"><AttributeType>offset</AttributeType><IsRequired>false</IsRequired><Value i:nil="true"/></Attribute></Attributes><ChildElements/><ElementName>mimic</ElementName><required>false</required><JointNameAttribute z:Ref="i65"/><MultiplierAttribute z:Ref="i66"/><OffsetAttribute z:Ref="i67"/></URDFElement></ChildElements><ElementName>joint</ElementName><required>false</required><Axis z:Ref="i46"/><AxisName/><Calibration z:Ref="i53"/><Child z:Ref="i44"/><CoordinateSystemName>Origin_global</CoordinateSystemName><Dynamics z:Ref="i56"/><Limit z:Ref="i48"/><Mimic z:Ref="i64"/><NameAttribute z:Ref="i37"/><Origin z:Ref="i39"/><Parent z:Ref="i42"/><Safety z:Ref="i59"/><TypeAttribute z:Ref="i38"/></URDFElement></ChildElements><ElementName>link</ElementName><required>true</required><Children><Link z:Id="i68"><Attributes><Attribute z:Id="i69"><AttributeType>name</AttributeType><IsRequired>true</IsRequired><Value i:type="a:string" xmlns:a="http://www.w3.org/2001/XMLSchema">link_1</Value></Attribute></Attributes><ChildElements><URDFElement z:Id="i70" i:type="Inertial"><Attributes/><ChildElements><URDFElement z:Id="i71" i:type="Origin"><Attributes><Attribute z:Id="i72"><AttributeType>xyz</AttributeType><IsRequired>true</IsRequired><Value i:type="a:ArrayOfdouble" xmlns:a="http://schemas.microsoft.com/2003/10/Serialization/Arrays"><a:double>-0.0015424134178159826</a:double><a:double>0.010001335000445706</a:double><a:double>0.00024229829884681031</a:double></Value></Attribute><Attribute z:Id="i73"><AttributeType>rpy</AttributeType><IsRequired>true</IsRequired><Value i:type="a:ArrayOfdouble" xmlns:a="http://schemas.microsoft.com/2003/10/Serialization/Arrays"><a:double>0</a:double><a:double>0</a:double><a:double>0</a:double></Value></Attribute></Attributes><ChildElements/><ElementName>origin</ElementName><required>false</required><RPYAttribute z:Ref="i73"/><XYZAttribute z:Ref="i72"/><isCustomized>false</isCustomized></URDFElement><URDFElement z:Id="i74" i:type="Mass"><Attributes><Attribute z:Id="i75"><AttributeType>value</AttributeType><IsRequired>true</IsRequired><Value i:type="a:double" xmlns:a="http://www.w3.org/2001/XMLSchema">0.036067227742246022</Value></Attribute></Attributes><ChildElements/><ElementName>mass</ElementName><required>false</required><ValueAttribute z:Ref="i75"/></URDFElement><URDFElement z:Id="i76" i:type="Inertia"><Attributes><Attribute z:Id="i77"><AttributeType>ixx</AttributeType><IsRequired>true</IsRequired><Value i:type="a:double" xmlns:a="http://www.w3.org/2001/XMLSchema">6.6365786487677758E-06</Value></Attribute><Attribute z:Id="i78"><AttributeType>ixy</AttributeType><IsRequired>true</IsRequired><Value i:type="a:double" xmlns:a="http://www.w3.org/2001/XMLSchema">8.8026944901077877E-11</Value></Attribute><Attribute z:Id="i79"><AttributeType>ixz</AttributeType><IsRequired>true</IsRequired><Value i:type="a:double" xmlns:a="http://www.w3.org/2001/XMLSchema">-2.542803430916445E-08</Value></Attribute><Attribute z:Id="i80"><AttributeType>iyy</AttributeType><IsRequired>true</IsRequired><Value i:type="a:double" xmlns:a="http://www.w3.org/2001/XMLSchema">1.0032565729544948E-05</Value></Attribute><Attribute z:Id="i81"><AttributeType>iyz</AttributeType><IsRequired>true</IsRequired><Value i:type="a:double" xmlns:a="http://www.w3.org/2001/XMLSchema">5.5830248766791882E-11</Value></Attribute><Attribute z:Id="i82"><AttributeType>izz</AttributeType><IsRequired>true</IsRequired><Value i:type="a:double" xmlns:a="http://www.w3.org/2001/XMLSchema">5.7633489590591261E-06</Value></Attribute></Attributes><ChildElements/><ElementName>inertia</ElementName><required>false</required><IxxAttribute z:Ref="i77"/><IxyAttribute z:Ref="i78"/><IxzAttribute z:Ref="i79"/><IyyAttribute z:Ref="i80"/><IyzAttribute z:Ref="i81"/><IzzAttribute z:Ref="i82"/></URDFElement></ChildElements><ElementName>inertial</ElementName><required>false</required><Inertia z:Ref="i76"/><Mass z:Ref="i74"/><Origin z:Ref="i71"/></URDFElement><URDFElement z:Id="i83" i:type="Visual"><Attributes/><ChildElements><URDFElement z:Id="i84" i:type="Origin"><Attributes><Attribute z:Id="i85"><AttributeType>xyz</AttributeType><IsRequired>true</IsRequired><Value i:type="a:ArrayOfdouble" xmlns:a="http://schemas.microsoft.com/2003/10/Serialization/Arrays"><a:double>0</a:double><a:double>0</a:double><a:double>0</a:double></Value></Attribute><Attribute z:Id="i86"><AttributeType>rpy</AttributeType><IsRequired>true</IsRequired><Value i:type="a:ArrayOfdouble" xmlns:a="http://schemas.microsoft.com/2003/10/Serialization/Arrays"><a:double>0</a:double><a:double>0</a:double><a:double>0</a:double></Value></Attribute></Attributes><ChildElements/><ElementName>origin</ElementName><required>false</required><RPYAttribute z:Ref="i86"/><XYZAttribute z:Ref="i85"/><isCustomized>false</isCustomized></URDFElement><URDFElement z:Id="i87" i:type="Geometry"><Attributes/><ChildElements><URDFElement z:Id="i88" i:type="Mesh"><Attributes><Attribute z:Id="i89"><AttributeType>filename</AttributeType><IsRequired>true</IsRequired><Value i:nil="true"/></Attribute></Attributes><ChildElements/><ElementName>mesh</ElementName><required>false</required><FilenameAttribute z:Ref="i89"/></URDFElement></ChildElements><ElementName>geometry</ElementName><required>true</required><Mesh z:Ref="i88"/></URDFElement><URDFElement z:Id="i90" i:type="Material"><Attributes><Attribute z:Id="i91"><AttributeType>name</AttributeType><IsRequired>true</IsRequired><Value i:type="a:string" xmlns:a="http://www.w3.org/2001/XMLSchema"/></Attribute></Attributes><ChildElements><URDFElement z:Id="i92" i:type="Color"><Attributes><Attribute z:Id="i93"><AttributeType>rgba</AttributeType><IsRequired>true</IsRequired><Value i:type="a:ArrayOfdouble" xmlns:a="http://schemas.microsoft.com/2003/10/Serialization/Arrays"><a:double>0.792156862745098</a:double><a:double>0.81960784313725488</a:double><a:double>0.93333333333333335</a:double><a:double>1</a:double></Value></Attribute></Attributes><ChildElements/><ElementName>color</ElementName><required>false</required><RGBAAttribute z:Ref="i93"/></URDFElement><URDFElement z:Id="i94" i:type="Texture"><Attributes><Attribute z:Id="i95"><AttributeType>filename</AttributeType><IsRequired>true</IsRequired><Value i:nil="true"/></Attribute></Attributes><ChildElements/><ElementName>texture</ElementName><required>false</required><FilenameAttribute z:Ref="i95"/><wFilename/></URDFElement></ChildElements><ElementName>material</ElementName><required>false</required><Color z:Ref="i92"/><NameAttribute z:Ref="i91"/><Texture z:Ref="i94"/></URDFElement></ChildElements><ElementName>visual</ElementName><required>false</required><Geometry z:Ref="i87"/><Material z:Ref="i90"/><Origin z:Ref="i84"/></URDFElement><URDFElement z:Id="i96" i:type="Collision"><Attributes/><ChildElements><URDFElement z:Id="i97" i:type="Origin"><Attributes><Attribute z:Id="i98"><AttributeType>xyz</AttributeType><IsRequired>true</IsRequired><Value i:type="a:ArrayOfdouble" xmlns:a="http://schemas.microsoft.com/2003/10/Serialization/Arrays"><a:double>0</a:double><a:double>0</a:double><a:double>0</a:double></Value></Attribute><Attribute z:Id="i99"><AttributeType>rpy</AttributeType><IsRequired>true</IsRequired><Value i:type="a:ArrayOfdouble" xmlns:a="http://schemas.microsoft.com/2003/10/Serialization/Arrays"><a:double>0</a:double><a:double>0</a:double><a:double>0</a:double></Value></Attribute></Attributes><ChildElements/><ElementName>origin</ElementName><required>false</required><RPYAttribute z:Ref="i99"/><XYZAttribute z:Ref="i98"/><isCustomized>false</isCustomized></URDFElement><URDFElement z:Id="i100" i:type="Geometry"><Attributes/><ChildElements><URDFElement z:Id="i101" i:type="Mesh"><Attributes><Attribute z:Id="i102"><AttributeType>filename</AttributeType><IsRequired>true</IsRequired><Value i:nil="true"/></Attribute></Attributes><ChildElements/><ElementName>mesh</ElementName><required>false</required><FilenameAttribute z:Ref="i102"/></URDFElement></ChildElements><ElementName>geometry</ElementName><required>true</required><Mesh z:Ref="i101"/></URDFElement></ChildElements><ElementName>collision</ElementName><required>false</required><Geometry z:Ref="i100"/><Origin z:Ref="i97"/></URDFElement><URDFElement z:Id="i103" i:type="Joint"><Attributes><Attribute z:Id="i104"><AttributeType>name</AttributeType><IsRequired>true</IsRequired><Value i:type="a:string" xmlns:a="http://www.w3.org/2001/XMLSchema">joint_1</Value></Attribute><Attribute z:Id="i105"><AttributeType>type</AttributeType><IsRequired>true</IsRequired><Value i:type="a:string" xmlns:a="http://www.w3.org/2001/XMLSchema">revolute</Value></Attribute></Attributes><ChildElements><URDFElement z:Id="i106" i:type="Origin"><Attributes><Attribute z:Id="i107"><AttributeType>xyz</AttributeType><IsRequired>true</IsRequired><Value i:type="a:ArrayOfdouble" xmlns:a="http://schemas.microsoft.com/2003/10/Serialization/Arrays"><a:double>0.10523</a:double><a:double>0.12001</a:double><a:double>0.040127</a:double></Value></Attribute><Attribute z:Id="i108"><AttributeType>rpy</AttributeType><IsRequired>true</IsRequired><Value i:type="a:ArrayOfdouble" xmlns:a="http://schemas.microsoft.com/2003/10/Serialization/Arrays"><a:double>-1.5645</a:double><a:double>0</a:double><a:double>-1.5513</a:double></Value></Attribute></Attributes><ChildElements/><ElementName>origin</ElementName><required>false</required><RPYAttribute z:Ref="i108"/><XYZAttribute z:Ref="i107"/><isCustomized>false</isCustomized></URDFElement><URDFElement z:Id="i109" i:type="ParentLink"><Attributes><Attribute z:Id="i110"><AttributeType>link</AttributeType><IsRequired>true</IsRequired><Value i:type="a:string" xmlns:a="http://www.w3.org/2001/XMLSchema">base_link</Value></Attribute></Attributes><ChildElements/><ElementName>parent</ElementName><required>true</required><NameAttribute z:Ref="i110"/></URDFElement><URDFElement z:Id="i111" i:type="ChildLink"><Attributes><Attribute z:Id="i112"><AttributeType>link</AttributeType><IsRequired>true</IsRequired><Value i:type="a:string" xmlns:a="http://www.w3.org/2001/XMLSchema">link_1</Value></Attribute></Attributes><ChildElements/><ElementName>child</ElementName><required>true</required><NameAttribute z:Ref="i112"/></URDFElement><URDFElement z:Id="i113" i:type="Axis"><Attributes><Attribute z:Id="i114"><AttributeType>xyz</AttributeType><IsRequired>true</IsRequired><Value i:type="a:ArrayOfdouble" xmlns:a="http://schemas.microsoft.com/2003/10/Serialization/Arrays"><a:double>0</a:double><a:double>0</a:double><a:double>1</a:double></Value></Attribute></Attributes><ChildElements/><ElementName>axis</ElementName><required>false</required><XYZAttribute z:Ref="i114"/></URDFElement><URDFElement z:Id="i115" i:type="Limit"><Attributes><Attribute z:Id="i116"><AttributeType>lower</AttributeType><IsRequired>true</IsRequired><Value i:type="a:double" xmlns:a="http://www.w3.org/2001/XMLSchema">-1.57</Value></Attribute><Attribute z:Id="i117"><AttributeType>upper</AttributeType><IsRequired>true</IsRequired><Value i:type="a:double" xmlns:a="http://www.w3.org/2001/XMLSchema">1.57</Value></Attribute><Attribute z:Id="i118"><AttributeType>effort</AttributeType><IsRequired>true</IsRequired><Value i:type="a:double" xmlns:a="http://www.w3.org/2001/XMLSchema">17</Value></Attribute><Attribute z:Id="i119"><AttributeType>velocity</AttributeType><IsRequired>true</IsRequired><Value i:type="a:double" xmlns:a="http://www.w3.org/2001/XMLSchema">6</Value></Attribute></Attributes><ChildElements/><ElementName>limit</ElementName><required>true</required><EffortAttribute z:Ref="i118"/><LowerAttribute z:Ref="i116"/><UpperAttribute z:Ref="i117"/><VelocityAttribute z:Ref="i119"/></URDFElement><URDFElement z:Id="i120" i:type="Calibration"><Attributes><Attribute z:Id="i121"><AttributeType>rising</AttributeType><IsRequired>false</IsRequired><Value i:nil="true"/></Attribute><Attribute z:Id="i122"><AttributeType>falling</AttributeType><IsRequired>false</IsRequired><Value i:nil="true"/></Attribute></Attributes><ChildElements/><ElementName>calibration</ElementName><required>false</required><FallingAttribute z:Ref="i122"/><RisingAttribute z:Ref="i121"/></URDFElement><URDFElement z:Id="i123" i:type="Dynamics"><Attributes><Attribute z:Id="i124"><AttributeType>damping</AttributeType><IsRequired>false</IsRequired><Value i:nil="true"/></Attribute><Attribute z:Id="i125"><AttributeType>friction</AttributeType><IsRequired>false</IsRequired><Value i:nil="true"/></Attribute></Attributes><ChildElements/><ElementName>dynamics</ElementName><required>false</required><DampingAttribute z:Ref="i124"/><FrictionAttribute z:Ref="i125"/></URDFElement><URDFElement z:Id="i126" i:type="SafetyController"><Attributes><Attribute z:Id="i127"><AttributeType>soft_upper_limit</AttributeType><IsRequired>false</IsRequired><Value i:nil="true"/></Attribute><Attribute z:Id="i128"><AttributeType>soft_lower_limit</AttributeType><IsRequired>false</IsRequired><Value i:nil="true"/></Attribute><Attribute z:Id="i129"><AttributeType>k_position</AttributeType><IsRequired>false</IsRequired><Value i:nil="true"/></Attribute><Attribute z:Id="i130"><AttributeType>k_velocity</AttributeType><IsRequired>true</IsRequired><Value i:nil="true"/></Attribute></Attributes><ChildElements/><ElementName>safety_controller</ElementName><required>false</required><KPositionAttribute z:Ref="i129"/><KVelocityAttribute z:Ref="i130"/><SoftLowerAttribute z:Ref="i128"/><SoftUpperAttribute z:Ref="i127"/></URDFElement><URDFElement z:Id="i131" i:type="Mimic"><Attributes><Attribute z:Id="i132"><AttributeType>joint</AttributeType><IsRequired>true</IsRequired><Value i:nil="true"/></Attribute><Attribute z:Id="i133"><AttributeType>multiplier</AttributeType><IsRequired>false</IsRequired><Value i:nil="true"/></Attribute><Attribute z:Id="i134"><AttributeType>offset</AttributeType><IsRequired>false</IsRequired><Value i:nil="true"/></Attribute></Attributes><ChildElements/><ElementName>mimic</ElementName><required>false</required><JointNameAttribute z:Ref="i132"/><MultiplierAttribute z:Ref="i133"/><OffsetAttribute z:Ref="i134"/></URDFElement></ChildElements><ElementName>joint</ElementName><required>false</required><Axis z:Ref="i113"/><AxisName/><Calibration z:Ref="i120"/><Child z:Ref="i111"/><CoordinateSystemName>Origin_joint_12</CoordinateSystemName><Dynamics z:Ref="i123"/><Limit z:Ref="i115"/><Mimic z:Ref="i131"/><NameAttribute z:Ref="i104"/><Origin z:Ref="i106"/><Parent z:Ref="i109"/><Safety z:Ref="i126"/><TypeAttribute z:Ref="i105"/></URDFElement></ChildElements><ElementName>link</ElementName><required>true</required><Children><Link z:Id="i135"><Attributes><Attribute z:Id="i136"><AttributeType>name</AttributeType><IsRequired>true</IsRequired><Value i:type="a:string" xmlns:a="http://www.w3.org/2001/XMLSchema">link_2</Value></Attribute></Attributes><ChildElements><URDFElement z:Id="i137" i:type="Inertial"><Attributes/><ChildElements><URDFElement z:Id="i138" i:type="Origin"><Attributes><Attribute z:Id="i139"><AttributeType>xyz</AttributeType><IsRequired>true</IsRequired><Value i:type="a:ArrayOfdouble" xmlns:a="http://schemas.microsoft.com/2003/10/Serialization/Arrays"><a:double>0.080491491193247236</a:double><a:double>0.0099993903503659276</a:double><a:double>-0.00069999999999977025</a:double></Value></Attribute><Attribute z:Id="i140"><AttributeType>rpy</AttributeType><IsRequired>true</IsRequired><Value i:type="a:ArrayOfdouble" xmlns:a="http://schemas.microsoft.com/2003/10/Serialization/Arrays"><a:double>0</a:double><a:double>0</a:double><a:double>0</a:double></Value></Attribute></Attributes><ChildElements/><ElementName>origin</ElementName><required>false</required><RPYAttribute z:Ref="i140"/><XYZAttribute z:Ref="i139"/><isCustomized>false</isCustomized></URDFElement><URDFElement z:Id="i141" i:type="Mass"><Attributes><Attribute z:Id="i142"><AttributeType>value</AttributeType><IsRequired>true</IsRequired><Value i:type="a:double" xmlns:a="http://www.w3.org/2001/XMLSchema">0.049546161256002336</Value></Attribute></Attributes><ChildElements/><ElementName>mass</ElementName><required>false</required><ValueAttribute z:Ref="i142"/></URDFElement><URDFElement z:Id="i143" i:type="Inertia"><Attributes><Attribute z:Id="i144"><AttributeType>ixx</AttributeType><IsRequired>true</IsRequired><Value i:type="a:double" xmlns:a="http://www.w3.org/2001/XMLSchema">1.2416229673071268E-05</Value></Attribute><Attribute z:Id="i145"><AttributeType>ixy</AttributeType><IsRequired>true</IsRequired><Value i:type="a:double" xmlns:a="http://www.w3.org/2001/XMLSchema">1.2705494208814505E-20</Value></Attribute><Attribute z:Id="i146"><AttributeType>ixz</AttributeType><IsRequired>true</IsRequired><Value i:type="a:double" xmlns:a="http://www.w3.org/2001/XMLSchema">-9.7077916689223328E-20</Value></Attribute><Attribute z:Id="i147"><AttributeType>iyy</AttributeType><IsRequired>true</IsRequired><Value i:type="a:double" xmlns:a="http://www.w3.org/2001/XMLSchema">4.0383237262559584E-05</Value></Attribute><Attribute z:Id="i148"><AttributeType>iyz</AttributeType><IsRequired>true</IsRequired><Value i:type="a:double" xmlns:a="http://www.w3.org/2001/XMLSchema">-1.0058516248644817E-21</Value></Attribute><Attribute z:Id="i149"><AttributeType>izz</AttributeType><IsRequired>true</IsRequired><Value i:type="a:double" xmlns:a="http://www.w3.org/2001/XMLSchema">3.1305005880398313E-05</Value></Attribute></Attributes><ChildElements/><ElementName>inertia</ElementName><required>false</required><IxxAttribute z:Ref="i144"/><IxyAttribute z:Ref="i145"/><IxzAttribute z:Ref="i146"/><IyyAttribute z:Ref="i147"/><IyzAttribute z:Ref="i148"/><IzzAttribute z:Ref="i149"/></URDFElement></ChildElements><ElementName>inertial</ElementName><required>false</required><Inertia z:Ref="i143"/><Mass z:Ref="i141"/><Origin z:Ref="i138"/></URDFElement><URDFElement z:Id="i150" i:type="Visual"><Attributes/><ChildElements><URDFElement z:Id="i151" i:type="Origin"><Attributes><Attribute z:Id="i152"><AttributeType>xyz</AttributeType><IsRequired>true</IsRequired><Value i:type="a:ArrayOfdouble" xmlns:a="http://schemas.microsoft.com/2003/10/Serialization/Arrays"><a:double>0</a:double><a:double>0</a:double><a:double>0</a:double></Value></Attribute><Attribute z:Id="i153"><AttributeType>rpy</AttributeType><IsRequired>true</IsRequired><Value i:type="a:ArrayOfdouble" xmlns:a="http://schemas.microsoft.com/2003/10/Serialization/Arrays"><a:double>0</a:double><a:double>0</a:double><a:double>0</a:double></Value></Attribute></Attributes><ChildElements/><ElementName>origin</ElementName><required>false</required><RPYAttribute z:Ref="i153"/><XYZAttribute z:Ref="i152"/><isCustomized>false</isCustomized></URDFElement><URDFElement z:Id="i154" i:type="Geometry"><Attributes/><ChildElements><URDFElement z:Id="i155" i:type="Mesh"><Attributes><Attribute z:Id="i156"><AttributeType>filename</AttributeType><IsRequired>true</IsRequired><Value i:nil="true"/></Attribute></Attributes><ChildElements/><ElementName>mesh</ElementName><required>false</required><FilenameAttribute z:Ref="i156"/></URDFElement></ChildElements><ElementName>geometry</ElementName><required>true</required><Mesh z:Ref="i155"/></URDFElement><URDFElement z:Id="i157" i:type="Material"><Attributes><Attribute z:Id="i158"><AttributeType>name</AttributeType><IsRequired>true</IsRequired><Value i:type="a:string" xmlns:a="http://www.w3.org/2001/XMLSchema"/></Attribute></Attributes><ChildElements><URDFElement z:Id="i159" i:type="Color"><Attributes><Attribute z:Id="i160"><AttributeType>rgba</AttributeType><IsRequired>true</IsRequired><Value i:type="a:ArrayOfdouble" xmlns:a="http://schemas.microsoft.com/2003/10/Serialization/Arrays"><a:double>0.792156862745098</a:double><a:double>0.81960784313725488</a:double><a:double>0.93333333333333335</a:double><a:double>1</a:double></Value></Attribute></Attributes><ChildElements/><ElementName>color</ElementName><required>false</required><RGBAAttribute z:Ref="i160"/></URDFElement><URDFElement z:Id="i161" i:type="Texture"><Attributes><Attribute z:Id="i162"><AttributeType>filename</AttributeType><IsRequired>true</IsRequired><Value i:nil="true"/></Attribute></Attributes><ChildElements/><ElementName>texture</ElementName><required>false</required><FilenameAttribute z:Ref="i162"/><wFilename/></URDFElement></ChildElements><ElementName>material</ElementName><required>false</required><Color z:Ref="i159"/><NameAttribute z:Ref="i158"/><Texture z:Ref="i161"/></URDFElement></ChildElements><ElementName>visual</ElementName><required>false</required><Geometry z:Ref="i154"/><Material z:Ref="i157"/><Origin z:Ref="i151"/></URDFElement><URDFElement z:Id="i163" i:type="Collision"><Attributes/><ChildElements><URDFElement z:Id="i164" i:type="Origin"><Attributes><Attribute z:Id="i165"><AttributeType>xyz</AttributeType><IsRequired>true</IsRequired><Value i:type="a:ArrayOfdouble" xmlns:a="http://schemas.microsoft.com/2003/10/Serialization/Arrays"><a:double>0</a:double><a:double>0</a:double><a:double>0</a:double></Value></Attribute><Attribute z:Id="i166"><AttributeType>rpy</AttributeType><IsRequired>true</IsRequired><Value i:type="a:ArrayOfdouble" xmlns:a="http://schemas.microsoft.com/2003/10/Serialization/Arrays"><a:double>0</a:double><a:double>0</a:double><a:double>0</a:double></Value></Attribute></Attributes><ChildElements/><ElementName>origin</ElementName><required>false</required><RPYAttribute z:Ref="i166"/><XYZAttribute z:Ref="i165"/><isCustomized>false</isCustomized></URDFElement><URDFElement z:Id="i167" i:type="Geometry"><Attributes/><ChildElements><URDFElement z:Id="i168" i:type="Mesh"><Attributes><Attribute z:Id="i169"><AttributeType>filename</AttributeType><IsRequired>true</IsRequired><Value i:nil="true"/></Attribute></Attributes><ChildElements/><ElementName>mesh</ElementName><required>false</required><FilenameAttribute z:Ref="i169"/></URDFElement></ChildElements><ElementName>geometry</ElementName><required>true</required><Mesh z:Ref="i168"/></URDFElement></ChildElements><ElementName>collision</ElementName><required>false</required><Geometry z:Ref="i167"/><Origin z:Ref="i164"/></URDFElement><URDFElement z:Id="i170" i:type="Joint"><Attributes><Attribute z:Id="i171"><AttributeType>name</AttributeType><IsRequired>true</IsRequired><Value i:type="a:string" xmlns:a="http://www.w3.org/2001/XMLSchema">joint_2</Value></Attribute><Attribute z:Id="i172"><AttributeType>type</AttributeType><IsRequired>true</IsRequired><Value i:type="a:string" xmlns:a="http://www.w3.org/2001/XMLSchema">revolute</Value></Attribute></Attributes><ChildElements><URDFElement z:Id="i173" i:type="Origin"><Attributes><Attribute z:Id="i174"><AttributeType>xyz</AttributeType><IsRequired>true</IsRequired><Value i:type="a:ArrayOfdouble" xmlns:a="http://schemas.microsoft.com/2003/10/Serialization/Arrays"><a:double>-0.0035304</a:double><a:double>0.0068889</a:double><a:double>5E-05</a:double></Value></Attribute><Attribute z:Id="i175"><AttributeType>rpy</AttributeType><IsRequired>true</IsRequired><Value i:type="a:ArrayOfdouble" xmlns:a="http://schemas.microsoft.com/2003/10/Serialization/Arrays"><a:double>0</a:double><a:double>0</a:double><a:double>-0.52728</a:double></Value></Attribute></Attributes><ChildElements/><ElementName>origin</ElementName><required>false</required><RPYAttribute z:Ref="i175"/><XYZAttribute z:Ref="i174"/><isCustomized>false</isCustomized></URDFElement><URDFElement z:Id="i176" i:type="ParentLink"><Attributes><Attribute z:Id="i177"><AttributeType>link</AttributeType><IsRequired>true</IsRequired><Value i:type="a:string" xmlns:a="http://www.w3.org/2001/XMLSchema">link_1</Value></Attribute></Attributes><ChildElements/><ElementName>parent</ElementName><required>true</required><NameAttribute z:Ref="i177"/></URDFElement><URDFElement z:Id="i178" i:type="ChildLink"><Attributes><Attribute z:Id="i179"><AttributeType>link</AttributeType><IsRequired>true</IsRequired><Value i:type="a:string" xmlns:a="http://www.w3.org/2001/XMLSchema">link_2</Value></Attribute></Attributes><ChildElements/><ElementName>child</ElementName><required>true</required><NameAttribute z:Ref="i179"/></URDFElement><URDFElement z:Id="i180" i:type="Axis"><Attributes><Attribute z:Id="i181"><AttributeType>xyz</AttributeType><IsRequired>true</IsRequired><Value i:type="a:ArrayOfdouble" xmlns:a="http://schemas.microsoft.com/2003/10/Serialization/Arrays"><a:double>1</a:double><a:double>0</a:double><a:double>0</a:double></Value></Attribute></Attributes><ChildElements/><ElementName>axis</ElementName><required>false</required><XYZAttribute z:Ref="i181"/></URDFElement><URDFElement z:Id="i182" i:type="Limit"><Attributes><Attribute z:Id="i183"><AttributeType>lower</AttributeType><IsRequired>true</IsRequired><Value i:type="a:double" xmlns:a="http://www.w3.org/2001/XMLSchema">-1.57</Value></Attribute><Attribute z:Id="i184"><AttributeType>upper</AttributeType><IsRequired>true</IsRequired><Value i:type="a:double" xmlns:a="http://www.w3.org/2001/XMLSchema">1.57</Value></Attribute><Attribute z:Id="i185"><AttributeType>effort</AttributeType><IsRequired>true</IsRequired><Value i:type="a:double" xmlns:a="http://www.w3.org/2001/XMLSchema">17</Value></Attribute><Attribute z:Id="i186"><AttributeType>velocity</AttributeType><IsRequired>true</IsRequired><Value i:type="a:double" xmlns:a="http://www.w3.org/2001/XMLSchema">6</Value></Attribute></Attributes><ChildElements/><ElementName>limit</ElementName><required>true</required><EffortAttribute z:Ref="i185"/><LowerAttribute z:Ref="i183"/><UpperAttribute z:Ref="i184"/><VelocityAttribute z:Ref="i186"/></URDFElement><URDFElement z:Id="i187" i:type="Calibration"><Attributes><Attribute z:Id="i188"><AttributeType>rising</AttributeType><IsRequired>false</IsRequired><Value i:nil="true"/></Attribute><Attribute z:Id="i189"><AttributeType>falling</AttributeType><IsRequired>false</IsRequired><Value i:nil="true"/></Attribute></Attributes><ChildElements/><ElementName>calibration</ElementName><required>false</required><FallingAttribute z:Ref="i189"/><RisingAttribute z:Ref="i188"/></URDFElement><URDFElement z:Id="i190" i:type="Dynamics"><Attributes><Attribute z:Id="i191"><AttributeType>damping</AttributeType><IsRequired>false</IsRequired><Value i:nil="true"/></Attribute><Attribute z:Id="i192"><AttributeType>friction</AttributeType><IsRequired>false</IsRequired><Value i:nil="true"/></Attribute></Attributes><ChildElements/><ElementName>dynamics</ElementName><required>false</required><DampingAttribute z:Ref="i191"/><FrictionAttribute z:Ref="i192"/></URDFElement><URDFElement z:Id="i193" i:type="SafetyController"><Attributes><Attribute z:Id="i194"><AttributeType>soft_upper_limit</AttributeType><IsRequired>false</IsRequired><Value i:nil="true"/></Attribute><Attribute z:Id="i195"><AttributeType>soft_lower_limit</AttributeType><IsRequired>false</IsRequired><Value i:nil="true"/></Attribute><Attribute z:Id="i196"><AttributeType>k_position</AttributeType><IsRequired>false</IsRequired><Value i:nil="true"/></Attribute><Attribute z:Id="i197"><AttributeType>k_velocity</AttributeType><IsRequired>true</IsRequired><Value i:nil="true"/></Attribute></Attributes><ChildElements/><ElementName>safety_controller</ElementName><required>false</required><KPositionAttribute z:Ref="i196"/><KVelocityAttribute z:Ref="i197"/><SoftLowerAttribute z:Ref="i195"/><SoftUpperAttribute z:Ref="i194"/></URDFElement><URDFElement z:Id="i198" i:type="Mimic"><Attributes><Attribute z:Id="i199"><AttributeType>joint</AttributeType><IsRequired>true</IsRequired><Value i:nil="true"/></Attribute><Attribute z:Id="i200"><AttributeType>multiplier</AttributeType><IsRequired>false</IsRequired><Value i:nil="true"/></Attribute><Attribute z:Id="i201"><AttributeType>offset</AttributeType><IsRequired>false</IsRequired><Value i:nil="true"/></Attribute></Attributes><ChildElements/><ElementName>mimic</ElementName><required>false</required><JointNameAttribute z:Ref="i199"/><MultiplierAttribute z:Ref="i200"/><OffsetAttribute z:Ref="i201"/></URDFElement></ChildElements><ElementName>joint</ElementName><required>false</required><Axis z:Ref="i180"/><AxisName/><Calibration z:Ref="i187"/><Child z:Ref="i178"/><CoordinateSystemName>Origin_joint_22</CoordinateSystemName><Dynamics z:Ref="i190"/><Limit z:Ref="i182"/><Mimic z:Ref="i198"/><NameAttribute z:Ref="i171"/><Origin z:Ref="i173"/><Parent z:Ref="i176"/><Safety z:Ref="i193"/><TypeAttribute z:Ref="i172"/></URDFElement></ChildElements><ElementName>link</ElementName><required>true</required><Children><Link z:Id="i202"><Attributes><Attribute z:Id="i203"><AttributeType>name</AttributeType><IsRequired>true</IsRequired><Value i:type="a:string" xmlns:a="http://www.w3.org/2001/XMLSchema">link_3</Value></Attribute></Attributes><ChildElements><URDFElement z:Id="i204" i:type="Inertial"><Attributes/><ChildElements><URDFElement z:Id="i205" i:type="Origin"><Attributes><Attribute z:Id="i206"><AttributeType>xyz</AttributeType><IsRequired>true</IsRequired><Value i:type="a:ArrayOfdouble" xmlns:a="http://schemas.microsoft.com/2003/10/Serialization/Arrays"><a:double>0.0065316128521103745</a:double><a:double>-0.019933238616653713</a:double><a:double>4.308115159751269E-08</a:double></Value></Attribute><Attribute z:Id="i207"><AttributeType>rpy</AttributeType><IsRequired>true</IsRequired><Value i:type="a:ArrayOfdouble" xmlns:a="http://schemas.microsoft.com/2003/10/Serialization/Arrays"><a:double>0</a:double><a:double>0</a:double><a:double>0</a:double></Value></Attribute></Attributes><ChildElements/><ElementName>origin</ElementName><required>false</required><RPYAttribute z:Ref="i207"/><XYZAttribute z:Ref="i206"/><isCustomized>false</isCustomized></URDFElement><URDFElement z:Id="i208" i:type="Mass"><Attributes><Attribute z:Id="i209"><AttributeType>value</AttributeType><IsRequired>true</IsRequired><Value i:type="a:double" xmlns:a="http://www.w3.org/2001/XMLSchema">0.070505825884653109</Value></Attribute></Attributes><ChildElements/><ElementName>mass</ElementName><required>false</required><ValueAttribute z:Ref="i209"/></URDFElement><URDFElement z:Id="i210" i:type="Inertia"><Attributes><Attribute z:Id="i211"><AttributeType>ixx</AttributeType><IsRequired>true</IsRequired><Value i:type="a:double" xmlns:a="http://www.w3.org/2001/XMLSchema">2.0663812158650806E-05</Value></Attribute><Attribute z:Id="i212"><AttributeType>ixy</AttributeType><IsRequired>true</IsRequired><Value i:type="a:double" xmlns:a="http://www.w3.org/2001/XMLSchema">-2.6709029095480383E-09</Value></Attribute><Attribute z:Id="i213"><AttributeType>ixz</AttributeType><IsRequired>true</IsRequired><Value i:type="a:double" xmlns:a="http://www.w3.org/2001/XMLSchema">5.5819814824455754E-11</Value></Attribute><Attribute z:Id="i214"><AttributeType>iyy</AttributeType><IsRequired>true</IsRequired><Value i:type="a:double" xmlns:a="http://www.w3.org/2001/XMLSchema">1.3863305056383187E-05</Value></Attribute><Attribute z:Id="i215"><AttributeType>iyz</AttributeType><IsRequired>true</IsRequired><Value i:type="a:double" xmlns:a="http://www.w3.org/2001/XMLSchema">4.440119459525393E-11</Value></Attribute><Attribute z:Id="i216"><AttributeType>izz</AttributeType><IsRequired>true</IsRequired><Value i:type="a:double" xmlns:a="http://www.w3.org/2001/XMLSchema">2.9845578372942627E-05</Value></Attribute></Attributes><ChildElements/><ElementName>inertia</ElementName><required>false</required><IxxAttribute z:Ref="i211"/><IxyAttribute z:Ref="i212"/><IxzAttribute z:Ref="i213"/><IyyAttribute z:Ref="i214"/><IyzAttribute z:Ref="i215"/><IzzAttribute z:Ref="i216"/></URDFElement></ChildElements><ElementName>inertial</ElementName><required>false</required><Inertia z:Ref="i210"/><Mass z:Ref="i208"/><Origin z:Ref="i205"/></URDFElement><URDFElement z:Id="i217" i:type="Visual"><Attributes/><ChildElements><URDFElement z:Id="i218" i:type="Origin"><Attributes><Attribute z:Id="i219"><AttributeType>xyz</AttributeType><IsRequired>true</IsRequired><Value i:type="a:ArrayOfdouble" xmlns:a="http://schemas.microsoft.com/2003/10/Serialization/Arrays"><a:double>0</a:double><a:double>0</a:double><a:double>0</a:double></Value></Attribute><Attribute z:Id="i220"><AttributeType>rpy</AttributeType><IsRequired>true</IsRequired><Value i:type="a:ArrayOfdouble" xmlns:a="http://schemas.microsoft.com/2003/10/Serialization/Arrays"><a:double>0</a:double><a:double>0</a:double><a:double>0</a:double></Value></Attribute></Attributes><ChildElements/><ElementName>origin</ElementName><required>false</required><RPYAttribute z:Ref="i220"/><XYZAttribute z:Ref="i219"/><isCustomized>false</isCustomized></URDFElement><URDFElement z:Id="i221" i:type="Geometry"><Attributes/><ChildElements><URDFElement z:Id="i222" i:type="Mesh"><Attributes><Attribute z:Id="i223"><AttributeType>filename</AttributeType><IsRequired>true</IsRequired><Value i:nil="true"/></Attribute></Attributes><ChildElements/><ElementName>mesh</ElementName><required>false</required><FilenameAttribute z:Ref="i223"/></URDFElement></ChildElements><ElementName>geometry</ElementName><required>true</required><Mesh z:Ref="i222"/></URDFElement><URDFElement z:Id="i224" i:type="Material"><Attributes><Attribute z:Id="i225"><AttributeType>name</AttributeType><IsRequired>true</IsRequired><Value i:type="a:string" xmlns:a="http://www.w3.org/2001/XMLSchema"/></Attribute></Attributes><ChildElements><URDFElement z:Id="i226" i:type="Color"><Attributes><Attribute z:Id="i227"><AttributeType>rgba</AttributeType><IsRequired>true</IsRequired><Value i:type="a:ArrayOfdouble" xmlns:a="http://schemas.microsoft.com/2003/10/Serialization/Arrays"><a:double>0.792156862745098</a:double><a:double>0.81960784313725488</a:double><a:double>0.93333333333333335</a:double><a:double>1</a:double></Value></Attribute></Attributes><ChildElements/><ElementName>color</ElementName><required>false</required><RGBAAttribute z:Ref="i227"/></URDFElement><URDFElement z:Id="i228" i:type="Texture"><Attributes><Attribute z:Id="i229"><AttributeType>filename</AttributeType><IsRequired>true</IsRequired><Value i:nil="true"/></Attribute></Attributes><ChildElements/><ElementName>texture</ElementName><required>false</required><FilenameAttribute z:Ref="i229"/><wFilename/></URDFElement></ChildElements><ElementName>material</ElementName><required>false</required><Color z:Ref="i226"/><NameAttribute z:Ref="i225"/><Texture z:Ref="i228"/></URDFElement></ChildElements><ElementName>visual</ElementName><required>false</required><Geometry z:Ref="i221"/><Material z:Ref="i224"/><Origin z:Ref="i218"/></URDFElement><URDFElement z:Id="i230" i:type="Collision"><Attributes/><ChildElements><URDFElement z:Id="i231" i:type="Origin"><Attributes><Attribute z:Id="i232"><AttributeType>xyz</AttributeType><IsRequired>true</IsRequired><Value i:type="a:ArrayOfdouble" xmlns:a="http://schemas.microsoft.com/2003/10/Serialization/Arrays"><a:double>0</a:double><a:double>0</a:double><a:double>0</a:double></Value></Attribute><Attribute z:Id="i233"><AttributeType>rpy</AttributeType><IsRequired>true</IsRequired><Value i:type="a:ArrayOfdouble" xmlns:a="http://schemas.microsoft.com/2003/10/Serialization/Arrays"><a:double>0</a:double><a:double>0</a:double><a:double>0</a:double></Value></Attribute></Attributes><ChildElements/><ElementName>origin</ElementName><required>false</required><RPYAttribute z:Ref="i233"/><XYZAttribute z:Ref="i232"/><isCustomized>false</isCustomized></URDFElement><URDFElement z:Id="i234" i:type="Geometry"><Attributes/><ChildElements><URDFElement z:Id="i235" i:type="Mesh"><Attributes><Attribute z:Id="i236"><AttributeType>filename</AttributeType><IsRequired>true</IsRequired><Value i:nil="true"/></Attribute></Attributes><ChildElements/><ElementName>mesh</ElementName><required>false</required><FilenameAttribute z:Ref="i236"/></URDFElement></ChildElements><ElementName>geometry</ElementName><required>true</required><Mesh z:Ref="i235"/></URDFElement></ChildElements><ElementName>collision</ElementName><required>false</required><Geometry z:Ref="i234"/><Origin z:Ref="i231"/></URDFElement><URDFElement z:Id="i237" i:type="Joint"><Attributes><Attribute z:Id="i238"><AttributeType>name</AttributeType><IsRequired>true</IsRequired><Value i:type="a:string" xmlns:a="http://www.w3.org/2001/XMLSchema">joint_3</Value></Attribute><Attribute z:Id="i239"><AttributeType>type</AttributeType><IsRequired>true</IsRequired><Value i:type="a:string" xmlns:a="http://www.w3.org/2001/XMLSchema">revolute</Value></Attribute></Attributes><ChildElements><URDFElement z:Id="i240" i:type="Origin"><Attributes><Attribute z:Id="i241"><AttributeType>xyz</AttributeType><IsRequired>true</IsRequired><Value i:type="a:ArrayOfdouble" xmlns:a="http://schemas.microsoft.com/2003/10/Serialization/Arrays"><a:double>0.14167</a:double><a:double>0.034057</a:double><a:double>0.0066836</a:double></Value></Attribute><Attribute z:Id="i242"><AttributeType>rpy</AttributeType><IsRequired>true</IsRequired><Value i:type="a:ArrayOfdouble" xmlns:a="http://schemas.microsoft.com/2003/10/Serialization/Arrays"><a:double>2.8085</a:double><a:double>1.5708</a:double><a:double>0</a:double></Value></Attribute></Attributes><ChildElements/><ElementName>origin</ElementName><required>false</required><RPYAttribute z:Ref="i242"/><XYZAttribute z:Ref="i241"/><isCustomized>false</isCustomized></URDFElement><URDFElement z:Id="i243" i:type="ParentLink"><Attributes><Attribute z:Id="i244"><AttributeType>link</AttributeType><IsRequired>true</IsRequired><Value i:type="a:string" xmlns:a="http://www.w3.org/2001/XMLSchema">link_2</Value></Attribute></Attributes><ChildElements/><ElementName>parent</ElementName><required>true</required><NameAttribute z:Ref="i244"/></URDFElement><URDFElement z:Id="i245" i:type="ChildLink"><Attributes><Attribute z:Id="i246"><AttributeType>link</AttributeType><IsRequired>true</IsRequired><Value i:type="a:string" xmlns:a="http://www.w3.org/2001/XMLSchema">link_3</Value></Attribute></Attributes><ChildElements/><ElementName>child</ElementName><required>true</required><NameAttribute z:Ref="i246"/></URDFElement><URDFElement z:Id="i247" i:type="Axis"><Attributes><Attribute z:Id="i248"><AttributeType>xyz</AttributeType><IsRequired>true</IsRequired><Value i:type="a:ArrayOfdouble" xmlns:a="http://schemas.microsoft.com/2003/10/Serialization/Arrays"><a:double>1</a:double><a:double>0</a:double><a:double>0</a:double></Value></Attribute></Attributes><ChildElements/><ElementName>axis</ElementName><required>false</required><XYZAttribute z:Ref="i248"/></URDFElement><URDFElement z:Id="i249" i:type="Limit"><Attributes><Attribute z:Id="i250"><AttributeType>lower</AttributeType><IsRequired>true</IsRequired><Value i:type="a:double" xmlns:a="http://www.w3.org/2001/XMLSchema">-1.57</Value></Attribute><Attribute z:Id="i251"><AttributeType>upper</AttributeType><IsRequired>true</IsRequired><Value i:type="a:double" xmlns:a="http://www.w3.org/2001/XMLSchema">1.57</Value></Attribute><Attribute z:Id="i252"><AttributeType>effort</AttributeType><IsRequired>true</IsRequired><Value i:type="a:double" xmlns:a="http://www.w3.org/2001/XMLSchema">17</Value></Attribute><Attribute z:Id="i253"><AttributeType>velocity</AttributeType><IsRequired>true</IsRequired><Value i:type="a:double" xmlns:a="http://www.w3.org/2001/XMLSchema">6</Value></Attribute></Attributes><ChildElements/><ElementName>limit</ElementName><required>true</required><EffortAttribute z:Ref="i252"/><LowerAttribute z:Ref="i250"/><UpperAttribute z:Ref="i251"/><VelocityAttribute z:Ref="i253"/></URDFElement><URDFElement z:Id="i254" i:type="Calibration"><Attributes><Attribute z:Id="i255"><AttributeType>rising</AttributeType><IsRequired>false</IsRequired><Value i:nil="true"/></Attribute><Attribute z:Id="i256"><AttributeType>falling</AttributeType><IsRequired>false</IsRequired><Value i:nil="true"/></Attribute></Attributes><ChildElements/><ElementName>calibration</ElementName><required>false</required><FallingAttribute z:Ref="i256"/><RisingAttribute z:Ref="i255"/></URDFElement><URDFElement z:Id="i257" i:type="Dynamics"><Attributes><Attribute z:Id="i258"><AttributeType>damping</AttributeType><IsRequired>false</IsRequired><Value i:nil="true"/></Attribute><Attribute z:Id="i259"><AttributeType>friction</AttributeType><IsRequired>false</IsRequired><Value i:nil="true"/></Attribute></Attributes><ChildElements/><ElementName>dynamics</ElementName><required>false</required><DampingAttribute z:Ref="i258"/><FrictionAttribute z:Ref="i259"/></URDFElement><URDFElement z:Id="i260" i:type="SafetyController"><Attributes><Attribute z:Id="i261"><AttributeType>soft_upper_limit</AttributeType><IsRequired>false</IsRequired><Value i:nil="true"/></Attribute><Attribute z:Id="i262"><AttributeType>soft_lower_limit</AttributeType><IsRequired>false</IsRequired><Value i:nil="true"/></Attribute><Attribute z:Id="i263"><AttributeType>k_position</AttributeType><IsRequired>false</IsRequired><Value i:nil="true"/></Attribute><Attribute z:Id="i264"><AttributeType>k_velocity</AttributeType><IsRequired>true</IsRequired><Value i:nil="true"/></Attribute></Attributes><ChildElements/><ElementName>safety_controller</ElementName><required>false</required><KPositionAttribute z:Ref="i263"/><KVelocityAttribute z:Ref="i264"/><SoftLowerAttribute z:Ref="i262"/><SoftUpperAttribute z:Ref="i261"/></URDFElement><URDFElement z:Id="i265" i:type="Mimic"><Attributes><Attribute z:Id="i266"><AttributeType>joint</AttributeType><IsRequired>true</IsRequired><Value i:nil="true"/></Attribute><Attribute z:Id="i267"><AttributeType>multiplier</AttributeType><IsRequired>false</IsRequired><Value i:nil="true"/></Attribute><Attribute z:Id="i268"><AttributeType>offset</AttributeType><IsRequired>false</IsRequired><Value i:nil="true"/></Attribute></Attributes><ChildElements/><ElementName>mimic</ElementName><required>false</required><JointNameAttribute z:Ref="i266"/><MultiplierAttribute z:Ref="i267"/><OffsetAttribute z:Ref="i268"/></URDFElement></ChildElements><ElementName>joint</ElementName><required>false</required><Axis z:Ref="i247"/><AxisName/><Calibration z:Ref="i254"/><Child z:Ref="i245"/><CoordinateSystemName>Origin_joint_32</CoordinateSystemName><Dynamics z:Ref="i257"/><Limit z:Ref="i249"/><Mimic z:Ref="i265"/><NameAttribute z:Ref="i238"/><Origin z:Ref="i240"/><Parent z:Ref="i243"/><Safety z:Ref="i260"/><TypeAttribute z:Ref="i239"/></URDFElement></ChildElements><ElementName>link</ElementName><required>true</required><Children><Link z:Id="i269"><Attributes><Attribute z:Id="i270"><AttributeType>name</AttributeType><IsRequired>true</IsRequired><Value i:type="a:string" xmlns:a="http://www.w3.org/2001/XMLSchema">Link_4</Value></Attribute></Attributes><ChildElements><URDFElement z:Id="i271" i:type="Inertial"><Attributes/><ChildElements><URDFElement z:Id="i272" i:type="Origin"><Attributes><Attribute z:Id="i273"><AttributeType>xyz</AttributeType><IsRequired>true</IsRequired><Value i:type="a:ArrayOfdouble" xmlns:a="http://schemas.microsoft.com/2003/10/Serialization/Arrays"><a:double>-0.019343435665807398</a:double><a:double>0.010000810732903903</a:double><a:double>0.00014723635060076568</a:double></Value></Attribute><Attribute z:Id="i274"><AttributeType>rpy</AttributeType><IsRequired>true</IsRequired><Value i:type="a:ArrayOfdouble" xmlns:a="http://schemas.microsoft.com/2003/10/Serialization/Arrays"><a:double>0</a:double><a:double>0</a:double><a:double>0</a:double></Value></Attribute></Attributes><ChildElements/><ElementName>origin</ElementName><required>false</required><RPYAttribute z:Ref="i274"/><XYZAttribute z:Ref="i273"/><isCustomized>false</isCustomized></URDFElement><URDFElement z:Id="i275" i:type="Mass"><Attributes><Attribute z:Id="i276"><AttributeType>value</AttributeType><IsRequired>true</IsRequired><Value i:type="a:double" xmlns:a="http://www.w3.org/2001/XMLSchema">0.059353775162953294</Value></Attribute></Attributes><ChildElements/><ElementName>mass</ElementName><required>false</required><ValueAttribute z:Ref="i276"/></URDFElement><URDFElement z:Id="i277" i:type="Inertia"><Attributes><Attribute z:Id="i278"><AttributeType>ixx</AttributeType><IsRequired>true</IsRequired><Value i:type="a:double" xmlns:a="http://www.w3.org/2001/XMLSchema">1.0530614274401899E-05</Value></Attribute><Attribute z:Id="i279"><AttributeType>ixy</AttributeType><IsRequired>true</IsRequired><Value i:type="a:double" xmlns:a="http://www.w3.org/2001/XMLSchema">8.8177282882323543E-11</Value></Attribute><Attribute z:Id="i280"><AttributeType>ixz</AttributeType><IsRequired>true</IsRequired><Value i:type="a:double" xmlns:a="http://www.w3.org/2001/XMLSchema">-2.5428423535120324E-08</Value></Attribute><Attribute z:Id="i281"><AttributeType>iyy</AttributeType><IsRequired>true</IsRequired><Value i:type="a:double" xmlns:a="http://www.w3.org/2001/XMLSchema">1.595722968235888E-05</Value></Attribute><Attribute z:Id="i282"><AttributeType>iyz</AttributeType><IsRequired>true</IsRequired><Value i:type="a:double" xmlns:a="http://www.w3.org/2001/XMLSchema">5.569174403893034E-11</Value></Attribute><Attribute z:Id="i283"><AttributeType>izz</AttributeType><IsRequired>true</IsRequired><Value i:type="a:double" xmlns:a="http://www.w3.org/2001/XMLSchema">9.2451600436859629E-06</Value></Attribute></Attributes><ChildElements/><ElementName>inertia</ElementName><required>false</required><IxxAttribute z:Ref="i278"/><IxyAttribute z:Ref="i279"/><IxzAttribute z:Ref="i280"/><IyyAttribute z:Ref="i281"/><IyzAttribute z:Ref="i282"/><IzzAttribute z:Ref="i283"/></URDFElement></ChildElements><ElementName>inertial</ElementName><required>false</required><Inertia z:Ref="i277"/><Mass z:Ref="i275"/><Origin z:Ref="i272"/></URDFElement><URDFElement z:Id="i284" i:type="Visual"><Attributes/><ChildElements><URDFElement z:Id="i285" i:type="Origin"><Attributes><Attribute z:Id="i286"><AttributeType>xyz</AttributeType><IsRequired>true</IsRequired><Value i:type="a:ArrayOfdouble" xmlns:a="http://schemas.microsoft.com/2003/10/Serialization/Arrays"><a:double>0</a:double><a:double>0</a:double><a:double>0</a:double></Value></Attribute><Attribute z:Id="i287"><AttributeType>rpy</AttributeType><IsRequired>true</IsRequired><Value i:type="a:ArrayOfdouble" xmlns:a="http://schemas.microsoft.com/2003/10/Serialization/Arrays"><a:double>0</a:double><a:double>0</a:double><a:double>0</a:double></Value></Attribute></Attributes><ChildElements/><ElementName>origin</ElementName><required>false</required><RPYAttribute z:Ref="i287"/><XYZAttribute z:Ref="i286"/><isCustomized>false</isCustomized></URDFElement><URDFElement z:Id="i288" i:type="Geometry"><Attributes/><ChildElements><URDFElement z:Id="i289" i:type="Mesh"><Attributes><Attribute z:Id="i290"><AttributeType>filename</AttributeType><IsRequired>true</IsRequired><Value i:nil="true"/></Attribute></Attributes><ChildElements/><ElementName>mesh</ElementName><required>false</required><FilenameAttribute z:Ref="i290"/></URDFElement></ChildElements><ElementName>geometry</ElementName><required>true</required><Mesh z:Ref="i289"/></URDFElement><URDFElement z:Id="i291" i:type="Material"><Attributes><Attribute z:Id="i292"><AttributeType>name</AttributeType><IsRequired>true</IsRequired><Value i:type="a:string" xmlns:a="http://www.w3.org/2001/XMLSchema"/></Attribute></Attributes><ChildElements><URDFElement z:Id="i293" i:type="Color"><Attributes><Attribute z:Id="i294"><AttributeType>rgba</AttributeType><IsRequired>true</IsRequired><Value i:type="a:ArrayOfdouble" xmlns:a="http://schemas.microsoft.com/2003/10/Serialization/Arrays"><a:double>0.792156862745098</a:double><a:double>0.81960784313725488</a:double><a:double>0.93333333333333335</a:double><a:double>1</a:double></Value></Attribute></Attributes><ChildElements/><ElementName>color</ElementName><required>false</required><RGBAAttribute z:Ref="i294"/></URDFElement><URDFElement z:Id="i295" i:type="Texture"><Attributes><Attribute z:Id="i296"><AttributeType>filename</AttributeType><IsRequired>true</IsRequired><Value i:nil="true"/></Attribute></Attributes><ChildElements/><ElementName>texture</ElementName><required>false</required><FilenameAttribute z:Ref="i296"/><wFilename/></URDFElement></ChildElements><ElementName>material</ElementName><required>false</required><Color z:Ref="i293"/><NameAttribute z:Ref="i292"/><Texture z:Ref="i295"/></URDFElement></ChildElements><ElementName>visual</ElementName><required>false</required><Geometry z:Ref="i288"/><Material z:Ref="i291"/><Origin z:Ref="i285"/></URDFElement><URDFElement z:Id="i297" i:type="Collision"><Attributes/><ChildElements><URDFElement z:Id="i298" i:type="Origin"><Attributes><Attribute z:Id="i299"><AttributeType>xyz</AttributeType><IsRequired>true</IsRequired><Value i:type="a:ArrayOfdouble" xmlns:a="http://schemas.microsoft.com/2003/10/Serialization/Arrays"><a:double>0</a:double><a:double>0</a:double><a:double>0</a:double></Value></Attribute><Attribute z:Id="i300"><AttributeType>rpy</AttributeType><IsRequired>true</IsRequired><Value i:type="a:ArrayOfdouble" xmlns:a="http://schemas.microsoft.com/2003/10/Serialization/Arrays"><a:double>0</a:double><a:double>0</a:double><a:double>0</a:double></Value></Attribute></Attributes><ChildElements/><ElementName>origin</ElementName><required>false</required><RPYAttribute z:Ref="i300"/><XYZAttribute z:Ref="i299"/><isCustomized>false</isCustomized></URDFElement><URDFElement z:Id="i301" i:type="Geometry"><Attributes/><ChildElements><URDFElement z:Id="i302" i:type="Mesh"><Attributes><Attribute z:Id="i303"><AttributeType>filename</AttributeType><IsRequired>true</IsRequired><Value i:nil="true"/></Attribute></Attributes><ChildElements/><ElementName>mesh</ElementName><required>false</required><FilenameAttribute z:Ref="i303"/></URDFElement></ChildElements><ElementName>geometry</ElementName><required>true</required><Mesh z:Ref="i302"/></URDFElement></ChildElements><ElementName>collision</ElementName><required>false</required><Geometry z:Ref="i301"/><Origin z:Ref="i298"/></URDFElement><URDFElement z:Id="i304" i:type="Joint"><Attributes><Attribute z:Id="i305"><AttributeType>name</AttributeType><IsRequired>true</IsRequired><Value i:type="a:string" xmlns:a="http://www.w3.org/2001/XMLSchema">joint_4</Value></Attribute><Attribute z:Id="i306"><AttributeType>type</AttributeType><IsRequired>true</IsRequired><Value i:type="a:string" xmlns:a="http://www.w3.org/2001/XMLSchema">revolute</Value></Attribute></Attributes><ChildElements><URDFElement z:Id="i307" i:type="Origin"><Attributes><Attribute z:Id="i308"><AttributeType>xyz</AttributeType><IsRequired>true</IsRequired><Value i:type="a:ArrayOfdouble" xmlns:a="http://schemas.microsoft.com/2003/10/Serialization/Arrays"><a:double>0.0058687</a:double><a:double>-0.10605</a:double><a:double>0.014804</a:double></Value></Attribute><Attribute z:Id="i309"><AttributeType>rpy</AttributeType><IsRequired>true</IsRequired><Value i:type="a:ArrayOfdouble" xmlns:a="http://schemas.microsoft.com/2003/10/Serialization/Arrays"><a:double>-1.5708</a:double><a:double>0.73124</a:double><a:double>1.5708</a:double></Value></Attribute></Attributes><ChildElements/><ElementName>origin</ElementName><required>false</required><RPYAttribute z:Ref="i309"/><XYZAttribute z:Ref="i308"/><isCustomized>false</isCustomized></URDFElement><URDFElement z:Id="i310" i:type="ParentLink"><Attributes><Attribute z:Id="i311"><AttributeType>link</AttributeType><IsRequired>true</IsRequired><Value i:type="a:string" xmlns:a="http://www.w3.org/2001/XMLSchema">link_3</Value></Attribute></Attributes><ChildElements/><ElementName>parent</ElementName><required>true</required><NameAttribute z:Ref="i311"/></URDFElement><URDFElement z:Id="i312" i:type="ChildLink"><Attributes><Attribute z:Id="i313"><AttributeType>link</AttributeType><IsRequired>true</IsRequired><Value i:type="a:string" xmlns:a="http://www.w3.org/2001/XMLSchema">Link_4</Value></Attribute></Attributes><ChildElements/><ElementName>child</ElementName><required>true</required><NameAttribute z:Ref="i313"/></URDFElement><URDFElement z:Id="i314" i:type="Axis"><Attributes><Attribute z:Id="i315"><AttributeType>xyz</AttributeType><IsRequired>true</IsRequired><Value i:type="a:ArrayOfdouble" xmlns:a="http://schemas.microsoft.com/2003/10/Serialization/Arrays"><a:double>1</a:double><a:double>0</a:double><a:double>0</a:double></Value></Attribute></Attributes><ChildElements/><ElementName>axis</ElementName><required>false</required><XYZAttribute z:Ref="i315"/></URDFElement><URDFElement z:Id="i316" i:type="Limit"><Attributes><Attribute z:Id="i317"><AttributeType>lower</AttributeType><IsRequired>true</IsRequired><Value i:type="a:double" xmlns:a="http://www.w3.org/2001/XMLSchema">-1.57</Value></Attribute><Attribute z:Id="i318"><AttributeType>upper</AttributeType><IsRequired>true</IsRequired><Value i:type="a:double" xmlns:a="http://www.w3.org/2001/XMLSchema">1.57</Value></Attribute><Attribute z:Id="i319"><AttributeType>effort</AttributeType><IsRequired>true</IsRequired><Value i:type="a:double" xmlns:a="http://www.w3.org/2001/XMLSchema">17</Value></Attribute><Attribute z:Id="i320"><AttributeType>velocity</AttributeType><IsRequired>true</IsRequired><Value i:type="a:double" xmlns:a="http://www.w3.org/2001/XMLSchema">6</Value></Attribute></Attributes><ChildElements/><ElementName>limit</ElementName><required>true</required><EffortAttribute z:Ref="i319"/><LowerAttribute z:Ref="i317"/><UpperAttribute z:Ref="i318"/><VelocityAttribute z:Ref="i320"/></URDFElement><URDFElement z:Id="i321" i:type="Calibration"><Attributes><Attribute z:Id="i322"><AttributeType>rising</AttributeType><IsRequired>false</IsRequired><Value i:nil="true"/></Attribute><Attribute z:Id="i323"><AttributeType>falling</AttributeType><IsRequired>false</IsRequired><Value i:nil="true"/></Attribute></Attributes><ChildElements/><ElementName>calibration</ElementName><required>false</required><FallingAttribute z:Ref="i323"/><RisingAttribute z:Ref="i322"/></URDFElement><URDFElement z:Id="i324" i:type="Dynamics"><Attributes><Attribute z:Id="i325"><AttributeType>damping</AttributeType><IsRequired>false</IsRequired><Value i:nil="true"/></Attribute><Attribute z:Id="i326"><AttributeType>friction</AttributeType><IsRequired>false</IsRequired><Value i:nil="true"/></Attribute></Attributes><ChildElements/><ElementName>dynamics</ElementName><required>false</required><DampingAttribute z:Ref="i325"/><FrictionAttribute z:Ref="i326"/></URDFElement><URDFElement z:Id="i327" i:type="SafetyController"><Attributes><Attribute z:Id="i328"><AttributeType>soft_upper_limit</AttributeType><IsRequired>false</IsRequired><Value i:nil="true"/></Attribute><Attribute z:Id="i329"><AttributeType>soft_lower_limit</AttributeType><IsRequired>false</IsRequired><Value i:nil="true"/></Attribute><Attribute z:Id="i330"><AttributeType>k_position</AttributeType><IsRequired>false</IsRequired><Value i:nil="true"/></Attribute><Attribute z:Id="i331"><AttributeType>k_velocity</AttributeType><IsRequired>true</IsRequired><Value i:nil="true"/></Attribute></Attributes><ChildElements/><ElementName>safety_controller</ElementName><required>false</required><KPositionAttribute z:Ref="i330"/><KVelocityAttribute z:Ref="i331"/><SoftLowerAttribute z:Ref="i329"/><SoftUpperAttribute z:Ref="i328"/></URDFElement><URDFElement z:Id="i332" i:type="Mimic"><Attributes><Attribute z:Id="i333"><AttributeType>joint</AttributeType><IsRequired>true</IsRequired><Value i:nil="true"/></Attribute><Attribute z:Id="i334"><AttributeType>multiplier</AttributeType><IsRequired>false</IsRequired><Value i:nil="true"/></Attribute><Attribute z:Id="i335"><AttributeType>offset</AttributeType><IsRequired>false</IsRequired><Value i:nil="true"/></Attribute></Attributes><ChildElements/><ElementName>mimic</ElementName><required>false</required><JointNameAttribute z:Ref="i333"/><MultiplierAttribute z:Ref="i334"/><OffsetAttribute z:Ref="i335"/></URDFElement></ChildElements><ElementName>joint</ElementName><required>false</required><Axis z:Ref="i314"/><AxisName/><Calibration z:Ref="i321"/><Child z:Ref="i312"/><CoordinateSystemName>Origin_joint_42</CoordinateSystemName><Dynamics z:Ref="i324"/><Limit z:Ref="i316"/><Mimic z:Ref="i332"/><NameAttribute z:Ref="i305"/><Origin z:Ref="i307"/><Parent z:Ref="i310"/><Safety z:Ref="i327"/><TypeAttribute z:Ref="i306"/></URDFElement></ChildElements><ElementName>link</ElementName><required>true</required><Children><Link z:Id="i336"><Attributes><Attribute z:Id="i337"><AttributeType>name</AttributeType><IsRequired>true</IsRequired><Value i:type="a:string" xmlns:a="http://www.w3.org/2001/XMLSchema">grab</Value></Attribute></Attributes><ChildElements><URDFElement z:Id="i338" i:type="Inertial"><Attributes/><ChildElements><URDFElement z:Id="i339" i:type="Origin"><Attributes><Attribute z:Id="i340"><AttributeType>xyz</AttributeType><IsRequired>true</IsRequired><Value i:type="a:ArrayOfdouble" xmlns:a="http://schemas.microsoft.com/2003/10/Serialization/Arrays"><a:double>0.030736</a:double><a:double>0.046969</a:double><a:double>0.0036819</a:double></Value></Attribute><Attribute z:Id="i341"><AttributeType>rpy</AttributeType><IsRequired>true</IsRequired><Value i:type="a:ArrayOfdouble" xmlns:a="http://schemas.microsoft.com/2003/10/Serialization/Arrays"><a:double>0</a:double><a:double>0</a:double><a:double>0</a:double></Value></Attribute></Attributes><ChildElements/><ElementName>origin</ElementName><required>false</required><RPYAttribute z:Ref="i341"/><XYZAttribute z:Ref="i340"/><isCustomized>false</isCustomized></URDFElement><URDFElement z:Id="i342" i:type="Mass"><Attributes><Attribute z:Id="i343"><AttributeType>value</AttributeType><IsRequired>true</IsRequired><Value i:type="a:double" xmlns:a="http://www.w3.org/2001/XMLSchema">0.021709</Value></Attribute></Attributes><ChildElements/><ElementName>mass</ElementName><required>false</required><ValueAttribute z:Ref="i343"/></URDFElement><URDFElement z:Id="i344" i:type="Inertia"><Attributes><Attribute z:Id="i345"><AttributeType>ixx</AttributeType><IsRequired>true</IsRequired><Value i:type="a:double" xmlns:a="http://www.w3.org/2001/XMLSchema">5.0488E-06</Value></Attribute><Attribute z:Id="i346"><AttributeType>ixy</AttributeType><IsRequired>true</IsRequired><Value i:type="a:double" xmlns:a="http://www.w3.org/2001/XMLSchema">6.4622E-08</Value></Attribute><Attribute z:Id="i347"><AttributeType>ixz</AttributeType><IsRequired>true</IsRequired><Value i:type="a:double" xmlns:a="http://www.w3.org/2001/XMLSchema">-2.0046E-12</Value></Attribute><Attribute z:Id="i348"><AttributeType>iyy</AttributeType><IsRequired>true</IsRequired><Value i:type="a:double" xmlns:a="http://www.w3.org/2001/XMLSchema">2.0398E-06</Value></Attribute><Attribute z:Id="i349"><AttributeType>iyz</AttributeType><IsRequired>true</IsRequired><Value i:type="a:double" xmlns:a="http://www.w3.org/2001/XMLSchema">4.7424E-12</Value></Attribute><Attribute z:Id="i350"><AttributeType>izz</AttributeType><IsRequired>true</IsRequired><Value i:type="a:double" xmlns:a="http://www.w3.org/2001/XMLSchema">7.0141E-06</Value></Attribute></Attributes><ChildElements/><ElementName>inertia</ElementName><required>false</required><IxxAttribute z:Ref="i345"/><IxyAttribute z:Ref="i346"/><IxzAttribute z:Ref="i347"/><IyyAttribute z:Ref="i348"/><IyzAttribute z:Ref="i349"/><IzzAttribute z:Ref="i350"/></URDFElement></ChildElements><ElementName>inertial</ElementName><required>false</required><Inertia z:Ref="i344"/><Mass z:Ref="i342"/><Origin z:Ref="i339"/></URDFElement><URDFElement z:Id="i351" i:type="Visual"><Attributes/><ChildElements><URDFElement z:Id="i352" i:type="Origin"><Attributes><Attribute z:Id="i353"><AttributeType>xyz</AttributeType><IsRequired>true</IsRequired><Value i:type="a:ArrayOfdouble" xmlns:a="http://schemas.microsoft.com/2003/10/Serialization/Arrays"><a:double>0</a:double><a:double>0</a:double><a:double>0</a:double></Value></Attribute><Attribute z:Id="i354"><AttributeType>rpy</AttributeType><IsRequired>true</IsRequired><Value i:type="a:ArrayOfdouble" xmlns:a="http://schemas.microsoft.com/2003/10/Serialization/Arrays"><a:double>0</a:double><a:double>0</a:double><a:double>0</a:double></Value></Attribute></Attributes><ChildElements/><ElementName>origin</ElementName><required>false</required><RPYAttribute z:Ref="i354"/><XYZAttribute z:Ref="i353"/><isCustomized>false</isCustomized></URDFElement><URDFElement z:Id="i355" i:type="Geometry"><Attributes/><ChildElements><URDFElement z:Id="i356" i:type="Mesh"><Attributes><Attribute z:Id="i357"><AttributeType>filename</AttributeType><IsRequired>true</IsRequired><Value i:nil="true"/></Attribute></Attributes><ChildElements/><ElementName>mesh</ElementName><required>false</required><FilenameAttribute z:Ref="i357"/></URDFElement></ChildElements><ElementName>geometry</ElementName><required>true</required><Mesh z:Ref="i356"/></URDFElement><URDFElement z:Id="i358" i:type="Material"><Attributes><Attribute z:Id="i359"><AttributeType>name</AttributeType><IsRequired>true</IsRequired><Value i:type="a:string" xmlns:a="http://www.w3.org/2001/XMLSchema"/></Attribute></Attributes><ChildElements><URDFElement z:Id="i360" i:type="Color"><Attributes><Attribute z:Id="i361"><AttributeType>rgba</AttributeType><IsRequired>true</IsRequired><Value i:type="a:ArrayOfdouble" xmlns:a="http://schemas.microsoft.com/2003/10/Serialization/Arrays"><a:double>0.79216</a:double><a:double>0.81961</a:double><a:double>0.93333</a:double><a:double>1</a:double></Value></Attribute></Attributes><ChildElements/><ElementName>color</ElementName><required>false</required><RGBAAttribute z:Ref="i361"/></URDFElement><URDFElement z:Id="i362" i:type="Texture"><Attributes><Attribute z:Id="i363"><AttributeType>filename</AttributeType><IsRequired>true</IsRequired><Value i:nil="true"/></Attribute></Attributes><ChildElements/><ElementName>texture</ElementName><required>false</required><FilenameAttribute z:Ref="i363"/><wFilename/></URDFElement></ChildElements><ElementName>material</ElementName><required>false</required><Color z:Ref="i360"/><NameAttribute z:Ref="i359"/><Texture z:Ref="i362"/></URDFElement></ChildElements><ElementName>visual</ElementName><required>false</required><Geometry z:Ref="i355"/><Material z:Ref="i358"/><Origin z:Ref="i352"/></URDFElement><URDFElement z:Id="i364" i:type="Collision"><Attributes/><ChildElements><URDFElement z:Id="i365" i:type="Origin"><Attributes><Attribute z:Id="i366"><AttributeType>xyz</AttributeType><IsRequired>true</IsRequired><Value i:type="a:ArrayOfdouble" xmlns:a="http://schemas.microsoft.com/2003/10/Serialization/Arrays"><a:double>0</a:double><a:double>0</a:double><a:double>0</a:double></Value></Attribute><Attribute z:Id="i367"><AttributeType>rpy</AttributeType><IsRequired>true</IsRequired><Value i:type="a:ArrayOfdouble" xmlns:a="http://schemas.microsoft.com/2003/10/Serialization/Arrays"><a:double>0</a:double><a:double>0</a:double><a:double>0</a:double></Value></Attribute></Attributes><ChildElements/><ElementName>origin</ElementName><required>false</required><RPYAttribute z:Ref="i367"/><XYZAttribute z:Ref="i366"/><isCustomized>false</isCustomized></URDFElement><URDFElement z:Id="i368" i:type="Geometry"><Attributes/><ChildElements><URDFElement z:Id="i369" i:type="Mesh"><Attributes><Attribute z:Id="i370"><AttributeType>filename</AttributeType><IsRequired>true</IsRequired><Value i:nil="true"/></Attribute></Attributes><ChildElements/><ElementName>mesh</ElementName><required>false</required><FilenameAttribute z:Ref="i370"/></URDFElement></ChildElements><ElementName>geometry</ElementName><required>true</required><Mesh z:Ref="i369"/></URDFElement></ChildElements><ElementName>collision</ElementName><required>false</required><Geometry z:Ref="i368"/><Origin z:Ref="i365"/></URDFElement><URDFElement z:Id="i371" i:type="Joint"><Attributes><Attribute z:Id="i372"><AttributeType>name</AttributeType><IsRequired>true</IsRequired><Value i:type="a:string" xmlns:a="http://www.w3.org/2001/XMLSchema">joint_5</Value></Attribute><Attribute z:Id="i373"><AttributeType>type</AttributeType><IsRequired>true</IsRequired><Value i:type="a:string" xmlns:a="http://www.w3.org/2001/XMLSchema">prismatic</Value></Attribute></Attributes><ChildElements><URDFElement z:Id="i374" i:type="Origin"><Attributes><Attribute z:Id="i375"><AttributeType>xyz</AttributeType><IsRequired>true</IsRequired><Value i:type="a:ArrayOfdouble" xmlns:a="http://schemas.microsoft.com/2003/10/Serialization/Arrays"><a:double>-0.071065</a:double><a:double>0.007</a:double><a:double>0.030039</a:double></Value></Attribute><Attribute z:Id="i376"><AttributeType>rpy</AttributeType><IsRequired>true</IsRequired><Value i:type="a:ArrayOfdouble" xmlns:a="http://schemas.microsoft.com/2003/10/Serialization/Arrays"><a:double>-1.5838</a:double><a:double>1.5708</a:double><a:double>-0.013243</a:double></Value></Attribute></Attributes><ChildElements/><ElementName>origin</ElementName><required>false</required><RPYAttribute z:Ref="i376"/><XYZAttribute z:Ref="i375"/><isCustomized>false</isCustomized></URDFElement><URDFElement z:Id="i377" i:type="ParentLink"><Attributes><Attribute z:Id="i378"><AttributeType>link</AttributeType><IsRequired>true</IsRequired><Value i:type="a:string" xmlns:a="http://www.w3.org/2001/XMLSchema">Link_4</Value></Attribute></Attributes><ChildElements/><ElementName>parent</ElementName><required>true</required><NameAttribute z:Ref="i378"/></URDFElement><URDFElement z:Id="i379" i:type="ChildLink"><Attributes><Attribute z:Id="i380"><AttributeType>link</AttributeType><IsRequired>true</IsRequired><Value i:type="a:string" xmlns:a="http://www.w3.org/2001/XMLSchema">grab</Value></Attribute></Attributes><ChildElements/><ElementName>child</ElementName><required>true</required><NameAttribute z:Ref="i380"/></URDFElement><URDFElement z:Id="i381" i:type="Axis"><Attributes><Attribute z:Id="i382"><AttributeType>xyz</AttributeType><IsRequired>true</IsRequired><Value i:type="a:ArrayOfdouble" xmlns:a="http://schemas.microsoft.com/2003/10/Serialization/Arrays"><a:double>0</a:double><a:double>0</a:double><a:double>1</a:double></Value></Attribute></Attributes><ChildElements/><ElementName>axis</ElementName><required>false</required><XYZAttribute z:Ref="i382"/></URDFElement><URDFElement z:Id="i383" i:type="Limit"><Attributes><Attribute z:Id="i384"><AttributeType>lower</AttributeType><IsRequired>true</IsRequired><Value i:type="a:double" xmlns:a="http://www.w3.org/2001/XMLSchema">0</Value></Attribute><Attribute z:Id="i385"><AttributeType>upper</AttributeType><IsRequired>true</IsRequired><Value i:type="a:double" xmlns:a="http://www.w3.org/2001/XMLSchema">1.57</Value></Attribute><Attribute z:Id="i386"><AttributeType>effort</AttributeType><IsRequired>true</IsRequired><Value i:type="a:double" xmlns:a="http://www.w3.org/2001/XMLSchema">17</Value></Attribute><Attribute z:Id="i387"><AttributeType>velocity</AttributeType><IsRequired>true</IsRequired><Value i:type="a:double" xmlns:a="http://www.w3.org/2001/XMLSchema">1</Value></Attribute></Attributes><ChildElements/><ElementName>limit</ElementName><required>true</required><EffortAttribute z:Ref="i386"/><LowerAttribute z:Ref="i384"/><UpperAttribute z:Ref="i385"/><VelocityAttribute z:Ref="i387"/></URDFElement><URDFElement z:Id="i388" i:type="Calibration"><Attributes><Attribute z:Id="i389"><AttributeType>rising</AttributeType><IsRequired>false</IsRequired><Value i:nil="true"/></Attribute><Attribute z:Id="i390"><AttributeType>falling</AttributeType><IsRequired>false</IsRequired><Value i:nil="true"/></Attribute></Attributes><ChildElements/><ElementName>calibration</ElementName><required>false</required><FallingAttribute z:Ref="i390"/><RisingAttribute z:Ref="i389"/></URDFElement><URDFElement z:Id="i391" i:type="Dynamics"><Attributes><Attribute z:Id="i392"><AttributeType>damping</AttributeType><IsRequired>false</IsRequired><Value i:nil="true"/></Attribute><Attribute z:Id="i393"><AttributeType>friction</AttributeType><IsRequired>false</IsRequired><Value i:nil="true"/></Attribute></Attributes><ChildElements/><ElementName>dynamics</ElementName><required>false</required><DampingAttribute z:Ref="i392"/><FrictionAttribute z:Ref="i393"/></URDFElement><URDFElement z:Id="i394" i:type="SafetyController"><Attributes><Attribute z:Id="i395"><AttributeType>soft_upper_limit</AttributeType><IsRequired>false</IsRequired><Value i:nil="true"/></Attribute><Attribute z:Id="i396"><AttributeType>soft_lower_limit</AttributeType><IsRequired>false</IsRequired><Value i:nil="true"/></Attribute><Attribute z:Id="i397"><AttributeType>k_position</AttributeType><IsRequired>false</IsRequired><Value i:nil="true"/></Attribute><Attribute z:Id="i398"><AttributeType>k_velocity</AttributeType><IsRequired>true</IsRequired><Value i:nil="true"/></Attribute></Attributes><ChildElements/><ElementName>safety_controller</ElementName><required>false</required><KPositionAttribute z:Ref="i397"/><KVelocityAttribute z:Ref="i398"/><SoftLowerAttribute z:Ref="i396"/><SoftUpperAttribute z:Ref="i395"/></URDFElement><URDFElement z:Id="i399" i:type="Mimic"><Attributes><Attribute z:Id="i400"><AttributeType>joint</AttributeType><IsRequired>true</IsRequired><Value i:nil="true"/></Attribute><Attribute z:Id="i401"><AttributeType>multiplier</AttributeType><IsRequired>false</IsRequired><Value i:nil="true"/></Attribute><Attribute z:Id="i402"><AttributeType>offset</AttributeType><IsRequired>false</IsRequired><Value i:nil="true"/></Attribute></Attributes><ChildElements/><ElementName>mimic</ElementName><required>false</required><JointNameAttribute z:Ref="i400"/><MultiplierAttribute z:Ref="i401"/><OffsetAttribute z:Ref="i402"/></URDFElement></ChildElements><ElementName>joint</ElementName><required>false</required><Axis z:Ref="i381"/><AxisName/><Calibration z:Ref="i388"/><Child z:Ref="i379"/><CoordinateSystemName>Origin_joint_52</CoordinateSystemName><Dynamics z:Ref="i391"/><Limit z:Ref="i383"/><Mimic z:Ref="i399"/><NameAttribute z:Ref="i372"/><Origin z:Ref="i374"/><Parent z:Ref="i377"/><Safety z:Ref="i394"/><TypeAttribute z:Ref="i373"/></URDFElement></ChildElements><ElementName>link</ElementName><required>true</required><Children/><Collision z:Ref="i364"/><Inertial z:Ref="i338"/><Joint z:Ref="i371"/><NameAttribute z:Ref="i337"/><Parent z:Ref="i269"/><STLQualityFine>false</STLQualityFine><SWComponentPIDs xmlns:a="http://schemas.microsoft.com/2003/10/Serialization/Arrays"><a:base64Binary>mDoAAAUAAAD//v8gZwAgADEALgBTAFQARQBQAC0AMQBAAHIAbwBiAG8AdABpAGMAIABhAHIAbQAgAG0AaQBuAGUALgBTAFQARQBQAAQAAAAQAAAAAQAAAAEAAAAyAAAA</a:base64Binary><a:base64Binary>mDoAAAUAAAD//v8gZwAgADIALgBTAFQARQBQAC0AMgBAAHIAbwBiAG8AdABpAGMAIABhAHIAbQAgAG0AaQBuAGUALgBTAFQARQBQAAQAAAAQAAAAAQAAAAEAAAA3AAAA</a:base64Binary><a:base64Binary>mDoAAAUAAAD//v8gZwAgADIALgBTAFQARQBQAC0AMQBAAHIAbwBiAG8AdABpAGMAIABhAHIAbQAgAG0AaQBuAGUALgBTAFQARQBQAAQAAAAQAAAAAQAAAAEAAAAzAAAA</a:base64Binary><a:base64Binary>mDoAAAUAAAD//v8fZwA1AC4AUwBUAEUAUAAtADMAQAByAG8AYgBvAHQAaQBjACAAYQByAG0AIABtAGkAbgBlAC4AUwBUAEUAUAAEAAAAEAAAAAEAAAABAAAAOgAAAA==</a:base64Binary><a:base64Binary>mDoAAAUAAAD//v8gZwAgADMALgBTAFQARQBQAC0ANQBAAHIAbwBiAG8AdABpAGMAIABhAHIAbQAgAG0AaQBuAGUALgBTAFQARQBQAAQAAAAQAAAAAQAAAAEAAAA+AAAA</a:base64Binary><a:base64Binary>mDoAAAUAAAD//v8gZwAgADMALgBTAFQARQBQAC0AMQBAAHIAbwBiAG8AdABpAGMAIABhAHIAbQAgAG0AaQBuAGUALgBTAFQARQBQAAQAAAAQAAAAAQAAAAEAAAA0AAAA</a:base64Binary><a:base64Binary>mDoAAAUAAAD//v8gZwAgADMALgBTAFQARQBQAC0AMgBAAHIAbwBiAG8AdABpAGMAIABhAHIAbQAgAG0AaQBuAGUALgBTAFQARQBQAAQAAAAQAAAAAQAAAAEAAAA4AAAA</a:base64Binary><a:base64Binary>mDoAAAUAAAD//v8fZwA1AC4AUwBUAEUAUAAtADQAQAByAG8AYgBvAHQAaQBjACAAYQByAG0AIABtAGkAbgBlAC4AUwBUAEUAUAAEAAAAEAAAAAEAAAABAAAAOwAAAA==</a:base64Binary><a:base64Binary>mDoAAAUAAAD//v8gZwAgADMALgBTAFQARQBQAC0AMwBAAHIAbwBiAG8AdABpAGMAIABhAHIAbQAgAG0AaQBuAGUALgBTAFQARQBQAAQAAAAQAAAAAQAAAAEAAAA8AAAA</a:base64Binary><a:base64Binary>mDoAAAUAAAD//v8fZwA1AC4AUwBUAEUAUAAtADIAQAByAG8AYgBvAHQAaQBjACAAYQByAG0AIABtAGkAbgBlAC4AUwBUAEUAUAAEAAAAEAAAAAEAAAABAAAAOQAAAA==</a:base64Binary><a:base64Binary>mDoAAAUAAAD//v8gZwAgADMALgBTAFQARQBQAC0ANgBAAHIAbwBiAG8AdABpAGMAIABhAHIAbQAgAG0AaQBuAGUALgBTAFQARQBQAAQAAAAQAAAAAQAAAAEAAAA/AAAA</a:base64Binary><a:base64Binary>mDoAAAUAAAD//v8fZwA1AC4AUwBUAEUAUAAtADEAQAByAG8AYgBvAHQAaQBjACAAYQByAG0AIABtAGkAbgBlAC4AUwBUAEUAUAAEAAAAEAAAAAEAAAABAAAANQAAAA==</a:base64Binary><a:base64Binary>mDoAAAUAAAD//v8gZwAgADMALgBTAFQARQBQAC0ANABAAHIAbwBiAG8AdABpAGMAIABhAHIAbQAgAG0AaQBuAGUALgBTAFQARQBQAAQAAAAQAAAAAQAAAAEAAAA9AAAA</a:base64Binary></SWComponentPIDs><SWMainComponentPID i:nil="true"/><Visual z:Ref="i351"/><isFixedFrame>false</isFixedFrame><isIncomplete>false</isIncomplete></Link></Children><Collision z:Ref="i297"/><Inertial z:Ref="i271"/><Joint z:Ref="i304"/><NameAttribute z:Ref="i270"/><Parent z:Ref="i202"/><STLQualityFine>false</STLQualityFine><SWComponentPIDs xmlns:a="http://schemas.microsoft.com/2003/10/Serialization/Arrays"><a:base64Binary>mDoAAAUAAAD//v8nUwBIAE8AUgBUACAAUwBJAEQARQAuAFMAVABFAFAALQAyAEAAcgBvAGIAbwB0AGkAYwAgAGEAcgBtACAAbQBpAG4AZQAuAFMAVABFAFAABAAAABAAAAABAAAAAQAAAB0AAAA=</a:base64Binary><a:base64Binary>mDoAAAUAAAD//v8ocwBlAHIAdgBvACAAbQBvAHQAbwByAC4AUwBUAEUAUAAtADEAQAByAG8AYgBvAHQAaQBjACAAYQByAG0AIABtAGkAbgBlAC4AUwBUAEUAUAAEAAAAEAAAAAEAAAABAAAAJAAAAA==</a:base64Binary><a:base64Binary>mDoAAAUAAAD//v8gNgAuADIALgBTAFQARQBQAC0AMQBAAHIAbwBiAG8AdABpAGMAIABhAHIAbQAgAG0AaQBuAGUALgBTAFQARQBQAAQAAAAQAAAAAQAAAAEAAAAjAAAA</a:base64Binary><a:base64Binary>mDoAAAUAAAD//v8fZwA2AC4AUwBUAEUAUAAtADEAQAByAG8AYgBvAHQAaQBjACAAYQByAG0AIABtAGkAbgBlAC4AUwBUAEUAUAAEAAAAEAAAAAEAAAABAAAANgAAAA==</a:base64Binary></SWComponentPIDs><SWMainComponentPID i:nil="true"/><Visual z:Ref="i284"/><isFixedFrame>false</isFixedFrame><isIncomplete>false</isIncomplete></Link></Children><Collision z:Ref="i230"/><Inertial z:Ref="i204"/><Joint z:Ref="i237"/><NameAttribute z:Ref="i203"/><Parent z:Ref="i135"/><STLQualityFine>false</STLQualityFine><SWComponentPIDs xmlns:a="http://schemas.microsoft.com/2003/10/Serialization/Arrays"><a:base64Binary>mDoAAAUAAAD//v8fMQAzAC4AUwBUAEUAUAAtADEAQAByAG8AYgBvAHQAaQBjACAAYQByAG0AIABtAGkAbgBlAC4AUwBUAEUAUAAEAAAAEAAAAAEAAAABAAAAIgAAAA==</a:base64Binary><a:base64Binary>mDoAAAUAAAD//v8ocwBlAHIAdgBvACAAbQBvAHQAbwByAC4AUwBUAEUAUAAtADIAQAByAG8AYgBvAHQAaQBjACAAYQByAG0AIABtAGkAbgBlAC4AUwBUAEUAUAAEAAAAEAAAAAEAAAABAAAAKgAAAA==</a:base64Binary><a:base64Binary>mDoAAAUAAAD//v8lQgBJAEcAIABTAEkARABFAC4AUwBUAEUAUAAtADMAQAByAG8AYgBvAHQAaQBjACAAYQByAG0AIABtAGkAbgBlAC4AUwBUAEUAUAAEAAAAEAAAAAEAAAABAAAAHAAAAA==</a:base64Binary></SWComponentPIDs><SWMainComponentPID i:nil="true"/><Visual z:Ref="i217"/><isFixedFrame>false</isFixedFrame><isIncomplete>false</isIncomplete></Link></Children><Collision z:Ref="i163"/><Inertial z:Ref="i137"/><Joint z:Ref="i170"/><NameAttribute z:Ref="i136"/><Parent z:Ref="i68"/><STLQualityFine>false</STLQualityFine><SWComponentPIDs xmlns:a="http://schemas.microsoft.com/2003/10/Serialization/Arrays"><a:base64Binary>mDoAAAUAAAD//v8lQgBJAEcAIABTAEkARABFAC4AUwBUAEUAUAAtADEAQAByAG8AYgBvAHQAaQBjACAAYQByAG0AIABtAGkAbgBlAC4AUwBUAEUAUAAEAAAAEAAAAAEAAAABAAAAGQAAAA==</a:base64Binary><a:base64Binary>mDoAAAUAAAD//v8fMQA1AC4AUwBUAEUAUAAtADEAQAByAG8AYgBvAHQAaQBjACAAYQByAG0AIABtAGkAbgBlAC4AUwBUAEUAUAAEAAAAEAAAAAEAAAABAAAAIQAAAA==</a:base64Binary><a:base64Binary>mDoAAAUAAAD//v8lQgBJAEcAIABTAEkARABFAC4AUwBUAEUAUAAtADIAQAByAG8AYgBvAHQAaQBjACAAYQByAG0AIABtAGkAbgBlAC4AUwBUAEUAUAAEAAAAEAAAAAEAAAABAAAAGwAAAA==</a:base64Binary></SWComponentPIDs><SWMainComponentPID i:nil="true"/><Visual z:Ref="i150"/><isFixedFrame>false</isFixedFrame><isIncomplete>false</isIncomplete></Link></Children><Collision z:Ref="i96"/><Inertial z:Ref="i70"/><Joint z:Ref="i103"/><NameAttribute z:Ref="i69"/><Parent z:Ref="i1"/><STLQualityFine>false</STLQualityFine><SWComponentPIDs xmlns:a="http://schemas.microsoft.com/2003/10/Serialization/Arrays"><a:base64Binary>mDoAAAUAAAD//v8nUwBIAE8AUgBUACAAUwBJAEQARQAuAFMAVABFAFAALQAxAEAAcgBvAGIAbwB0AGkAYwAgAGEAcgBtACAAbQBpAG4AZQAuAFMAVABFAFAABAAAABAAAAABAAAAAQAAABoAAAA=</a:base64Binary><a:base64Binary>mDoAAAUAAAD//v8ocwBlAHIAdgBvACAAbQBvAHQAbwByAC4AUwBUAEUAUAAtADMAQAByAG8AYgBvAHQAaQBjACAAYQByAG0AIABtAGkAbgBlAC4AUwBUAEUAUAAEAAAAEAAAAAEAAAABAAAAMAAAAA==</a:base64Binary></SWComponentPIDs><SWMainComponentPID i:nil="true"/><Visual z:Ref="i83"/><isFixedFrame>false</isFixedFrame><isIncomplete>false</isIncomplete></Link></Children><Collision z:Ref="i29"/><Inertial z:Ref="i3"/><Joint z:Ref="i36"/><NameAttribute z:Ref="i2"/><Parent i:nil="true"/><STLQualityFine>false</STLQualityFine><SWComponentPIDs xmlns:a="http://schemas.microsoft.com/2003/10/Serialization/Arrays"><a:base64Binary>mDoAAAUAAAD//v8jcgBvAGwAbAAgADIALgBTAFQARQBQAC0AMQBAAHIAbwBiAG8AdABpAGMAIABhAHIAbQAgAG0AaQBuAGUALgBTAFQARQBQAAQAAAAQAAAAAQAAAAEAAABBAAAA</a:base64Binary><a:base64Binary>mDoAAAUAAAD//v8eRwAuAFMAVABFAFAALQAzAEAAcgBvAGIAbwB0AGkAYwAgAGEAcgBtACAAbQBpAG4AZQAuAFMAVABFAFAABAAAABAAAAABAAAAAQAAAC4AAAA=</a:base64Binary><a:base64Binary>mDoAAAUAAAD//v8lcQBxAHEAcQBxAHEAcQBxAC4AUwBUAEUAUAAtADEAQAByAG8AYgBvAHQAaQBjACAAYQByAG0AIABtAGkAbgBlAC4AUwBUAEUAUAAEAAAAEAAAAAEAAAABAAAAHwAAAA==</a:base64Binary><a:base64Binary>mDoAAAUAAAD//v8hbgBhAGkAbAAuAFMAVABFAFAALQA0AEAAcgBvAGIAbwB0AGkAYwAgAGEAcgBtACAAbQBpAG4AZQAuAFMAVABFAFAABAAAABAAAAABAAAAAQAAAEUAAAA=</a:base64Binary><a:base64Binary>mDoAAAUAAAD//v8hbgBhAGkAbAAuAFMAVABFAFAALQAxAEAAcgBvAGIAbwB0AGkAYwAgAGEAcgBtACAAbQBpAG4AZQAuAFMAVABFAFAABAAAABAAAAABAAAAAQAAAEIAAAA=</a:base64Binary><a:base64Binary>mDoAAAUAAAD//v8icwBlAHIAdgBvAC4AUwBUAEUAUAAtADEAQAByAG8AYgBvAHQAaQBjACAAYQByAG0AIABtAGkAbgBlAC4AUwBUAEUAUAAEAAAAEAAAAAEAAAABAAAAHgAAAA==</a:base64Binary><a:base64Binary>mDoAAAUAAAD//v8hcgBvAGwAbAAuAFMAVABFAFAALQAxAEAAcgBvAGIAbwB0AGkAYwAgAGEAcgBtACAAbQBpAG4AZQAuAFMAVABFAFAABAAAABAAAAABAAAAAQAAAEAAAAA=</a:base64Binary><a:base64Binary>mDoAAAUAAAD//v8hbgBhAGkAbAAuAFMAVABFAFAALQAzAEAAcgBvAGIAbwB0AGkAYwAgAGEAcgBtACAAbQBpAG4AZQAuAFMAVABFAFAABAAAABAAAAABAAAAAQAAAEQAAAA=</a:base64Binary><a:base64Binary>mDoAAAUAAAD//v8hbgBhAGkAbAAuAFMAVABFAFAALQAyAEAAcgBvAGIAbwB0AGkAYwAgAGEAcgBtACAAbQBpAG4AZQAuAFMAVABFAFAABAAAABAAAAABAAAAAQAAAEMAAAA=</a:base64Binary></SWComponentPIDs><SWMainComponentPID i:nil="true"/><Visual z:Ref="i16"/><isFixedFrame>false</isFixedFrame><isIncomplete>false</isIncomplete></Link>
2025-12-15 15:06:31,763 INFO  AssemblyExportForm.cs: 309 - Saving URDF package to F:\SWurdf\robotic arm mine.STEP.SLDASM
2025-12-15 15:06:31,770 INFO  ExportHelper.cs: 147 - Beginning the export process
2025-12-15 15:06:31,775 INFO  ExportHelper.cs: 153 - Creating package directories with name robotic arm mine.STEP.SLDASM and save path F:\SWurdf
2025-12-15 15:06:36,690 INFO  ExportHelper.cs: 162 - Creating CMakeLists.txt at F:\SWurdf\robotic arm mine.STEP.SLDASM\CMakeLists.txt
2025-12-15 15:06:36,693 INFO  ExportHelper.cs: 166 - Creating joint names config at F:\SWurdf\robotic arm mine.STEP.SLDASM\config\joint_names_robotic arm mine.STEP.SLDASM.yaml
2025-12-15 15:06:36,696 INFO  ExportHelper.cs: 170 - Creating package.xml at F:\SWurdf\robotic arm mine.STEP.SLDASM\package.xml
2025-12-15 15:06:36,700 INFO  PackageXMLWriter.cs: 21 - Creating package.xml at F:\SWurdf\robotic arm mine.STEP.SLDASM\package.xml
2025-12-15 15:06:36,711 INFO  ExportHelper.cs: 177 - Creating RVIZ launch file in F:\SWurdf\robotic arm mine.STEP.SLDASM\launch\
2025-12-15 15:06:36,726 INFO  ExportHelper.cs: 182 - Creating Gazebo launch file in F:\SWurdf\robotic arm mine.STEP.SLDASM\launch\
2025-12-15 15:06:36,728 INFO  ExportHelper.cs: 187 - Saving existing STL preferences
2025-12-15 15:06:36,729 INFO  ExportHelper.cs: 450 - Saving users preferences
2025-12-15 15:06:36,731 INFO  ExportHelper.cs: 190 - Modifying STL preferences
2025-12-15 15:06:36,731 INFO  ExportHelper.cs: 464 - Setting STL preferences
2025-12-15 15:06:36,751 INFO  ExportHelper.cs: 196 - Found 0 hidden components 
2025-12-15 15:06:36,752 INFO  ExportHelper.cs: 197 - Hiding all components
2025-12-15 15:06:37,040 INFO  ExportHelper.cs: 204 - Beginning individual files export
2025-12-15 15:06:37,044 INFO  ExportHelper.cs: 270 - Exporting link: base_link
2025-12-15 15:06:37,045 INFO  ExportHelper.cs: 272 - Link base_link has 1 children
2025-12-15 15:06:37,047 INFO  ExportHelper.cs: 270 - Exporting link: link_1
2025-12-15 15:06:37,048 INFO  ExportHelper.cs: 272 - Link link_1 has 1 children
2025-12-15 15:06:37,051 INFO  ExportHelper.cs: 270 - Exporting link: link_2
2025-12-15 15:06:37,052 INFO  ExportHelper.cs: 272 - Link link_2 has 1 children
2025-12-15 15:06:37,055 INFO  ExportHelper.cs: 270 - Exporting link: link_3
2025-12-15 15:06:37,056 INFO  ExportHelper.cs: 272 - Link link_3 has 1 children
2025-12-15 15:06:37,059 INFO  ExportHelper.cs: 270 - Exporting link: Link_4
2025-12-15 15:06:37,059 INFO  ExportHelper.cs: 272 - Link Link_4 has 1 children
2025-12-15 15:06:37,062 INFO  ExportHelper.cs: 270 - Exporting link: grab
2025-12-15 15:06:37,063 INFO  ExportHelper.cs: 272 - Link grab has 0 children
2025-12-15 15:06:37,065 INFO  ExportHelper.cs: 317 - grab: Exporting STL with coordinate frame Origin_joint_52
2025-12-15 15:06:37,065 INFO  ExportHelper.cs: 322 - grab: Reference geometry name 
2025-12-15 15:06:37,347 INFO  ExportHelper.cs: 330 - Saving STL to F:\SWurdf\robotic arm mine.STEP.SLDASM\meshes\grab.STL
2025-12-15 15:06:38,672 INFO  ExportHelper.cs: 405 - Removing SW header in STL file
2025-12-15 15:06:38,674 INFO  ExportHelper.cs: 317 - Link_4: Exporting STL with coordinate frame Origin_joint_42
2025-12-15 15:06:38,675 INFO  ExportHelper.cs: 322 - Link_4: Reference geometry name 
2025-12-15 15:06:38,715 INFO  ExportHelper.cs: 330 - Saving STL to F:\SWurdf\robotic arm mine.STEP.SLDASM\meshes\Link_4.STL
2025-12-15 15:06:38,938 INFO  ExportHelper.cs: 405 - Removing SW header in STL file
2025-12-15 15:06:38,940 INFO  ExportHelper.cs: 317 - link_3: Exporting STL with coordinate frame Origin_joint_32
2025-12-15 15:06:38,941 INFO  ExportHelper.cs: 322 - link_3: Reference geometry name 
2025-12-15 15:06:39,053 INFO  ExportHelper.cs: 330 - Saving STL to F:\SWurdf\robotic arm mine.STEP.SLDASM\meshes\link_3.STL
2025-12-15 15:06:39,240 INFO  ExportHelper.cs: 405 - Removing SW header in STL file
2025-12-15 15:06:39,242 INFO  ExportHelper.cs: 317 - link_2: Exporting STL with coordinate frame Origin_joint_22
2025-12-15 15:06:39,242 INFO  ExportHelper.cs: 322 - link_2: Reference geometry name 
2025-12-15 15:06:39,270 INFO  ExportHelper.cs: 330 - Saving STL to F:\SWurdf\robotic arm mine.STEP.SLDASM\meshes\link_2.STL
2025-12-15 15:06:39,393 INFO  ExportHelper.cs: 405 - Removing SW header in STL file
2025-12-15 15:06:39,394 INFO  ExportHelper.cs: 317 - link_1: Exporting STL with coordinate frame Origin_joint_12
2025-12-15 15:06:39,394 INFO  ExportHelper.cs: 322 - link_1: Reference geometry name 
2025-12-15 15:06:39,415 INFO  ExportHelper.cs: 330 - Saving STL to F:\SWurdf\robotic arm mine.STEP.SLDASM\meshes\link_1.STL
2025-12-15 15:06:39,571 INFO  ExportHelper.cs: 405 - Removing SW header in STL file
2025-12-15 15:06:39,572 INFO  ExportHelper.cs: 317 - base_link: Exporting STL with coordinate frame Origin_global
2025-12-15 15:06:39,573 INFO  ExportHelper.cs: 322 - base_link: Reference geometry name 
2025-12-15 15:06:39,631 INFO  ExportHelper.cs: 330 - Saving STL to F:\SWurdf\robotic arm mine.STEP.SLDASM\meshes\base_link.STL
2025-12-15 15:06:40,055 INFO  ExportHelper.cs: 405 - Removing SW header in STL file
2025-12-15 15:06:40,057 INFO  ExportHelper.cs: 145 - Showing all components except previously hidden components
2025-12-15 15:06:40,600 INFO  ExportHelper.cs: 145 - Resetting STL preferences
2025-12-15 15:06:40,600 INFO  ExportHelper.cs: 478 - Returning STL preferences to user preferences
2025-12-15 15:06:40,601 INFO  ExportHelper.cs: 228 - Writing URDF file to F:\SWurdf\robotic arm mine.STEP.SLDASM\urdf\robotic arm mine.STEP.SLDASM.urdf
2025-12-15 15:06:40,740 INFO  CSVImportExport.cs: 32 - Writing CSV file F:\SWurdf\robotic arm mine.STEP.SLDASM\urdf\robotic arm mine.STEP.SLDASM.csv
2025-12-15 15:06:40,790 ERROR CSVImportExport.cs: 130 - The following columns were not written to the CSV: Link.Joint.ChildLink.link,
2025-12-15 15:06:40,791 ERROR CSVImportExport.cs: 130 - The following columns were not written to the CSV: Link.Joint.ChildLink.link,
2025-12-15 15:06:40,807 ERROR CSVImportExport.cs: 130 - The following columns were not written to the CSV: Link.Joint.ChildLink.link,
2025-12-15 15:06:40,808 ERROR CSVImportExport.cs: 130 - The following columns were not written to the CSV: Link.Joint.ChildLink.link,
2025-12-15 15:06:40,808 ERROR CSVImportExport.cs: 130 - The following columns were not written to the CSV: Link.Joint.ChildLink.link,
2025-12-15 15:06:40,808 ERROR CSVImportExport.cs: 130 - The following columns were not written to the CSV: Link.Joint.ChildLink.link,
2025-12-15 15:06:40,810 INFO  ExportHelper.cs: 234 - Copying log file
2025-12-15 15:06:40,820 INFO  ExportHelper.cs: 439 - Copying C:\Users\86151\sw2urdf_logs\sw2urdf.log to F:\SWurdf\robotic arm mine.STEP.SLDASM\export.log
